claim_id,state,district,anomaly_type,severity,description,evidence
FRA-10018,Odisha,Keonjhar,LAND_MISMATCH,HIGH,Claimed land area differs significantly from the recorded land area.,Claimed: 10.6 ha | Recorded: 2.78 ha | Difference: 7.82 ha (73.8%)
FRA-10051,Chhattisgarh,Korba,LAND_MISMATCH,HIGH,Claimed land area differs significantly from the recorded land area.,Claimed: 9.47 ha | Recorded: 2.46 ha | Difference: 7.01 ha (74.0%)
FRA-10068,Odisha,Kandhamal,LAND_MISMATCH,HIGH,Claimed land area differs significantly from the recorded land area.,Claimed: 10.13 ha | Recorded: 2.05 ha | Difference: 8.08 ha (79.8%)
FRA-10126,Rajasthan,Pratapgarh,LAND_MISMATCH,HIGH,Claimed land area differs significantly from the recorded land area.,Claimed: 7.61 ha | Recorded: 1.89 ha | Difference: 5.72 ha (75.2%)
FRA-10176,Chhattisgarh,Bastar,LAND_MISMATCH,HIGH,Claimed land area differs significantly from the recorded land area.,Claimed: 10.35 ha | Recorded: 1.93 ha | Difference: 8.42 ha (81.4%)
FRA-10185,Odisha,Koraput,LAND_MISMATCH,HIGH,Claimed land area differs significantly from the recorded land area.,Claimed: 8.23 ha | Recorded: 0.57 ha | Difference: 7.66 ha (93.1%)
FRA-10198,Madhya Pradesh,Betul,LAND_MISMATCH,HIGH,Claimed land area differs significantly from the recorded land area.,Claimed: 5.48 ha | Recorded: 1.41 ha | Difference: 4.07 ha (74.3%)
FRA-10251,Chhattisgarh,Surguja,LAND_MISMATCH,HIGH,Claimed land area differs significantly from the recorded land area.,Claimed: 8.47 ha | Recorded: 0.85 ha | Difference: 7.62 ha (90.0%)
FRA-10262,Rajasthan,Pratapgarh,LAND_MISMATCH,HIGH,Claimed land area differs significantly from the recorded land area.,Claimed: 7.43 ha | Recorded: 0.65 ha | Difference: 6.78 ha (91.3%)
FRA-10286,Maharashtra,Gadchiroli,LAND_MISMATCH,HIGH,Claimed land area differs significantly from the recorded land area.,Claimed: 9.02 ha | Recorded: 2.49 ha | Difference: 6.53 ha (72.4%)
FRA-10332,Maharashtra,Nashik,LAND_MISMATCH,HIGH,Claimed land area differs significantly from the recorded land area.,Claimed: 7.53 ha | Recorded: 1.5 ha | Difference: 6.03 ha (80.1%)
FRA-10338,Jharkhand,Ranchi,LAND_MISMATCH,HIGH,Claimed land area differs significantly from the recorded land area.,Claimed: 7.07 ha | Recorded: 2.15 ha | Difference: 4.92 ha (69.6%)
FRA-10358,Odisha,Kandhamal,LAND_MISMATCH,HIGH,Claimed land area differs significantly from the recorded land area.,Claimed: 8.44 ha | Recorded: 2.48 ha | Difference: 5.96 ha (70.6%)
FRA-10397,Madhya Pradesh,Balaghat,LAND_MISMATCH,HIGH,Claimed land area differs significantly from the recorded land area.,Claimed: 8.11 ha | Recorded: 1.67 ha | Difference: 6.44 ha (79.4%)
FRA-10496,Maharashtra,Yavatmal,LAND_MISMATCH,HIGH,Claimed land area differs significantly from the recorded land area.,Claimed: 9.55 ha | Recorded: 0.58 ha | Difference: 8.97 ha (93.9%)
FRA-10506,Madhya Pradesh,Betul,LAND_MISMATCH,HIGH,Claimed land area differs significantly from the recorded land area.,Claimed: 10.93 ha | Recorded: 1.93 ha | Difference: 9.00 ha (82.3%)
FRA-10542,Odisha,Koraput,LAND_MISMATCH,HIGH,Claimed land area differs significantly from the recorded land area.,Claimed: 6.23 ha | Recorded: 2.86 ha | Difference: 3.37 ha (54.1%)
FRA-10597,Odisha,Sundargarh,LAND_MISMATCH,HIGH,Claimed land area differs significantly from the recorded land area.,Claimed: 10.56 ha | Recorded: 1.26 ha | Difference: 9.30 ha (88.1%)
FRA-10663,Rajasthan,Banswara,LAND_MISMATCH,HIGH,Claimed land area differs significantly from the recorded land area.,Claimed: 7.89 ha | Recorded: 1.77 ha | Difference: 6.12 ha (77.6%)
FRA-10778,Rajasthan,Dungarpur,LAND_MISMATCH,HIGH,Claimed land area differs significantly from the recorded land area.,Claimed: 5.36 ha | Recorded: 2.63 ha | Difference: 2.73 ha (50.9%)
FRA-10833,Madhya Pradesh,Betul,LAND_MISMATCH,HIGH,Claimed land area differs significantly from the recorded land area.,Claimed: 8.09 ha | Recorded: 0.99 ha | Difference: 7.10 ha (87.8%)
FRA-10837,Gujarat,Narmada,LAND_MISMATCH,HIGH,Claimed land area differs significantly from the recorded land area.,Claimed: 8.18 ha | Recorded: 2.49 ha | Difference: 5.69 ha (69.6%)
FRA-10845,Chhattisgarh,Surguja,LAND_MISMATCH,HIGH,Claimed land area differs significantly from the recorded land area.,Claimed: 11.57 ha | Recorded: 2.8 ha | Difference: 8.77 ha (75.8%)
FRA-10867,Odisha,Kandhamal,LAND_MISMATCH,HIGH,Claimed land area differs significantly from the recorded land area.,Claimed: 7.27 ha | Recorded: 1.43 ha | Difference: 5.84 ha (80.3%)
FRA-10911,Madhya Pradesh,Dindori,LAND_MISMATCH,HIGH,Claimed land area differs significantly from the recorded land area.,Claimed: 5.78 ha | Recorded: 2.05 ha | Difference: 3.73 ha (64.5%)
FRA-10918,Gujarat,Tapi,LAND_MISMATCH,HIGH,Claimed land area differs significantly from the recorded land area.,Claimed: 5.54 ha | Recorded: 2.43 ha | Difference: 3.11 ha (56.1%)
FRA-10931,Chhattisgarh,Korba,LAND_MISMATCH,HIGH,Claimed land area differs significantly from the recorded land area.,Claimed: 9.26 ha | Recorded: 1.42 ha | Difference: 7.84 ha (84.7%)
FRA-10935,Gujarat,Tapi,LAND_MISMATCH,HIGH,Claimed land area differs significantly from the recorded land area.,Claimed: 6.27 ha | Recorded: 2.21 ha | Difference: 4.06 ha (64.8%)
FRA-10948,Odisha,Sundargarh,LAND_MISMATCH,HIGH,Claimed land area differs significantly from the recorded land area.,Claimed: 5.01 ha | Recorded: 2.2 ha | Difference: 2.81 ha (56.1%)
FRA-10974,Gujarat,Narmada,LAND_MISMATCH,HIGH,Claimed land area differs significantly from the recorded land area.,Claimed: 11.48 ha | Recorded: 0.78 ha | Difference: 10.70 ha (93.2%)
FRA-10979,Odisha,Keonjhar,LAND_MISMATCH,HIGH,Claimed land area differs significantly from the recorded land area.,Claimed: 6.2 ha | Recorded: 0.57 ha | Difference: 5.63 ha (90.8%)
FRA-11090,Madhya Pradesh,Mandla,LAND_MISMATCH,HIGH,Claimed land area differs significantly from the recorded land area.,Claimed: 5.78 ha | Recorded: 1.23 ha | Difference: 4.55 ha (78.7%)
FRA-11144,Gujarat,Narmada,LAND_MISMATCH,HIGH,Claimed land area differs significantly from the recorded land area.,Claimed: 9.4 ha | Recorded: 2.79 ha | Difference: 6.61 ha (70.3%)
FRA-11177,Madhya Pradesh,Chhindwara,LAND_MISMATCH,HIGH,Claimed land area differs significantly from the recorded land area.,Claimed: 9.1 ha | Recorded: 1.29 ha | Difference: 7.81 ha (85.8%)
FRA-11202,Odisha,Mayurbhanj,LAND_MISMATCH,HIGH,Claimed land area differs significantly from the recorded land area.,Claimed: 5.04 ha | Recorded: 2.11 ha | Difference: 2.93 ha (58.1%)
FRA-11209,Maharashtra,Gadchiroli,LAND_MISMATCH,HIGH,Claimed land area differs significantly from the recorded land area.,Claimed: 8.02 ha | Recorded: 2.52 ha | Difference: 5.50 ha (68.6%)
FRA-11258,Rajasthan,Banswara,LAND_MISMATCH,HIGH,Claimed land area differs significantly from the recorded land area.,Claimed: 11.47 ha | Recorded: 1.48 ha | Difference: 9.99 ha (87.1%)
FRA-11287,Gujarat,Tapi,LAND_MISMATCH,HIGH,Claimed land area differs significantly from the recorded land area.,Claimed: 7.75 ha | Recorded: 2.09 ha | Difference: 5.66 ha (73.0%)
FRA-11312,Odisha,Sundargarh,LAND_MISMATCH,HIGH,Claimed land area differs significantly from the recorded land area.,Claimed: 8.35 ha | Recorded: 0.72 ha | Difference: 7.63 ha (91.4%)
FRA-11320,Gujarat,Dangs,LAND_MISMATCH,HIGH,Claimed land area differs significantly from the recorded land area.,Claimed: 8.71 ha | Recorded: 0.92 ha | Difference: 7.79 ha (89.4%)
FRA-11338,Chhattisgarh,Dantewada,LAND_MISMATCH,HIGH,Claimed land area differs significantly from the recorded land area.,Claimed: 7.04 ha | Recorded: 2.82 ha | Difference: 4.22 ha (59.9%)
FRA-11372,Odisha,Kandhamal,LAND_MISMATCH,HIGH,Claimed land area differs significantly from the recorded land area.,Claimed: 10.07 ha | Recorded: 1.18 ha | Difference: 8.89 ha (88.3%)
FRA-11421,Odisha,Sundargarh,LAND_MISMATCH,HIGH,Claimed land area differs significantly from the recorded land area.,Claimed: 8.17 ha | Recorded: 0.58 ha | Difference: 7.59 ha (92.9%)
FRA-11446,Chhattisgarh,Dantewada,LAND_MISMATCH,HIGH,Claimed land area differs significantly from the recorded land area.,Claimed: 6.28 ha | Recorded: 1.16 ha | Difference: 5.12 ha (81.5%)
FRA-11463,Jharkhand,Ranchi,LAND_MISMATCH,HIGH,Claimed land area differs significantly from the recorded land area.,Claimed: 11.7 ha | Recorded: 2.72 ha | Difference: 8.98 ha (76.8%)
FRA-11469,Gujarat,Tapi,LAND_MISMATCH,HIGH,Claimed land area differs significantly from the recorded land area.,Claimed: 11.03 ha | Recorded: 2.73 ha | Difference: 8.30 ha (75.2%)
FRA-11473,Rajasthan,Banswara,LAND_MISMATCH,HIGH,Claimed land area differs significantly from the recorded land area.,Claimed: 8.33 ha | Recorded: 1.85 ha | Difference: 6.48 ha (77.8%)
FRA-11475,Odisha,Kandhamal,LAND_MISMATCH,HIGH,Claimed land area differs significantly from the recorded land area.,Claimed: 8.99 ha | Recorded: 2.72 ha | Difference: 6.27 ha (69.7%)
FRA-11481,Maharashtra,Yavatmal,LAND_MISMATCH,HIGH,Claimed land area differs significantly from the recorded land area.,Claimed: 9.8 ha | Recorded: 1.17 ha | Difference: 8.63 ha (88.1%)
FRA-11483,Chhattisgarh,Bastar,LAND_MISMATCH,HIGH,Claimed land area differs significantly from the recorded land area.,Claimed: 10.2 ha | Recorded: 1.63 ha | Difference: 8.57 ha (84.0%)
FRA-11488,Chhattisgarh,Kanker,LAND_MISMATCH,HIGH,Claimed land area differs significantly from the recorded land area.,Claimed: 5.97 ha | Recorded: 0.84 ha | Difference: 5.13 ha (85.9%)
FRA-11502,Chhattisgarh,Kanker,LAND_MISMATCH,HIGH,Claimed land area differs significantly from the recorded land area.,Claimed: 6.33 ha | Recorded: 2.54 ha | Difference: 3.79 ha (59.9%)
FRA-11503,Chhattisgarh,Korba,LAND_MISMATCH,HIGH,Claimed land area differs significantly from the recorded land area.,Claimed: 6.9 ha | Recorded: 1.24 ha | Difference: 5.66 ha (82.0%)
FRA-11525,Odisha,Kandhamal,LAND_MISMATCH,HIGH,Claimed land area differs significantly from the recorded land area.,Claimed: 7.94 ha | Recorded: 1.07 ha | Difference: 6.87 ha (86.5%)
FRA-11551,Chhattisgarh,Korba,LAND_MISMATCH,HIGH,Claimed land area differs significantly from the recorded land area.,Claimed: 9.28 ha | Recorded: 1.68 ha | Difference: 7.60 ha (81.9%)
FRA-11555,Rajasthan,Banswara,LAND_MISMATCH,HIGH,Claimed land area differs significantly from the recorded land area.,Claimed: 7.87 ha | Recorded: 1.94 ha | Difference: 5.93 ha (75.3%)
FRA-11562,Odisha,Sundargarh,LAND_MISMATCH,HIGH,Claimed land area differs significantly from the recorded land area.,Claimed: 5.58 ha | Recorded: 1.3 ha | Difference: 4.28 ha (76.7%)
FRA-11575,Odisha,Sundargarh,LAND_MISMATCH,HIGH,Claimed land area differs significantly from the recorded land area.,Claimed: 8.1 ha | Recorded: 1.52 ha | Difference: 6.58 ha (81.2%)
FRA-11602,Madhya Pradesh,Dindori,LAND_MISMATCH,HIGH,Claimed land area differs significantly from the recorded land area.,Claimed: 6.31 ha | Recorded: 2.9 ha | Difference: 3.41 ha (54.0%)
FRA-11612,Jharkhand,Gumla,LAND_MISMATCH,HIGH,Claimed land area differs significantly from the recorded land area.,Claimed: 6.53 ha | Recorded: 0.96 ha | Difference: 5.57 ha (85.3%)
FRA-11643,Rajasthan,Sirohi,LAND_MISMATCH,HIGH,Claimed land area differs significantly from the recorded land area.,Claimed: 9.74 ha | Recorded: 0.55 ha | Difference: 9.19 ha (94.4%)
FRA-11711,Odisha,Koraput,LAND_MISMATCH,HIGH,Claimed land area differs significantly from the recorded land area.,Claimed: 11.33 ha | Recorded: 2.33 ha | Difference: 9.00 ha (79.4%)
FRA-11761,Maharashtra,Yavatmal,LAND_MISMATCH,HIGH,Claimed land area differs significantly from the recorded land area.,Claimed: 8.66 ha | Recorded: 1.47 ha | Difference: 7.19 ha (83.0%)
FRA-11796,Gujarat,Bharuch,LAND_MISMATCH,HIGH,Claimed land area differs significantly from the recorded land area.,Claimed: 11.69 ha | Recorded: 1.31 ha | Difference: 10.38 ha (88.8%)
FRA-11798,Jharkhand,Latehar,LAND_MISMATCH,HIGH,Claimed land area differs significantly from the recorded land area.,Claimed: 5.42 ha | Recorded: 1.31 ha | Difference: 4.11 ha (75.8%)
FRA-11862,Maharashtra,Nashik,LAND_MISMATCH,HIGH,Claimed land area differs significantly from the recorded land area.,Claimed: 6.38 ha | Recorded: 3.0 ha | Difference: 3.38 ha (53.0%)
FRA-11869,Chhattisgarh,Kanker,LAND_MISMATCH,HIGH,Claimed land area differs significantly from the recorded land area.,Claimed: 6.47 ha | Recorded: 1.45 ha | Difference: 5.02 ha (77.6%)
FRA-11910,Chhattisgarh,Bastar,LAND_MISMATCH,HIGH,Claimed land area differs significantly from the recorded land area.,Claimed: 7.99 ha | Recorded: 0.51 ha | Difference: 7.48 ha (93.6%)
FRA-11935,Gujarat,Bharuch,LAND_MISMATCH,HIGH,Claimed land area differs significantly from the recorded land area.,Claimed: 10.36 ha | Recorded: 1.18 ha | Difference: 9.18 ha (88.6%)
FRA-11988,Rajasthan,Pratapgarh,LAND_MISMATCH,HIGH,Claimed land area differs significantly from the recorded land area.,Claimed: 7.25 ha | Recorded: 1.49 ha | Difference: 5.76 ha (79.4%)
FRA-12059,Rajasthan,Dungarpur,LAND_MISMATCH,HIGH,Claimed land area differs significantly from the recorded land area.,Claimed: 9.65 ha | Recorded: 1.32 ha | Difference: 8.33 ha (86.3%)
FRA-12100,Maharashtra,Nashik,LAND_MISMATCH,HIGH,Claimed land area differs significantly from the recorded land area.,Claimed: 5.64 ha | Recorded: 1.38 ha | Difference: 4.26 ha (75.5%)
FRA-12109,Rajasthan,Pratapgarh,LAND_MISMATCH,HIGH,Claimed land area differs significantly from the recorded land area.,Claimed: 10.5 ha | Recorded: 2.07 ha | Difference: 8.43 ha (80.3%)
FRA-12148,Rajasthan,Pratapgarh,LAND_MISMATCH,HIGH,Claimed land area differs significantly from the recorded land area.,Claimed: 6.24 ha | Recorded: 2.44 ha | Difference: 3.80 ha (60.9%)
FRA-12192,Odisha,Kandhamal,LAND_MISMATCH,HIGH,Claimed land area differs significantly from the recorded land area.,Claimed: 7.53 ha | Recorded: 0.79 ha | Difference: 6.74 ha (89.5%)
FRA-12228,Rajasthan,Dungarpur,LAND_MISMATCH,HIGH,Claimed land area differs significantly from the recorded land area.,Claimed: 9.25 ha | Recorded: 2.03 ha | Difference: 7.22 ha (78.1%)
FRA-12230,Rajasthan,Pratapgarh,LAND_MISMATCH,HIGH,Claimed land area differs significantly from the recorded land area.,Claimed: 7.68 ha | Recorded: 1.06 ha | Difference: 6.62 ha (86.2%)
FRA-12236,Chhattisgarh,Dantewada,LAND_MISMATCH,HIGH,Claimed land area differs significantly from the recorded land area.,Claimed: 5.16 ha | Recorded: 0.74 ha | Difference: 4.42 ha (85.7%)
FRA-12251,Maharashtra,Yavatmal,LAND_MISMATCH,HIGH,Claimed land area differs significantly from the recorded land area.,Claimed: 9.94 ha | Recorded: 0.9 ha | Difference: 9.04 ha (90.9%)
FRA-12267,Jharkhand,Ranchi,LAND_MISMATCH,HIGH,Claimed land area differs significantly from the recorded land area.,Claimed: 6.25 ha | Recorded: 1.72 ha | Difference: 4.53 ha (72.5%)
FRA-12291,Rajasthan,Udaipur,LAND_MISMATCH,HIGH,Claimed land area differs significantly from the recorded land area.,Claimed: 8.3 ha | Recorded: 1.42 ha | Difference: 6.88 ha (82.9%)
FRA-12311,Gujarat,Bharuch,LAND_MISMATCH,HIGH,Claimed land area differs significantly from the recorded land area.,Claimed: 6.93 ha | Recorded: 2.45 ha | Difference: 4.48 ha (64.6%)
FRA-12346,Chhattisgarh,Korba,LAND_MISMATCH,HIGH,Claimed land area differs significantly from the recorded land area.,Claimed: 9.16 ha | Recorded: 2.08 ha | Difference: 7.08 ha (77.3%)
FRA-12355,Rajasthan,Pratapgarh,LAND_MISMATCH,HIGH,Claimed land area differs significantly from the recorded land area.,Claimed: 11.1 ha | Recorded: 0.93 ha | Difference: 10.17 ha (91.6%)
FRA-12395,Madhya Pradesh,Balaghat,LAND_MISMATCH,HIGH,Claimed land area differs significantly from the recorded land area.,Claimed: 10.51 ha | Recorded: 2.49 ha | Difference: 8.02 ha (76.3%)
FRA-12407,Chhattisgarh,Bastar,LAND_MISMATCH,HIGH,Claimed land area differs significantly from the recorded land area.,Claimed: 7.37 ha | Recorded: 0.58 ha | Difference: 6.79 ha (92.1%)
FRA-12418,Maharashtra,Yavatmal,LAND_MISMATCH,HIGH,Claimed land area differs significantly from the recorded land area.,Claimed: 11.17 ha | Recorded: 1.7 ha | Difference: 9.47 ha (84.8%)
FRA-12473,Jharkhand,Simdega,LAND_MISMATCH,HIGH,Claimed land area differs significantly from the recorded land area.,Claimed: 9.07 ha | Recorded: 2.83 ha | Difference: 6.24 ha (68.8%)
FRA-12504,Rajasthan,Banswara,LAND_MISMATCH,HIGH,Claimed land area differs significantly from the recorded land area.,Claimed: 11.33 ha | Recorded: 0.81 ha | Difference: 10.52 ha (92.9%)
FRA-12521,Maharashtra,Gadchiroli,LAND_MISMATCH,HIGH,Claimed land area differs significantly from the recorded land area.,Claimed: 8.06 ha | Recorded: 1.82 ha | Difference: 6.24 ha (77.4%)
FRA-12539,Rajasthan,Banswara,LAND_MISMATCH,HIGH,Claimed land area differs significantly from the recorded land area.,Claimed: 8.35 ha | Recorded: 1.86 ha | Difference: 6.49 ha (77.7%)
FRA-12570,Gujarat,Valsad,LAND_MISMATCH,HIGH,Claimed land area differs significantly from the recorded land area.,Claimed: 9.74 ha | Recorded: 1.46 ha | Difference: 8.28 ha (85.0%)
FRA-12575,Odisha,Mayurbhanj,LAND_MISMATCH,HIGH,Claimed land area differs significantly from the recorded land area.,Claimed: 7.55 ha | Recorded: 1.77 ha | Difference: 5.78 ha (76.6%)
FRA-12611,Madhya Pradesh,Balaghat,LAND_MISMATCH,HIGH,Claimed land area differs significantly from the recorded land area.,Claimed: 11.64 ha | Recorded: 1.15 ha | Difference: 10.49 ha (90.1%)
FRA-12668,Jharkhand,Latehar,LAND_MISMATCH,HIGH,Claimed land area differs significantly from the recorded land area.,Claimed: 9.83 ha | Recorded: 1.6 ha | Difference: 8.23 ha (83.7%)
FRA-12697,Jharkhand,Latehar,LAND_MISMATCH,HIGH,Claimed land area differs significantly from the recorded land area.,Claimed: 8.92 ha | Recorded: 1.42 ha | Difference: 7.50 ha (84.1%)
FRA-12711,Odisha,Kandhamal,LAND_MISMATCH,HIGH,Claimed land area differs significantly from the recorded land area.,Claimed: 8.73 ha | Recorded: 2.81 ha | Difference: 5.92 ha (67.8%)
FRA-12754,Odisha,Sundargarh,LAND_MISMATCH,HIGH,Claimed land area differs significantly from the recorded land area.,Claimed: 7.76 ha | Recorded: 2.38 ha | Difference: 5.38 ha (69.3%)
FRA-12783,Chhattisgarh,Kanker,LAND_MISMATCH,HIGH,Claimed land area differs significantly from the recorded land area.,Claimed: 7.18 ha | Recorded: 2.52 ha | Difference: 4.66 ha (64.9%)
FRA-12786,Madhya Pradesh,Mandla,LAND_MISMATCH,HIGH,Claimed land area differs significantly from the recorded land area.,Claimed: 5.81 ha | Recorded: 2.12 ha | Difference: 3.69 ha (63.5%)
FRA-12788,Maharashtra,Nashik,LAND_MISMATCH,HIGH,Claimed land area differs significantly from the recorded land area.,Claimed: 11.93 ha | Recorded: 1.55 ha | Difference: 10.38 ha (87.0%)
FRA-12838,Madhya Pradesh,Betul,LAND_MISMATCH,HIGH,Claimed land area differs significantly from the recorded land area.,Claimed: 11.34 ha | Recorded: 1.23 ha | Difference: 10.11 ha (89.2%)
FRA-12887,Gujarat,Tapi,LAND_MISMATCH,HIGH,Claimed land area differs significantly from the recorded land area.,Claimed: 6.26 ha | Recorded: 1.61 ha | Difference: 4.65 ha (74.3%)
FRA-12939,Odisha,Kandhamal,LAND_MISMATCH,HIGH,Claimed land area differs significantly from the recorded land area.,Claimed: 10.95 ha | Recorded: 1.81 ha | Difference: 9.14 ha (83.5%)
FRA-12950,Gujarat,Narmada,LAND_MISMATCH,HIGH,Claimed land area differs significantly from the recorded land area.,Claimed: 11.65 ha | Recorded: 2.48 ha | Difference: 9.17 ha (78.7%)
FRA-12954,Chhattisgarh,Korba,LAND_MISMATCH,HIGH,Claimed land area differs significantly from the recorded land area.,Claimed: 8.42 ha | Recorded: 0.87 ha | Difference: 7.55 ha (89.7%)
FRA-13019,Gujarat,Dangs,LAND_MISMATCH,HIGH,Claimed land area differs significantly from the recorded land area.,Claimed: 8.31 ha | Recorded: 0.66 ha | Difference: 7.65 ha (92.1%)
FRA-13021,Madhya Pradesh,Balaghat,LAND_MISMATCH,HIGH,Claimed land area differs significantly from the recorded land area.,Claimed: 10.87 ha | Recorded: 2.36 ha | Difference: 8.51 ha (78.3%)
FRA-13039,Odisha,Koraput,LAND_MISMATCH,HIGH,Claimed land area differs significantly from the recorded land area.,Claimed: 6.71 ha | Recorded: 2.86 ha | Difference: 3.85 ha (57.4%)
FRA-13041,Jharkhand,Latehar,LAND_MISMATCH,HIGH,Claimed land area differs significantly from the recorded land area.,Claimed: 6.44 ha | Recorded: 2.7 ha | Difference: 3.74 ha (58.1%)
FRA-13053,Madhya Pradesh,Dindori,LAND_MISMATCH,HIGH,Claimed land area differs significantly from the recorded land area.,Claimed: 11.69 ha | Recorded: 2.11 ha | Difference: 9.58 ha (82.0%)
FRA-13061,Maharashtra,Amravati,LAND_MISMATCH,HIGH,Claimed land area differs significantly from the recorded land area.,Claimed: 11.5 ha | Recorded: 1.73 ha | Difference: 9.77 ha (85.0%)
FRA-13082,Chhattisgarh,Surguja,LAND_MISMATCH,HIGH,Claimed land area differs significantly from the recorded land area.,Claimed: 10.94 ha | Recorded: 1.68 ha | Difference: 9.26 ha (84.6%)
FRA-13088,Chhattisgarh,Dantewada,LAND_MISMATCH,HIGH,Claimed land area differs significantly from the recorded land area.,Claimed: 10.77 ha | Recorded: 0.81 ha | Difference: 9.96 ha (92.5%)
FRA-13107,Gujarat,Dangs,LAND_MISMATCH,HIGH,Claimed land area differs significantly from the recorded land area.,Claimed: 5.19 ha | Recorded: 1.63 ha | Difference: 3.56 ha (68.6%)
FRA-13110,Maharashtra,Amravati,LAND_MISMATCH,HIGH,Claimed land area differs significantly from the recorded land area.,Claimed: 7.99 ha | Recorded: 1.11 ha | Difference: 6.88 ha (86.1%)
FRA-13126,Maharashtra,Nandurbar,LAND_MISMATCH,HIGH,Claimed land area differs significantly from the recorded land area.,Claimed: 10.78 ha | Recorded: 1.79 ha | Difference: 8.99 ha (83.4%)
FRA-13134,Odisha,Mayurbhanj,LAND_MISMATCH,HIGH,Claimed land area differs significantly from the recorded land area.,Claimed: 6.45 ha | Recorded: 2.03 ha | Difference: 4.42 ha (68.5%)
FRA-13154,Gujarat,Valsad,LAND_MISMATCH,HIGH,Claimed land area differs significantly from the recorded land area.,Claimed: 7.2 ha | Recorded: 1.08 ha | Difference: 6.12 ha (85.0%)
FRA-13186,Odisha,Keonjhar,LAND_MISMATCH,HIGH,Claimed land area differs significantly from the recorded land area.,Claimed: 8.53 ha | Recorded: 2.29 ha | Difference: 6.24 ha (73.2%)
FRA-13202,Chhattisgarh,Dantewada,LAND_MISMATCH,HIGH,Claimed land area differs significantly from the recorded land area.,Claimed: 10.9 ha | Recorded: 1.84 ha | Difference: 9.06 ha (83.1%)
FRA-13237,Rajasthan,Sirohi,LAND_MISMATCH,HIGH,Claimed land area differs significantly from the recorded land area.,Claimed: 10.94 ha | Recorded: 2.32 ha | Difference: 8.62 ha (78.8%)
FRA-13243,Chhattisgarh,Korba,LAND_MISMATCH,HIGH,Claimed land area differs significantly from the recorded land area.,Claimed: 6.36 ha | Recorded: 2.33 ha | Difference: 4.03 ha (63.4%)
FRA-13258,Chhattisgarh,Korba,LAND_MISMATCH,HIGH,Claimed land area differs significantly from the recorded land area.,Claimed: 5.32 ha | Recorded: 2.12 ha | Difference: 3.20 ha (60.2%)
FRA-13281,Rajasthan,Dungarpur,LAND_MISMATCH,HIGH,Claimed land area differs significantly from the recorded land area.,Claimed: 10.28 ha | Recorded: 2.48 ha | Difference: 7.80 ha (75.9%)
FRA-13318,Chhattisgarh,Korba,LAND_MISMATCH,HIGH,Claimed land area differs significantly from the recorded land area.,Claimed: 5.25 ha | Recorded: 0.98 ha | Difference: 4.27 ha (81.3%)
FRA-13319,Gujarat,Narmada,LAND_MISMATCH,HIGH,Claimed land area differs significantly from the recorded land area.,Claimed: 11.96 ha | Recorded: 2.4 ha | Difference: 9.56 ha (79.9%)
FRA-13332,Madhya Pradesh,Chhindwara,LAND_MISMATCH,HIGH,Claimed land area differs significantly from the recorded land area.,Claimed: 10.78 ha | Recorded: 2.49 ha | Difference: 8.29 ha (76.9%)
FRA-13337,Madhya Pradesh,Chhindwara,LAND_MISMATCH,HIGH,Claimed land area differs significantly from the recorded land area.,Claimed: 5.28 ha | Recorded: 0.98 ha | Difference: 4.30 ha (81.4%)
FRA-13392,Madhya Pradesh,Dindori,LAND_MISMATCH,HIGH,Claimed land area differs significantly from the recorded land area.,Claimed: 11.45 ha | Recorded: 1.02 ha | Difference: 10.43 ha (91.1%)
FRA-13467,Jharkhand,Gumla,LAND_MISMATCH,HIGH,Claimed land area differs significantly from the recorded land area.,Claimed: 10.02 ha | Recorded: 1.16 ha | Difference: 8.86 ha (88.4%)
FRA-13509,Chhattisgarh,Korba,LAND_MISMATCH,HIGH,Claimed land area differs significantly from the recorded land area.,Claimed: 10.39 ha | Recorded: 2.56 ha | Difference: 7.83 ha (75.4%)
FRA-13518,Rajasthan,Banswara,LAND_MISMATCH,HIGH,Claimed land area differs significantly from the recorded land area.,Claimed: 6.73 ha | Recorded: 2.23 ha | Difference: 4.50 ha (66.9%)
FRA-13565,Odisha,Kandhamal,LAND_MISMATCH,HIGH,Claimed land area differs significantly from the recorded land area.,Claimed: 5.51 ha | Recorded: 2.46 ha | Difference: 3.05 ha (55.4%)
FRA-13572,Chhattisgarh,Korba,LAND_MISMATCH,HIGH,Claimed land area differs significantly from the recorded land area.,Claimed: 6.28 ha | Recorded: 2.12 ha | Difference: 4.16 ha (66.2%)
FRA-13596,Gujarat,Tapi,LAND_MISMATCH,HIGH,Claimed land area differs significantly from the recorded land area.,Claimed: 5.61 ha | Recorded: 2.73 ha | Difference: 2.88 ha (51.3%)
FRA-13630,Madhya Pradesh,Chhindwara,LAND_MISMATCH,HIGH,Claimed land area differs significantly from the recorded land area.,Claimed: 11.97 ha | Recorded: 2.53 ha | Difference: 9.44 ha (78.9%)
FRA-13637,Chhattisgarh,Kanker,LAND_MISMATCH,HIGH,Claimed land area differs significantly from the recorded land area.,Claimed: 7.85 ha | Recorded: 2.76 ha | Difference: 5.09 ha (64.8%)
FRA-13644,Madhya Pradesh,Mandla,LAND_MISMATCH,HIGH,Claimed land area differs significantly from the recorded land area.,Claimed: 8.51 ha | Recorded: 2.42 ha | Difference: 6.09 ha (71.6%)
FRA-13661,Chhattisgarh,Surguja,LAND_MISMATCH,HIGH,Claimed land area differs significantly from the recorded land area.,Claimed: 5.66 ha | Recorded: 1.33 ha | Difference: 4.33 ha (76.5%)
FRA-13684,Chhattisgarh,Korba,LAND_MISMATCH,HIGH,Claimed land area differs significantly from the recorded land area.,Claimed: 5.41 ha | Recorded: 0.67 ha | Difference: 4.74 ha (87.6%)
FRA-13702,Madhya Pradesh,Balaghat,LAND_MISMATCH,HIGH,Claimed land area differs significantly from the recorded land area.,Claimed: 7.26 ha | Recorded: 2.55 ha | Difference: 4.71 ha (64.9%)
FRA-13750,Chhattisgarh,Surguja,LAND_MISMATCH,HIGH,Claimed land area differs significantly from the recorded land area.,Claimed: 11.36 ha | Recorded: 2.06 ha | Difference: 9.30 ha (81.9%)
FRA-13752,Chhattisgarh,Dantewada,LAND_MISMATCH,HIGH,Claimed land area differs significantly from the recorded land area.,Claimed: 5.66 ha | Recorded: 2.77 ha | Difference: 2.89 ha (51.1%)
FRA-13763,Jharkhand,Ranchi,LAND_MISMATCH,HIGH,Claimed land area differs significantly from the recorded land area.,Claimed: 7.49 ha | Recorded: 2.91 ha | Difference: 4.58 ha (61.1%)
FRA-13766,Gujarat,Dangs,LAND_MISMATCH,HIGH,Claimed land area differs significantly from the recorded land area.,Claimed: 5.81 ha | Recorded: 2.4 ha | Difference: 3.41 ha (58.7%)
FRA-13787,Chhattisgarh,Kanker,LAND_MISMATCH,HIGH,Claimed land area differs significantly from the recorded land area.,Claimed: 9.23 ha | Recorded: 2.99 ha | Difference: 6.24 ha (67.6%)
FRA-13815,Rajasthan,Dungarpur,LAND_MISMATCH,HIGH,Claimed land area differs significantly from the recorded land area.,Claimed: 6.48 ha | Recorded: 0.66 ha | Difference: 5.82 ha (89.8%)
FRA-13824,Chhattisgarh,Kanker,LAND_MISMATCH,HIGH,Claimed land area differs significantly from the recorded land area.,Claimed: 10.2 ha | Recorded: 1.58 ha | Difference: 8.62 ha (84.5%)
FRA-13830,Rajasthan,Pratapgarh,LAND_MISMATCH,HIGH,Claimed land area differs significantly from the recorded land area.,Claimed: 9.15 ha | Recorded: 2.28 ha | Difference: 6.87 ha (75.1%)
FRA-13833,Odisha,Sundargarh,LAND_MISMATCH,HIGH,Claimed land area differs significantly from the recorded land area.,Claimed: 11.98 ha | Recorded: 1.85 ha | Difference: 10.13 ha (84.6%)
FRA-13840,Rajasthan,Pratapgarh,LAND_MISMATCH,HIGH,Claimed land area differs significantly from the recorded land area.,Claimed: 11.55 ha | Recorded: 1.05 ha | Difference: 10.50 ha (90.9%)
FRA-13848,Rajasthan,Udaipur,LAND_MISMATCH,HIGH,Claimed land area differs significantly from the recorded land area.,Claimed: 8.37 ha | Recorded: 2.23 ha | Difference: 6.14 ha (73.4%)
FRA-13883,Chhattisgarh,Surguja,LAND_MISMATCH,HIGH,Claimed land area differs significantly from the recorded land area.,Claimed: 5.88 ha | Recorded: 2.99 ha | Difference: 2.89 ha (49.1%)
FRA-13899,Odisha,Keonjhar,LAND_MISMATCH,HIGH,Claimed land area differs significantly from the recorded land area.,Claimed: 5.68 ha | Recorded: 2.53 ha | Difference: 3.15 ha (55.5%)
FRA-13911,Chhattisgarh,Dantewada,LAND_MISMATCH,HIGH,Claimed land area differs significantly from the recorded land area.,Claimed: 6.35 ha | Recorded: 1.68 ha | Difference: 4.67 ha (73.5%)
FRA-13914,Maharashtra,Nashik,LAND_MISMATCH,HIGH,Claimed land area differs significantly from the recorded land area.,Claimed: 10.92 ha | Recorded: 0.54 ha | Difference: 10.38 ha (95.1%)
FRA-13954,Madhya Pradesh,Chhindwara,LAND_MISMATCH,HIGH,Claimed land area differs significantly from the recorded land area.,Claimed: 11.31 ha | Recorded: 1.37 ha | Difference: 9.94 ha (87.9%)
FRA-13983,Rajasthan,Banswara,LAND_MISMATCH,HIGH,Claimed land area differs significantly from the recorded land area.,Claimed: 6.87 ha | Recorded: 2.59 ha | Difference: 4.28 ha (62.3%)
FRA-14010,Madhya Pradesh,Dindori,LAND_MISMATCH,HIGH,Claimed land area differs significantly from the recorded land area.,Claimed: 5.23 ha | Recorded: 2.07 ha | Difference: 3.16 ha (60.4%)
FRA-14011,Rajasthan,Udaipur,LAND_MISMATCH,HIGH,Claimed land area differs significantly from the recorded land area.,Claimed: 11.26 ha | Recorded: 2.15 ha | Difference: 9.11 ha (80.9%)
FRA-14046,Maharashtra,Nandurbar,LAND_MISMATCH,HIGH,Claimed land area differs significantly from the recorded land area.,Claimed: 5.68 ha | Recorded: 1.77 ha | Difference: 3.91 ha (68.8%)
FRA-14066,Chhattisgarh,Bastar,LAND_MISMATCH,HIGH,Claimed land area differs significantly from the recorded land area.,Claimed: 7.5 ha | Recorded: 1.91 ha | Difference: 5.59 ha (74.5%)
FRA-14086,Maharashtra,Nandurbar,LAND_MISMATCH,HIGH,Claimed land area differs significantly from the recorded land area.,Claimed: 7.51 ha | Recorded: 1.33 ha | Difference: 6.18 ha (82.3%)
FRA-14150,Odisha,Koraput,LAND_MISMATCH,HIGH,Claimed land area differs significantly from the recorded land area.,Claimed: 7.28 ha | Recorded: 1.63 ha | Difference: 5.65 ha (77.6%)
FRA-14153,Rajasthan,Sirohi,LAND_MISMATCH,HIGH,Claimed land area differs significantly from the recorded land area.,Claimed: 9.77 ha | Recorded: 2.12 ha | Difference: 7.65 ha (78.3%)
FRA-14294,Madhya Pradesh,Betul,LAND_MISMATCH,HIGH,Claimed land area differs significantly from the recorded land area.,Claimed: 7.91 ha | Recorded: 2.44 ha | Difference: 5.47 ha (69.2%)
FRA-14300,Rajasthan,Pratapgarh,LAND_MISMATCH,HIGH,Claimed land area differs significantly from the recorded land area.,Claimed: 10.59 ha | Recorded: 2.31 ha | Difference: 8.28 ha (78.2%)
FRA-14337,Rajasthan,Banswara,LAND_MISMATCH,HIGH,Claimed land area differs significantly from the recorded land area.,Claimed: 10.8 ha | Recorded: 0.96 ha | Difference: 9.84 ha (91.1%)
FRA-14356,Rajasthan,Pratapgarh,LAND_MISMATCH,HIGH,Claimed land area differs significantly from the recorded land area.,Claimed: 7.79 ha | Recorded: 1.09 ha | Difference: 6.70 ha (86.0%)
FRA-14438,Chhattisgarh,Kanker,LAND_MISMATCH,HIGH,Claimed land area differs significantly from the recorded land area.,Claimed: 7.71 ha | Recorded: 2.88 ha | Difference: 4.83 ha (62.6%)
FRA-14461,Madhya Pradesh,Dindori,LAND_MISMATCH,HIGH,Claimed land area differs significantly from the recorded land area.,Claimed: 8.81 ha | Recorded: 2.61 ha | Difference: 6.20 ha (70.4%)
FRA-14466,Jharkhand,Ranchi,LAND_MISMATCH,HIGH,Claimed land area differs significantly from the recorded land area.,Claimed: 11.65 ha | Recorded: 0.55 ha | Difference: 11.10 ha (95.3%)
FRA-14479,Gujarat,Dangs,LAND_MISMATCH,HIGH,Claimed land area differs significantly from the recorded land area.,Claimed: 6.41 ha | Recorded: 1.51 ha | Difference: 4.90 ha (76.4%)
FRA-14524,Odisha,Keonjhar,LAND_MISMATCH,HIGH,Claimed land area differs significantly from the recorded land area.,Claimed: 7.44 ha | Recorded: 2.7 ha | Difference: 4.74 ha (63.7%)
FRA-14527,Gujarat,Narmada,LAND_MISMATCH,HIGH,Claimed land area differs significantly from the recorded land area.,Claimed: 10.11 ha | Recorded: 0.91 ha | Difference: 9.20 ha (91.0%)
FRA-14550,Gujarat,Valsad,LAND_MISMATCH,HIGH,Claimed land area differs significantly from the recorded land area.,Claimed: 5.61 ha | Recorded: 1.23 ha | Difference: 4.38 ha (78.1%)
FRA-14599,Maharashtra,Nandurbar,LAND_MISMATCH,HIGH,Claimed land area differs significantly from the recorded land area.,Claimed: 7.7 ha | Recorded: 0.96 ha | Difference: 6.74 ha (87.5%)
FRA-14600,Chhattisgarh,Dantewada,LAND_MISMATCH,HIGH,Claimed land area differs significantly from the recorded land area.,Claimed: 11.14 ha | Recorded: 0.69 ha | Difference: 10.45 ha (93.8%)
FRA-14649,Jharkhand,Gumla,LAND_MISMATCH,HIGH,Claimed land area differs significantly from the recorded land area.,Claimed: 10.39 ha | Recorded: 0.59 ha | Difference: 9.80 ha (94.3%)
FRA-14667,Jharkhand,Ranchi,LAND_MISMATCH,HIGH,Claimed land area differs significantly from the recorded land area.,Claimed: 10.38 ha | Recorded: 1.04 ha | Difference: 9.34 ha (90.0%)
FRA-14681,Jharkhand,West Singhbhum,LAND_MISMATCH,HIGH,Claimed land area differs significantly from the recorded land area.,Claimed: 7.91 ha | Recorded: 1.22 ha | Difference: 6.69 ha (84.6%)
FRA-14691,Rajasthan,Pratapgarh,LAND_MISMATCH,HIGH,Claimed land area differs significantly from the recorded land area.,Claimed: 7.76 ha | Recorded: 2.35 ha | Difference: 5.41 ha (69.7%)
FRA-14715,Rajasthan,Banswara,LAND_MISMATCH,HIGH,Claimed land area differs significantly from the recorded land area.,Claimed: 5.79 ha | Recorded: 1.4 ha | Difference: 4.39 ha (75.8%)
FRA-14718,Rajasthan,Pratapgarh,LAND_MISMATCH,HIGH,Claimed land area differs significantly from the recorded land area.,Claimed: 7.39 ha | Recorded: 2.91 ha | Difference: 4.48 ha (60.6%)
FRA-14735,Maharashtra,Nandurbar,LAND_MISMATCH,HIGH,Claimed land area differs significantly from the recorded land area.,Claimed: 6.87 ha | Recorded: 2.8 ha | Difference: 4.07 ha (59.2%)
FRA-14783,Madhya Pradesh,Mandla,LAND_MISMATCH,HIGH,Claimed land area differs significantly from the recorded land area.,Claimed: 8.18 ha | Recorded: 2.18 ha | Difference: 6.00 ha (73.3%)
FRA-14790,Gujarat,Bharuch,LAND_MISMATCH,HIGH,Claimed land area differs significantly from the recorded land area.,Claimed: 7.32 ha | Recorded: 2.64 ha | Difference: 4.68 ha (63.9%)
FRA-14805,Maharashtra,Amravati,LAND_MISMATCH,HIGH,Claimed land area differs significantly from the recorded land area.,Claimed: 10.26 ha | Recorded: 1.63 ha | Difference: 8.63 ha (84.1%)
FRA-14846,Madhya Pradesh,Betul,LAND_MISMATCH,HIGH,Claimed land area differs significantly from the recorded land area.,Claimed: 10.23 ha | Recorded: 1.65 ha | Difference: 8.58 ha (83.9%)
FRA-14855,Rajasthan,Sirohi,LAND_MISMATCH,HIGH,Claimed land area differs significantly from the recorded land area.,Claimed: 7.39 ha | Recorded: 1.56 ha | Difference: 5.83 ha (78.9%)
FRA-14894,Gujarat,Tapi,LAND_MISMATCH,HIGH,Claimed land area differs significantly from the recorded land area.,Claimed: 7.26 ha | Recorded: 0.6 ha | Difference: 6.66 ha (91.7%)
FRA-14918,Odisha,Keonjhar,LAND_MISMATCH,HIGH,Claimed land area differs significantly from the recorded land area.,Claimed: 6.14 ha | Recorded: 0.83 ha | Difference: 5.31 ha (86.5%)
FRA-14921,Odisha,Mayurbhanj,LAND_MISMATCH,HIGH,Claimed land area differs significantly from the recorded land area.,Claimed: 6.08 ha | Recorded: 1.24 ha | Difference: 4.84 ha (79.6%)
FRA-14922,Gujarat,Narmada,LAND_MISMATCH,HIGH,Claimed land area differs significantly from the recorded land area.,Claimed: 5.42 ha | Recorded: 2.64 ha | Difference: 2.78 ha (51.3%)
FRA-14927,Odisha,Kandhamal,LAND_MISMATCH,HIGH,Claimed land area differs significantly from the recorded land area.,Claimed: 7.46 ha | Recorded: 0.92 ha | Difference: 6.54 ha (87.7%)
FRA-14945,Rajasthan,Udaipur,LAND_MISMATCH,HIGH,Claimed land area differs significantly from the recorded land area.,Claimed: 11.5 ha | Recorded: 1.7 ha | Difference: 9.80 ha (85.2%)
FRA-14974,Madhya Pradesh,Dindori,LAND_MISMATCH,HIGH,Claimed land area differs significantly from the recorded land area.,Claimed: 11.47 ha | Recorded: 1.82 ha | Difference: 9.65 ha (84.1%)
FRA-14980,Rajasthan,Banswara,LAND_MISMATCH,HIGH,Claimed land area differs significantly from the recorded land area.,Claimed: 5.42 ha | Recorded: 2.47 ha | Difference: 2.95 ha (54.4%)
FRA-14991,Odisha,Koraput,LAND_MISMATCH,HIGH,Claimed land area differs significantly from the recorded land area.,Claimed: 6.51 ha | Recorded: 0.73 ha | Difference: 5.78 ha (88.8%)
FRA-15007,Maharashtra,Nashik,LAND_MISMATCH,HIGH,Claimed land area differs significantly from the recorded land area.,Claimed: 5.75 ha | Recorded: 2.19 ha | Difference: 3.56 ha (61.9%)
FRA-15080,Jharkhand,Gumla,LAND_MISMATCH,HIGH,Claimed land area differs significantly from the recorded land area.,Claimed: 6.98 ha | Recorded: 2.27 ha | Difference: 4.71 ha (67.5%)
FRA-15082,Madhya Pradesh,Betul,LAND_MISMATCH,HIGH,Claimed land area differs significantly from the recorded land area.,Claimed: 8.73 ha | Recorded: 0.74 ha | Difference: 7.99 ha (91.5%)
FRA-15093,Jharkhand,West Singhbhum,LAND_MISMATCH,HIGH,Claimed land area differs significantly from the recorded land area.,Claimed: 7.27 ha | Recorded: 1.71 ha | Difference: 5.56 ha (76.5%)
FRA-15103,Rajasthan,Dungarpur,LAND_MISMATCH,HIGH,Claimed land area differs significantly from the recorded land area.,Claimed: 7.21 ha | Recorded: 2.59 ha | Difference: 4.62 ha (64.1%)
FRA-15104,Madhya Pradesh,Mandla,LAND_MISMATCH,HIGH,Claimed land area differs significantly from the recorded land area.,Claimed: 8.87 ha | Recorded: 0.89 ha | Difference: 7.98 ha (90.0%)
FRA-15111,Rajasthan,Banswara,LAND_MISMATCH,HIGH,Claimed land area differs significantly from the recorded land area.,Claimed: 9.02 ha | Recorded: 1.57 ha | Difference: 7.45 ha (82.6%)
FRA-15126,Rajasthan,Sirohi,LAND_MISMATCH,HIGH,Claimed land area differs significantly from the recorded land area.,Claimed: 10.12 ha | Recorded: 0.61 ha | Difference: 9.51 ha (94.0%)
FRA-15170,Odisha,Keonjhar,LAND_MISMATCH,HIGH,Claimed land area differs significantly from the recorded land area.,Claimed: 5.51 ha | Recorded: 1.7 ha | Difference: 3.81 ha (69.1%)
FRA-15198,Jharkhand,Simdega,LAND_MISMATCH,HIGH,Claimed land area differs significantly from the recorded land area.,Claimed: 5.06 ha | Recorded: 1.52 ha | Difference: 3.54 ha (70.0%)
FRA-15209,Rajasthan,Pratapgarh,LAND_MISMATCH,HIGH,Claimed land area differs significantly from the recorded land area.,Claimed: 11.34 ha | Recorded: 1.22 ha | Difference: 10.12 ha (89.2%)
FRA-15226,Rajasthan,Dungarpur,LAND_MISMATCH,HIGH,Claimed land area differs significantly from the recorded land area.,Claimed: 5.38 ha | Recorded: 1.67 ha | Difference: 3.71 ha (69.0%)
FRA-15232,Gujarat,Dangs,LAND_MISMATCH,HIGH,Claimed land area differs significantly from the recorded land area.,Claimed: 10.77 ha | Recorded: 2.97 ha | Difference: 7.80 ha (72.4%)
FRA-15234,Gujarat,Tapi,LAND_MISMATCH,HIGH,Claimed land area differs significantly from the recorded land area.,Claimed: 10.29 ha | Recorded: 0.6 ha | Difference: 9.69 ha (94.2%)
FRA-15257,Madhya Pradesh,Betul,LAND_MISMATCH,HIGH,Claimed land area differs significantly from the recorded land area.,Claimed: 5.18 ha | Recorded: 1.29 ha | Difference: 3.89 ha (75.1%)
FRA-15286,Rajasthan,Sirohi,LAND_MISMATCH,HIGH,Claimed land area differs significantly from the recorded land area.,Claimed: 9.21 ha | Recorded: 2.19 ha | Difference: 7.02 ha (76.2%)
FRA-15343,Maharashtra,Amravati,LAND_MISMATCH,HIGH,Claimed land area differs significantly from the recorded land area.,Claimed: 9.92 ha | Recorded: 1.59 ha | Difference: 8.33 ha (84.0%)
FRA-15384,Jharkhand,West Singhbhum,LAND_MISMATCH,HIGH,Claimed land area differs significantly from the recorded land area.,Claimed: 5.58 ha | Recorded: 1.71 ha | Difference: 3.87 ha (69.4%)
FRA-15422,Maharashtra,Nandurbar,LAND_MISMATCH,HIGH,Claimed land area differs significantly from the recorded land area.,Claimed: 9.97 ha | Recorded: 1.7 ha | Difference: 8.27 ha (82.9%)
FRA-15441,Rajasthan,Pratapgarh,LAND_MISMATCH,HIGH,Claimed land area differs significantly from the recorded land area.,Claimed: 8.77 ha | Recorded: 1.3 ha | Difference: 7.47 ha (85.2%)
FRA-15453,Madhya Pradesh,Chhindwara,LAND_MISMATCH,HIGH,Claimed land area differs significantly from the recorded land area.,Claimed: 6.88 ha | Recorded: 0.52 ha | Difference: 6.36 ha (92.4%)
FRA-15475,Gujarat,Bharuch,LAND_MISMATCH,HIGH,Claimed land area differs significantly from the recorded land area.,Claimed: 10.02 ha | Recorded: 1.26 ha | Difference: 8.76 ha (87.4%)
FRA-15487,Chhattisgarh,Kanker,LAND_MISMATCH,HIGH,Claimed land area differs significantly from the recorded land area.,Claimed: 10.48 ha | Recorded: 1.7 ha | Difference: 8.78 ha (83.8%)
FRA-15514,Gujarat,Valsad,LAND_MISMATCH,HIGH,Claimed land area differs significantly from the recorded land area.,Claimed: 8.07 ha | Recorded: 2.17 ha | Difference: 5.90 ha (73.1%)
FRA-15581,Gujarat,Narmada,LAND_MISMATCH,HIGH,Claimed land area differs significantly from the recorded land area.,Claimed: 9.54 ha | Recorded: 2.16 ha | Difference: 7.38 ha (77.4%)
FRA-15600,Chhattisgarh,Kanker,LAND_MISMATCH,HIGH,Claimed land area differs significantly from the recorded land area.,Claimed: 8.32 ha | Recorded: 2.29 ha | Difference: 6.03 ha (72.5%)
FRA-15626,Odisha,Mayurbhanj,LAND_MISMATCH,HIGH,Claimed land area differs significantly from the recorded land area.,Claimed: 7.31 ha | Recorded: 0.62 ha | Difference: 6.69 ha (91.5%)
FRA-15633,Odisha,Mayurbhanj,LAND_MISMATCH,HIGH,Claimed land area differs significantly from the recorded land area.,Claimed: 6.69 ha | Recorded: 0.83 ha | Difference: 5.86 ha (87.6%)
FRA-15665,Rajasthan,Banswara,LAND_MISMATCH,HIGH,Claimed land area differs significantly from the recorded land area.,Claimed: 10.29 ha | Recorded: 2.14 ha | Difference: 8.15 ha (79.2%)
FRA-15669,Rajasthan,Pratapgarh,LAND_MISMATCH,HIGH,Claimed land area differs significantly from the recorded land area.,Claimed: 6.07 ha | Recorded: 2.42 ha | Difference: 3.65 ha (60.1%)
FRA-15679,Odisha,Keonjhar,LAND_MISMATCH,HIGH,Claimed land area differs significantly from the recorded land area.,Claimed: 7.7 ha | Recorded: 2.07 ha | Difference: 5.63 ha (73.1%)
FRA-15738,Madhya Pradesh,Chhindwara,LAND_MISMATCH,HIGH,Claimed land area differs significantly from the recorded land area.,Claimed: 6.18 ha | Recorded: 2.28 ha | Difference: 3.90 ha (63.1%)
FRA-15777,Gujarat,Narmada,LAND_MISMATCH,HIGH,Claimed land area differs significantly from the recorded land area.,Claimed: 6.45 ha | Recorded: 2.68 ha | Difference: 3.77 ha (58.4%)
FRA-15789,Gujarat,Valsad,LAND_MISMATCH,HIGH,Claimed land area differs significantly from the recorded land area.,Claimed: 11.35 ha | Recorded: 1.35 ha | Difference: 10.00 ha (88.1%)
FRA-15816,Gujarat,Bharuch,LAND_MISMATCH,HIGH,Claimed land area differs significantly from the recorded land area.,Claimed: 9.15 ha | Recorded: 1.02 ha | Difference: 8.13 ha (88.9%)
FRA-15845,Jharkhand,Simdega,LAND_MISMATCH,HIGH,Claimed land area differs significantly from the recorded land area.,Claimed: 11.41 ha | Recorded: 1.37 ha | Difference: 10.04 ha (88.0%)
FRA-15854,Madhya Pradesh,Chhindwara,LAND_MISMATCH,HIGH,Claimed land area differs significantly from the recorded land area.,Claimed: 5.15 ha | Recorded: 1.08 ha | Difference: 4.07 ha (79.0%)
FRA-15876,Jharkhand,Gumla,LAND_MISMATCH,HIGH,Claimed land area differs significantly from the recorded land area.,Claimed: 5.93 ha | Recorded: 1.04 ha | Difference: 4.89 ha (82.5%)
FRA-15894,Gujarat,Bharuch,LAND_MISMATCH,HIGH,Claimed land area differs significantly from the recorded land area.,Claimed: 11.35 ha | Recorded: 2.05 ha | Difference: 9.30 ha (81.9%)
FRA-15944,Odisha,Koraput,LAND_MISMATCH,HIGH,Claimed land area differs significantly from the recorded land area.,Claimed: 9.91 ha | Recorded: 2.36 ha | Difference: 7.55 ha (76.2%)
FRA-15975,Jharkhand,West Singhbhum,LAND_MISMATCH,HIGH,Claimed land area differs significantly from the recorded land area.,Claimed: 10.09 ha | Recorded: 1.54 ha | Difference: 8.55 ha (84.7%)
FRA-15988,Rajasthan,Banswara,LAND_MISMATCH,HIGH,Claimed land area differs significantly from the recorded land area.,Claimed: 7.89 ha | Recorded: 0.76 ha | Difference: 7.13 ha (90.4%)
FRA-15994,Maharashtra,Amravati,LAND_MISMATCH,HIGH,Claimed land area differs significantly from the recorded land area.,Claimed: 7.58 ha | Recorded: 1.91 ha | Difference: 5.67 ha (74.8%)
FRA-16043,Odisha,Mayurbhanj,LAND_MISMATCH,HIGH,Claimed land area differs significantly from the recorded land area.,Claimed: 9.76 ha | Recorded: 1.04 ha | Difference: 8.72 ha (89.3%)
FRA-16075,Odisha,Keonjhar,LAND_MISMATCH,HIGH,Claimed land area differs significantly from the recorded land area.,Claimed: 8.13 ha | Recorded: 2.54 ha | Difference: 5.59 ha (68.8%)
FRA-16091,Gujarat,Dangs,LAND_MISMATCH,HIGH,Claimed land area differs significantly from the recorded land area.,Claimed: 5.88 ha | Recorded: 2.67 ha | Difference: 3.21 ha (54.6%)
FRA-16113,Jharkhand,Ranchi,LAND_MISMATCH,HIGH,Claimed land area differs significantly from the recorded land area.,Claimed: 7.1 ha | Recorded: 2.52 ha | Difference: 4.58 ha (64.5%)
FRA-16136,Chhattisgarh,Korba,LAND_MISMATCH,HIGH,Claimed land area differs significantly from the recorded land area.,Claimed: 6.16 ha | Recorded: 0.52 ha | Difference: 5.64 ha (91.6%)
FRA-16147,Jharkhand,West Singhbhum,LAND_MISMATCH,HIGH,Claimed land area differs significantly from the recorded land area.,Claimed: 6.46 ha | Recorded: 0.67 ha | Difference: 5.79 ha (89.6%)
FRA-16160,Odisha,Keonjhar,LAND_MISMATCH,HIGH,Claimed land area differs significantly from the recorded land area.,Claimed: 7.77 ha | Recorded: 1.28 ha | Difference: 6.49 ha (83.5%)
FRA-16232,Chhattisgarh,Surguja,LAND_MISMATCH,HIGH,Claimed land area differs significantly from the recorded land area.,Claimed: 7.28 ha | Recorded: 2.98 ha | Difference: 4.30 ha (59.1%)
FRA-16248,Rajasthan,Udaipur,LAND_MISMATCH,HIGH,Claimed land area differs significantly from the recorded land area.,Claimed: 9.74 ha | Recorded: 2.59 ha | Difference: 7.15 ha (73.4%)
FRA-16258,Rajasthan,Banswara,LAND_MISMATCH,HIGH,Claimed land area differs significantly from the recorded land area.,Claimed: 9.53 ha | Recorded: 1.53 ha | Difference: 8.00 ha (83.9%)
FRA-16260,Chhattisgarh,Bastar,LAND_MISMATCH,HIGH,Claimed land area differs significantly from the recorded land area.,Claimed: 9.88 ha | Recorded: 2.46 ha | Difference: 7.42 ha (75.1%)
FRA-16335,Odisha,Mayurbhanj,LAND_MISMATCH,HIGH,Claimed land area differs significantly from the recorded land area.,Claimed: 8.29 ha | Recorded: 2.9 ha | Difference: 5.39 ha (65.0%)
FRA-16436,Gujarat,Dangs,LAND_MISMATCH,HIGH,Claimed land area differs significantly from the recorded land area.,Claimed: 5.47 ha | Recorded: 1.55 ha | Difference: 3.92 ha (71.7%)
FRA-16518,Jharkhand,Ranchi,LAND_MISMATCH,HIGH,Claimed land area differs significantly from the recorded land area.,Claimed: 9.86 ha | Recorded: 1.94 ha | Difference: 7.92 ha (80.3%)
FRA-16520,Jharkhand,Latehar,LAND_MISMATCH,HIGH,Claimed land area differs significantly from the recorded land area.,Claimed: 10.75 ha | Recorded: 2.45 ha | Difference: 8.30 ha (77.2%)
FRA-16521,Rajasthan,Dungarpur,LAND_MISMATCH,HIGH,Claimed land area differs significantly from the recorded land area.,Claimed: 11.25 ha | Recorded: 0.83 ha | Difference: 10.42 ha (92.6%)
FRA-16567,Rajasthan,Dungarpur,LAND_MISMATCH,HIGH,Claimed land area differs significantly from the recorded land area.,Claimed: 8.76 ha | Recorded: 2.33 ha | Difference: 6.43 ha (73.4%)
FRA-16638,Chhattisgarh,Surguja,LAND_MISMATCH,HIGH,Claimed land area differs significantly from the recorded land area.,Claimed: 10.38 ha | Recorded: 2.01 ha | Difference: 8.37 ha (80.6%)
FRA-16648,Gujarat,Bharuch,LAND_MISMATCH,HIGH,Claimed land area differs significantly from the recorded land area.,Claimed: 11.75 ha | Recorded: 0.54 ha | Difference: 11.21 ha (95.4%)
FRA-16672,Odisha,Sundargarh,LAND_MISMATCH,HIGH,Claimed land area differs significantly from the recorded land area.,Claimed: 6.52 ha | Recorded: 2.86 ha | Difference: 3.66 ha (56.1%)
FRA-16684,Maharashtra,Nashik,LAND_MISMATCH,HIGH,Claimed land area differs significantly from the recorded land area.,Claimed: 8.54 ha | Recorded: 2.01 ha | Difference: 6.53 ha (76.5%)
FRA-16692,Jharkhand,Ranchi,LAND_MISMATCH,HIGH,Claimed land area differs significantly from the recorded land area.,Claimed: 8.94 ha | Recorded: 1.33 ha | Difference: 7.61 ha (85.1%)
FRA-16701,Gujarat,Valsad,LAND_MISMATCH,HIGH,Claimed land area differs significantly from the recorded land area.,Claimed: 6.72 ha | Recorded: 1.9 ha | Difference: 4.82 ha (71.7%)
FRA-16704,Madhya Pradesh,Balaghat,LAND_MISMATCH,HIGH,Claimed land area differs significantly from the recorded land area.,Claimed: 6.99 ha | Recorded: 2.21 ha | Difference: 4.78 ha (68.4%)
FRA-16718,Odisha,Koraput,LAND_MISMATCH,HIGH,Claimed land area differs significantly from the recorded land area.,Claimed: 10.53 ha | Recorded: 2.39 ha | Difference: 8.14 ha (77.3%)
FRA-16720,Gujarat,Narmada,LAND_MISMATCH,HIGH,Claimed land area differs significantly from the recorded land area.,Claimed: 5.03 ha | Recorded: 1.58 ha | Difference: 3.45 ha (68.6%)
FRA-16740,Maharashtra,Nandurbar,LAND_MISMATCH,HIGH,Claimed land area differs significantly from the recorded land area.,Claimed: 6.8 ha | Recorded: 0.65 ha | Difference: 6.15 ha (90.4%)
FRA-16767,Odisha,Koraput,LAND_MISMATCH,HIGH,Claimed land area differs significantly from the recorded land area.,Claimed: 10.51 ha | Recorded: 2.47 ha | Difference: 8.04 ha (76.5%)
FRA-16769,Gujarat,Dangs,LAND_MISMATCH,HIGH,Claimed land area differs significantly from the recorded land area.,Claimed: 7.37 ha | Recorded: 1.79 ha | Difference: 5.58 ha (75.7%)
FRA-16819,Maharashtra,Gadchiroli,LAND_MISMATCH,HIGH,Claimed land area differs significantly from the recorded land area.,Claimed: 6.2 ha | Recorded: 0.77 ha | Difference: 5.43 ha (87.6%)
FRA-16826,Maharashtra,Gadchiroli,LAND_MISMATCH,HIGH,Claimed land area differs significantly from the recorded land area.,Claimed: 8.95 ha | Recorded: 2.06 ha | Difference: 6.89 ha (77.0%)
FRA-16881,Rajasthan,Pratapgarh,LAND_MISMATCH,HIGH,Claimed land area differs significantly from the recorded land area.,Claimed: 9.98 ha | Recorded: 1.07 ha | Difference: 8.91 ha (89.3%)
FRA-16914,Chhattisgarh,Kanker,LAND_MISMATCH,HIGH,Claimed land area differs significantly from the recorded land area.,Claimed: 11.78 ha | Recorded: 1.45 ha | Difference: 10.33 ha (87.7%)
FRA-16929,Chhattisgarh,Surguja,LAND_MISMATCH,HIGH,Claimed land area differs significantly from the recorded land area.,Claimed: 9.02 ha | Recorded: 2.29 ha | Difference: 6.73 ha (74.6%)
FRA-16947,Jharkhand,Latehar,LAND_MISMATCH,HIGH,Claimed land area differs significantly from the recorded land area.,Claimed: 10.22 ha | Recorded: 1.34 ha | Difference: 8.88 ha (86.9%)
FRA-16951,Odisha,Sundargarh,LAND_MISMATCH,HIGH,Claimed land area differs significantly from the recorded land area.,Claimed: 9.39 ha | Recorded: 2.71 ha | Difference: 6.68 ha (71.1%)
FRA-16954,Rajasthan,Banswara,LAND_MISMATCH,HIGH,Claimed land area differs significantly from the recorded land area.,Claimed: 7.47 ha | Recorded: 2.03 ha | Difference: 5.44 ha (72.8%)
FRA-16962,Rajasthan,Sirohi,LAND_MISMATCH,HIGH,Claimed land area differs significantly from the recorded land area.,Claimed: 10.06 ha | Recorded: 2.13 ha | Difference: 7.93 ha (78.8%)
FRA-16963,Chhattisgarh,Surguja,LAND_MISMATCH,HIGH,Claimed land area differs significantly from the recorded land area.,Claimed: 9.26 ha | Recorded: 1.79 ha | Difference: 7.47 ha (80.7%)
FRA-16964,Odisha,Mayurbhanj,LAND_MISMATCH,HIGH,Claimed land area differs significantly from the recorded land area.,Claimed: 9.13 ha | Recorded: 1.96 ha | Difference: 7.17 ha (78.5%)
FRA-16983,Jharkhand,Latehar,LAND_MISMATCH,HIGH,Claimed land area differs significantly from the recorded land area.,Claimed: 8.25 ha | Recorded: 2.66 ha | Difference: 5.59 ha (67.8%)
FRA-17009,Odisha,Kandhamal,LAND_MISMATCH,HIGH,Claimed land area differs significantly from the recorded land area.,Claimed: 8.31 ha | Recorded: 0.79 ha | Difference: 7.52 ha (90.5%)
FRA-17023,Odisha,Mayurbhanj,LAND_MISMATCH,HIGH,Claimed land area differs significantly from the recorded land area.,Claimed: 5.34 ha | Recorded: 1.26 ha | Difference: 4.08 ha (76.4%)
FRA-17058,Jharkhand,Simdega,LAND_MISMATCH,HIGH,Claimed land area differs significantly from the recorded land area.,Claimed: 9.57 ha | Recorded: 2.36 ha | Difference: 7.21 ha (75.3%)
FRA-17107,Jharkhand,Gumla,LAND_MISMATCH,HIGH,Claimed land area differs significantly from the recorded land area.,Claimed: 8.46 ha | Recorded: 1.95 ha | Difference: 6.51 ha (77.0%)
FRA-17149,Madhya Pradesh,Mandla,LAND_MISMATCH,HIGH,Claimed land area differs significantly from the recorded land area.,Claimed: 9.1 ha | Recorded: 1.34 ha | Difference: 7.76 ha (85.3%)
FRA-17168,Gujarat,Narmada,LAND_MISMATCH,HIGH,Claimed land area differs significantly from the recorded land area.,Claimed: 11.91 ha | Recorded: 0.52 ha | Difference: 11.39 ha (95.6%)
FRA-17183,Chhattisgarh,Bastar,LAND_MISMATCH,HIGH,Claimed land area differs significantly from the recorded land area.,Claimed: 9.32 ha | Recorded: 0.91 ha | Difference: 8.41 ha (90.2%)
FRA-17186,Gujarat,Tapi,LAND_MISMATCH,HIGH,Claimed land area differs significantly from the recorded land area.,Claimed: 5.24 ha | Recorded: 2.46 ha | Difference: 2.78 ha (53.1%)
FRA-17235,Jharkhand,Gumla,LAND_MISMATCH,HIGH,Claimed land area differs significantly from the recorded land area.,Claimed: 8.24 ha | Recorded: 1.4 ha | Difference: 6.84 ha (83.0%)
FRA-17251,Jharkhand,Simdega,LAND_MISMATCH,HIGH,Claimed land area differs significantly from the recorded land area.,Claimed: 10.12 ha | Recorded: 1.18 ha | Difference: 8.94 ha (88.3%)
FRA-17301,Rajasthan,Banswara,LAND_MISMATCH,HIGH,Claimed land area differs significantly from the recorded land area.,Claimed: 8.9 ha | Recorded: 2.28 ha | Difference: 6.62 ha (74.4%)
FRA-17308,Gujarat,Bharuch,LAND_MISMATCH,HIGH,Claimed land area differs significantly from the recorded land area.,Claimed: 8.14 ha | Recorded: 0.76 ha | Difference: 7.38 ha (90.7%)
FRA-17339,Rajasthan,Dungarpur,LAND_MISMATCH,HIGH,Claimed land area differs significantly from the recorded land area.,Claimed: 10.1 ha | Recorded: 2.64 ha | Difference: 7.46 ha (73.9%)
FRA-17354,Jharkhand,Gumla,LAND_MISMATCH,HIGH,Claimed land area differs significantly from the recorded land area.,Claimed: 8.94 ha | Recorded: 1.77 ha | Difference: 7.17 ha (80.2%)
FRA-17362,Jharkhand,West Singhbhum,LAND_MISMATCH,HIGH,Claimed land area differs significantly from the recorded land area.,Claimed: 9.62 ha | Recorded: 1.34 ha | Difference: 8.28 ha (86.1%)
FRA-17368,Jharkhand,Ranchi,LAND_MISMATCH,HIGH,Claimed land area differs significantly from the recorded land area.,Claimed: 8.28 ha | Recorded: 2.03 ha | Difference: 6.25 ha (75.5%)
FRA-17372,Chhattisgarh,Surguja,LAND_MISMATCH,HIGH,Claimed land area differs significantly from the recorded land area.,Claimed: 11.48 ha | Recorded: 0.59 ha | Difference: 10.89 ha (94.9%)
FRA-17375,Gujarat,Valsad,LAND_MISMATCH,HIGH,Claimed land area differs significantly from the recorded land area.,Claimed: 5.21 ha | Recorded: 1.33 ha | Difference: 3.88 ha (74.5%)
FRA-17430,Madhya Pradesh,Betul,LAND_MISMATCH,HIGH,Claimed land area differs significantly from the recorded land area.,Claimed: 11.04 ha | Recorded: 1.71 ha | Difference: 9.33 ha (84.5%)
FRA-17489,Odisha,Sundargarh,LAND_MISMATCH,HIGH,Claimed land area differs significantly from the recorded land area.,Claimed: 6.93 ha | Recorded: 2.27 ha | Difference: 4.66 ha (67.2%)
FRA-17511,Rajasthan,Udaipur,LAND_MISMATCH,HIGH,Claimed land area differs significantly from the recorded land area.,Claimed: 9.7 ha | Recorded: 2.32 ha | Difference: 7.38 ha (76.1%)
FRA-17512,Rajasthan,Banswara,LAND_MISMATCH,HIGH,Claimed land area differs significantly from the recorded land area.,Claimed: 5.52 ha | Recorded: 1.48 ha | Difference: 4.04 ha (73.2%)
FRA-17519,Jharkhand,West Singhbhum,LAND_MISMATCH,HIGH,Claimed land area differs significantly from the recorded land area.,Claimed: 11.32 ha | Recorded: 1.64 ha | Difference: 9.68 ha (85.5%)
FRA-17527,Gujarat,Dangs,LAND_MISMATCH,HIGH,Claimed land area differs significantly from the recorded land area.,Claimed: 10.4 ha | Recorded: 1.64 ha | Difference: 8.76 ha (84.2%)
FRA-17574,Odisha,Koraput,LAND_MISMATCH,HIGH,Claimed land area differs significantly from the recorded land area.,Claimed: 7.36 ha | Recorded: 1.47 ha | Difference: 5.89 ha (80.0%)
FRA-17586,Madhya Pradesh,Chhindwara,LAND_MISMATCH,HIGH,Claimed land area differs significantly from the recorded land area.,Claimed: 10.31 ha | Recorded: 2.21 ha | Difference: 8.10 ha (78.6%)
FRA-17596,Madhya Pradesh,Mandla,LAND_MISMATCH,HIGH,Claimed land area differs significantly from the recorded land area.,Claimed: 5.84 ha | Recorded: 1.76 ha | Difference: 4.08 ha (69.9%)
FRA-17615,Rajasthan,Sirohi,LAND_MISMATCH,HIGH,Claimed land area differs significantly from the recorded land area.,Claimed: 7.9 ha | Recorded: 2.15 ha | Difference: 5.75 ha (72.8%)
FRA-17624,Madhya Pradesh,Mandla,LAND_MISMATCH,HIGH,Claimed land area differs significantly from the recorded land area.,Claimed: 5.43 ha | Recorded: 0.61 ha | Difference: 4.82 ha (88.8%)
FRA-17714,Odisha,Koraput,LAND_MISMATCH,HIGH,Claimed land area differs significantly from the recorded land area.,Claimed: 11.77 ha | Recorded: 1.19 ha | Difference: 10.58 ha (89.9%)
FRA-17731,Jharkhand,Latehar,LAND_MISMATCH,HIGH,Claimed land area differs significantly from the recorded land area.,Claimed: 6.93 ha | Recorded: 0.91 ha | Difference: 6.02 ha (86.9%)
FRA-17748,Gujarat,Narmada,LAND_MISMATCH,HIGH,Claimed land area differs significantly from the recorded land area.,Claimed: 11.91 ha | Recorded: 2.62 ha | Difference: 9.29 ha (78.0%)
FRA-17827,Jharkhand,Simdega,LAND_MISMATCH,HIGH,Claimed land area differs significantly from the recorded land area.,Claimed: 8.46 ha | Recorded: 1.99 ha | Difference: 6.47 ha (76.5%)
FRA-17837,Maharashtra,Gadchiroli,LAND_MISMATCH,HIGH,Claimed land area differs significantly from the recorded land area.,Claimed: 6.14 ha | Recorded: 2.84 ha | Difference: 3.30 ha (53.7%)
FRA-17875,Gujarat,Narmada,LAND_MISMATCH,HIGH,Claimed land area differs significantly from the recorded land area.,Claimed: 8.65 ha | Recorded: 2.55 ha | Difference: 6.10 ha (70.5%)
FRA-17894,Gujarat,Tapi,LAND_MISMATCH,HIGH,Claimed land area differs significantly from the recorded land area.,Claimed: 10.16 ha | Recorded: 2.37 ha | Difference: 7.79 ha (76.7%)
FRA-17904,Odisha,Keonjhar,LAND_MISMATCH,HIGH,Claimed land area differs significantly from the recorded land area.,Claimed: 5.35 ha | Recorded: 2.05 ha | Difference: 3.30 ha (61.7%)
FRA-17941,Chhattisgarh,Bastar,LAND_MISMATCH,HIGH,Claimed land area differs significantly from the recorded land area.,Claimed: 6.89 ha | Recorded: 1.56 ha | Difference: 5.33 ha (77.4%)
FRA-17948,Madhya Pradesh,Dindori,LAND_MISMATCH,HIGH,Claimed land area differs significantly from the recorded land area.,Claimed: 6.12 ha | Recorded: 1.73 ha | Difference: 4.39 ha (71.7%)
FRA-17984,Gujarat,Tapi,LAND_MISMATCH,HIGH,Claimed land area differs significantly from the recorded land area.,Claimed: 6.47 ha | Recorded: 1.84 ha | Difference: 4.63 ha (71.6%)
FRA-18035,Odisha,Mayurbhanj,LAND_MISMATCH,HIGH,Claimed land area differs significantly from the recorded land area.,Claimed: 8.82 ha | Recorded: 1.07 ha | Difference: 7.75 ha (87.9%)
FRA-18037,Chhattisgarh,Korba,LAND_MISMATCH,HIGH,Claimed land area differs significantly from the recorded land area.,Claimed: 11.62 ha | Recorded: 2.33 ha | Difference: 9.29 ha (79.9%)
FRA-18044,Madhya Pradesh,Balaghat,LAND_MISMATCH,HIGH,Claimed land area differs significantly from the recorded land area.,Claimed: 11.15 ha | Recorded: 0.73 ha | Difference: 10.42 ha (93.5%)
FRA-18073,Jharkhand,Latehar,LAND_MISMATCH,HIGH,Claimed land area differs significantly from the recorded land area.,Claimed: 11.75 ha | Recorded: 2.1 ha | Difference: 9.65 ha (82.1%)
FRA-18130,Madhya Pradesh,Betul,LAND_MISMATCH,HIGH,Claimed land area differs significantly from the recorded land area.,Claimed: 10.35 ha | Recorded: 2.28 ha | Difference: 8.07 ha (78.0%)
FRA-18136,Gujarat,Tapi,LAND_MISMATCH,HIGH,Claimed land area differs significantly from the recorded land area.,Claimed: 10.26 ha | Recorded: 1.83 ha | Difference: 8.43 ha (82.2%)
FRA-18147,Maharashtra,Nandurbar,LAND_MISMATCH,HIGH,Claimed land area differs significantly from the recorded land area.,Claimed: 11.03 ha | Recorded: 1.08 ha | Difference: 9.95 ha (90.2%)
FRA-18153,Jharkhand,Simdega,LAND_MISMATCH,HIGH,Claimed land area differs significantly from the recorded land area.,Claimed: 8.83 ha | Recorded: 2.63 ha | Difference: 6.20 ha (70.2%)
FRA-18159,Gujarat,Valsad,LAND_MISMATCH,HIGH,Claimed land area differs significantly from the recorded land area.,Claimed: 5.29 ha | Recorded: 0.55 ha | Difference: 4.74 ha (89.6%)
FRA-18167,Jharkhand,West Singhbhum,LAND_MISMATCH,HIGH,Claimed land area differs significantly from the recorded land area.,Claimed: 10.49 ha | Recorded: 2.82 ha | Difference: 7.67 ha (73.1%)
FRA-18175,Maharashtra,Yavatmal,LAND_MISMATCH,HIGH,Claimed land area differs significantly from the recorded land area.,Claimed: 5.28 ha | Recorded: 0.63 ha | Difference: 4.65 ha (88.1%)
FRA-18191,Madhya Pradesh,Balaghat,LAND_MISMATCH,HIGH,Claimed land area differs significantly from the recorded land area.,Claimed: 7.47 ha | Recorded: 2.48 ha | Difference: 4.99 ha (66.8%)
FRA-18242,Gujarat,Bharuch,LAND_MISMATCH,HIGH,Claimed land area differs significantly from the recorded land area.,Claimed: 6.67 ha | Recorded: 1.85 ha | Difference: 4.82 ha (72.3%)
FRA-18249,Chhattisgarh,Dantewada,LAND_MISMATCH,HIGH,Claimed land area differs significantly from the recorded land area.,Claimed: 6.21 ha | Recorded: 1.54 ha | Difference: 4.67 ha (75.2%)
FRA-18267,Jharkhand,Latehar,LAND_MISMATCH,HIGH,Claimed land area differs significantly from the recorded land area.,Claimed: 11.97 ha | Recorded: 2.63 ha | Difference: 9.34 ha (78.0%)
FRA-18304,Madhya Pradesh,Betul,LAND_MISMATCH,HIGH,Claimed land area differs significantly from the recorded land area.,Claimed: 5.09 ha | Recorded: 1.92 ha | Difference: 3.17 ha (62.3%)
FRA-18314,Jharkhand,Simdega,LAND_MISMATCH,HIGH,Claimed land area differs significantly from the recorded land area.,Claimed: 8.67 ha | Recorded: 1.42 ha | Difference: 7.25 ha (83.6%)
FRA-18330,Odisha,Sundargarh,LAND_MISMATCH,HIGH,Claimed land area differs significantly from the recorded land area.,Claimed: 9.49 ha | Recorded: 2.96 ha | Difference: 6.53 ha (68.8%)
FRA-18344,Odisha,Koraput,LAND_MISMATCH,HIGH,Claimed land area differs significantly from the recorded land area.,Claimed: 11.59 ha | Recorded: 1.54 ha | Difference: 10.05 ha (86.7%)
FRA-18345,Rajasthan,Udaipur,LAND_MISMATCH,HIGH,Claimed land area differs significantly from the recorded land area.,Claimed: 9.45 ha | Recorded: 1.01 ha | Difference: 8.44 ha (89.3%)
FRA-18348,Chhattisgarh,Kanker,LAND_MISMATCH,HIGH,Claimed land area differs significantly from the recorded land area.,Claimed: 8.33 ha | Recorded: 2.17 ha | Difference: 6.16 ha (73.9%)
FRA-18352,Gujarat,Bharuch,LAND_MISMATCH,HIGH,Claimed land area differs significantly from the recorded land area.,Claimed: 11.74 ha | Recorded: 2.68 ha | Difference: 9.06 ha (77.2%)
FRA-18395,Chhattisgarh,Kanker,LAND_MISMATCH,HIGH,Claimed land area differs significantly from the recorded land area.,Claimed: 9.0 ha | Recorded: 0.88 ha | Difference: 8.12 ha (90.2%)
FRA-18454,Gujarat,Valsad,LAND_MISMATCH,HIGH,Claimed land area differs significantly from the recorded land area.,Claimed: 11.17 ha | Recorded: 2.44 ha | Difference: 8.73 ha (78.2%)
FRA-18458,Maharashtra,Nashik,LAND_MISMATCH,HIGH,Claimed land area differs significantly from the recorded land area.,Claimed: 8.39 ha | Recorded: 1.12 ha | Difference: 7.27 ha (86.7%)
FRA-18460,Gujarat,Valsad,LAND_MISMATCH,HIGH,Claimed land area differs significantly from the recorded land area.,Claimed: 11.56 ha | Recorded: 1.34 ha | Difference: 10.22 ha (88.4%)
FRA-18480,Madhya Pradesh,Betul,LAND_MISMATCH,HIGH,Claimed land area differs significantly from the recorded land area.,Claimed: 9.1 ha | Recorded: 1.11 ha | Difference: 7.99 ha (87.8%)
FRA-18489,Jharkhand,West Singhbhum,LAND_MISMATCH,HIGH,Claimed land area differs significantly from the recorded land area.,Claimed: 6.33 ha | Recorded: 0.72 ha | Difference: 5.61 ha (88.6%)
FRA-18530,Maharashtra,Gadchiroli,LAND_MISMATCH,HIGH,Claimed land area differs significantly from the recorded land area.,Claimed: 11.39 ha | Recorded: 2.04 ha | Difference: 9.35 ha (82.1%)
FRA-18566,Maharashtra,Yavatmal,LAND_MISMATCH,HIGH,Claimed land area differs significantly from the recorded land area.,Claimed: 11.62 ha | Recorded: 2.78 ha | Difference: 8.84 ha (76.1%)
FRA-18613,Maharashtra,Gadchiroli,LAND_MISMATCH,HIGH,Claimed land area differs significantly from the recorded land area.,Claimed: 6.96 ha | Recorded: 1.76 ha | Difference: 5.20 ha (74.7%)
FRA-18654,Odisha,Mayurbhanj,LAND_MISMATCH,HIGH,Claimed land area differs significantly from the recorded land area.,Claimed: 9.43 ha | Recorded: 1.45 ha | Difference: 7.98 ha (84.6%)
FRA-18665,Odisha,Koraput,LAND_MISMATCH,HIGH,Claimed land area differs significantly from the recorded land area.,Claimed: 9.81 ha | Recorded: 0.55 ha | Difference: 9.26 ha (94.4%)
FRA-18674,Chhattisgarh,Bastar,LAND_MISMATCH,HIGH,Claimed land area differs significantly from the recorded land area.,Claimed: 8.43 ha | Recorded: 2.83 ha | Difference: 5.60 ha (66.4%)
FRA-18723,Maharashtra,Gadchiroli,LAND_MISMATCH,HIGH,Claimed land area differs significantly from the recorded land area.,Claimed: 6.2 ha | Recorded: 1.38 ha | Difference: 4.82 ha (77.7%)
FRA-18740,Maharashtra,Amravati,LAND_MISMATCH,HIGH,Claimed land area differs significantly from the recorded land area.,Claimed: 10.81 ha | Recorded: 2.8 ha | Difference: 8.01 ha (74.1%)
FRA-18768,Maharashtra,Nandurbar,LAND_MISMATCH,HIGH,Claimed land area differs significantly from the recorded land area.,Claimed: 9.9 ha | Recorded: 0.86 ha | Difference: 9.04 ha (91.3%)
FRA-18773,Jharkhand,Latehar,LAND_MISMATCH,HIGH,Claimed land area differs significantly from the recorded land area.,Claimed: 10.19 ha | Recorded: 0.78 ha | Difference: 9.41 ha (92.3%)
FRA-18796,Madhya Pradesh,Balaghat,LAND_MISMATCH,HIGH,Claimed land area differs significantly from the recorded land area.,Claimed: 7.34 ha | Recorded: 2.31 ha | Difference: 5.03 ha (68.5%)
FRA-18886,Maharashtra,Nashik,LAND_MISMATCH,HIGH,Claimed land area differs significantly from the recorded land area.,Claimed: 9.16 ha | Recorded: 0.57 ha | Difference: 8.59 ha (93.8%)
FRA-18969,Gujarat,Bharuch,LAND_MISMATCH,HIGH,Claimed land area differs significantly from the recorded land area.,Claimed: 11.52 ha | Recorded: 2.31 ha | Difference: 9.21 ha (79.9%)
FRA-18971,Rajasthan,Sirohi,LAND_MISMATCH,HIGH,Claimed land area differs significantly from the recorded land area.,Claimed: 9.25 ha | Recorded: 0.57 ha | Difference: 8.68 ha (93.8%)
FRA-18993,Chhattisgarh,Korba,LAND_MISMATCH,HIGH,Claimed land area differs significantly from the recorded land area.,Claimed: 5.07 ha | Recorded: 0.8 ha | Difference: 4.27 ha (84.2%)
FRA-19006,Rajasthan,Dungarpur,LAND_MISMATCH,HIGH,Claimed land area differs significantly from the recorded land area.,Claimed: 9.07 ha | Recorded: 2.91 ha | Difference: 6.16 ha (67.9%)
FRA-19010,Maharashtra,Gadchiroli,LAND_MISMATCH,HIGH,Claimed land area differs significantly from the recorded land area.,Claimed: 10.78 ha | Recorded: 1.96 ha | Difference: 8.82 ha (81.8%)
FRA-19048,Maharashtra,Nandurbar,LAND_MISMATCH,HIGH,Claimed land area differs significantly from the recorded land area.,Claimed: 5.56 ha | Recorded: 1.5 ha | Difference: 4.06 ha (73.0%)
FRA-19182,Jharkhand,Latehar,LAND_MISMATCH,HIGH,Claimed land area differs significantly from the recorded land area.,Claimed: 10.99 ha | Recorded: 1.1 ha | Difference: 9.89 ha (90.0%)
FRA-19221,Gujarat,Narmada,LAND_MISMATCH,HIGH,Claimed land area differs significantly from the recorded land area.,Claimed: 6.17 ha | Recorded: 0.66 ha | Difference: 5.51 ha (89.3%)
FRA-19242,Maharashtra,Gadchiroli,LAND_MISMATCH,HIGH,Claimed land area differs significantly from the recorded land area.,Claimed: 5.03 ha | Recorded: 0.7 ha | Difference: 4.33 ha (86.1%)
FRA-19254,Odisha,Kandhamal,LAND_MISMATCH,HIGH,Claimed land area differs significantly from the recorded land area.,Claimed: 6.74 ha | Recorded: 2.48 ha | Difference: 4.26 ha (63.2%)
FRA-19255,Madhya Pradesh,Betul,LAND_MISMATCH,HIGH,Claimed land area differs significantly from the recorded land area.,Claimed: 10.27 ha | Recorded: 1.44 ha | Difference: 8.83 ha (86.0%)
FRA-19300,Odisha,Kandhamal,LAND_MISMATCH,HIGH,Claimed land area differs significantly from the recorded land area.,Claimed: 6.76 ha | Recorded: 2.49 ha | Difference: 4.27 ha (63.2%)
FRA-19315,Chhattisgarh,Bastar,LAND_MISMATCH,HIGH,Claimed land area differs significantly from the recorded land area.,Claimed: 5.02 ha | Recorded: 1.59 ha | Difference: 3.43 ha (68.3%)
FRA-19329,Rajasthan,Dungarpur,LAND_MISMATCH,HIGH,Claimed land area differs significantly from the recorded land area.,Claimed: 10.98 ha | Recorded: 1.73 ha | Difference: 9.25 ha (84.2%)
FRA-19338,Odisha,Kandhamal,LAND_MISMATCH,HIGH,Claimed land area differs significantly from the recorded land area.,Claimed: 6.9 ha | Recorded: 0.58 ha | Difference: 6.32 ha (91.6%)
FRA-19342,Madhya Pradesh,Dindori,LAND_MISMATCH,HIGH,Claimed land area differs significantly from the recorded land area.,Claimed: 7.0 ha | Recorded: 1.13 ha | Difference: 5.87 ha (83.9%)
FRA-19351,Odisha,Keonjhar,LAND_MISMATCH,HIGH,Claimed land area differs significantly from the recorded land area.,Claimed: 7.4 ha | Recorded: 1.63 ha | Difference: 5.77 ha (78.0%)
FRA-19376,Jharkhand,West Singhbhum,LAND_MISMATCH,HIGH,Claimed land area differs significantly from the recorded land area.,Claimed: 10.01 ha | Recorded: 2.36 ha | Difference: 7.65 ha (76.4%)
FRA-19383,Madhya Pradesh,Mandla,LAND_MISMATCH,HIGH,Claimed land area differs significantly from the recorded land area.,Claimed: 7.85 ha | Recorded: 2.93 ha | Difference: 4.92 ha (62.7%)
FRA-19447,Maharashtra,Yavatmal,LAND_MISMATCH,HIGH,Claimed land area differs significantly from the recorded land area.,Claimed: 7.07 ha | Recorded: 1.37 ha | Difference: 5.70 ha (80.6%)
FRA-19534,Maharashtra,Nashik,LAND_MISMATCH,HIGH,Claimed land area differs significantly from the recorded land area.,Claimed: 11.31 ha | Recorded: 1.39 ha | Difference: 9.92 ha (87.7%)
FRA-19594,Madhya Pradesh,Chhindwara,LAND_MISMATCH,HIGH,Claimed land area differs significantly from the recorded land area.,Claimed: 10.84 ha | Recorded: 2.1 ha | Difference: 8.74 ha (80.6%)
FRA-19608,Madhya Pradesh,Mandla,LAND_MISMATCH,HIGH,Claimed land area differs significantly from the recorded land area.,Claimed: 7.2 ha | Recorded: 1.74 ha | Difference: 5.46 ha (75.8%)
FRA-19618,Maharashtra,Nandurbar,LAND_MISMATCH,HIGH,Claimed land area differs significantly from the recorded land area.,Claimed: 8.06 ha | Recorded: 2.08 ha | Difference: 5.98 ha (74.2%)
FRA-19625,Gujarat,Valsad,LAND_MISMATCH,HIGH,Claimed land area differs significantly from the recorded land area.,Claimed: 5.91 ha | Recorded: 1.54 ha | Difference: 4.37 ha (73.9%)
FRA-19631,Gujarat,Tapi,LAND_MISMATCH,HIGH,Claimed land area differs significantly from the recorded land area.,Claimed: 10.26 ha | Recorded: 2.51 ha | Difference: 7.75 ha (75.5%)
FRA-19639,Maharashtra,Amravati,LAND_MISMATCH,HIGH,Claimed land area differs significantly from the recorded land area.,Claimed: 10.18 ha | Recorded: 0.83 ha | Difference: 9.35 ha (91.8%)
FRA-19793,Gujarat,Dangs,LAND_MISMATCH,HIGH,Claimed land area differs significantly from the recorded land area.,Claimed: 7.89 ha | Recorded: 0.68 ha | Difference: 7.21 ha (91.4%)
FRA-19802,Madhya Pradesh,Betul,LAND_MISMATCH,HIGH,Claimed land area differs significantly from the recorded land area.,Claimed: 5.49 ha | Recorded: 2.03 ha | Difference: 3.46 ha (63.0%)
FRA-19831,Odisha,Sundargarh,LAND_MISMATCH,HIGH,Claimed land area differs significantly from the recorded land area.,Claimed: 9.5 ha | Recorded: 0.76 ha | Difference: 8.74 ha (92.0%)
FRA-19834,Gujarat,Tapi,LAND_MISMATCH,HIGH,Claimed land area differs significantly from the recorded land area.,Claimed: 7.02 ha | Recorded: 1.21 ha | Difference: 5.81 ha (82.8%)
FRA-19885,Gujarat,Valsad,LAND_MISMATCH,HIGH,Claimed land area differs significantly from the recorded land area.,Claimed: 7.85 ha | Recorded: 1.62 ha | Difference: 6.23 ha (79.4%)
FRA-19932,Madhya Pradesh,Dindori,LAND_MISMATCH,HIGH,Claimed land area differs significantly from the recorded land area.,Claimed: 9.95 ha | Recorded: 2.73 ha | Difference: 7.22 ha (72.6%)
FRA-19939,Madhya Pradesh,Balaghat,LAND_MISMATCH,HIGH,Claimed land area differs significantly from the recorded land area.,Claimed: 8.82 ha | Recorded: 0.54 ha | Difference: 8.28 ha (93.9%)
FRA-19944,Maharashtra,Nandurbar,LAND_MISMATCH,HIGH,Claimed land area differs significantly from the recorded land area.,Claimed: 9.44 ha | Recorded: 1.3 ha | Difference: 8.14 ha (86.2%)
FRA-19979,Madhya Pradesh,Balaghat,LAND_MISMATCH,HIGH,Claimed land area differs significantly from the recorded land area.,Claimed: 10.74 ha | Recorded: 0.81 ha | Difference: 9.93 ha (92.5%)
FRA-10000,Rajasthan,Udaipur,DELAYED_CLAIM,HIGH,Pending claim has remained unresolved for more than one year.,Submitted: 2022-07-03 | Pending for approximately 1524 days
FRA-10001,Maharashtra,Nandurbar,DELAYED_CLAIM,HIGH,Pending claim has remained unresolved for more than one year.,Submitted: 2022-03-25 | Pending for approximately 1624 days
FRA-10007,Chhattisgarh,Korba,DELAYED_CLAIM,HIGH,Pending claim has remained unresolved for more than one year.,Submitted: 2021-07-20 | Pending for approximately 1872 days
FRA-10009,Odisha,Mayurbhanj,DELAYED_CLAIM,HIGH,Pending claim has remained unresolved for more than one year.,Submitted: 2021-12-11 | Pending for approximately 1728 days
FRA-10013,Jharkhand,West Singhbhum,DELAYED_CLAIM,HIGH,Pending claim has remained unresolved for more than one year.,Submitted: 2023-10-16 | Pending for approximately 1054 days
FRA-10014,Madhya Pradesh,Balaghat,DELAYED_CLAIM,MEDIUM,Pending claim has remained unresolved for more than one year.,Submitted: 2025-06-11 | Pending for approximately 450 days
FRA-10020,Jharkhand,Gumla,DELAYED_CLAIM,HIGH,Pending claim has remained unresolved for more than one year.,Submitted: 2020-12-01 | Pending for approximately 2103 days
FRA-10024,Rajasthan,Banswara,DELAYED_CLAIM,HIGH,Pending claim has remained unresolved for more than one year.,Submitted: 2020-07-27 | Pending for approximately 2230 days
FRA-10028,Gujarat,Dangs,DELAYED_CLAIM,MEDIUM,Pending claim has remained unresolved for more than one year.,Submitted: 2025-04-11 | Pending for approximately 511 days
FRA-10029,Rajasthan,Dungarpur,DELAYED_CLAIM,HIGH,Pending claim has remained unresolved for more than one year.,Submitted: 2020-10-11 | Pending for approximately 2154 days
FRA-10035,Odisha,Koraput,DELAYED_CLAIM,HIGH,Pending claim has remained unresolved for more than one year.,Submitted: 2020-07-08 | Pending for approximately 2249 days
FRA-10045,Rajasthan,Banswara,DELAYED_CLAIM,HIGH,Pending claim has remained unresolved for more than one year.,Submitted: 2021-04-14 | Pending for approximately 1969 days
FRA-10047,Jharkhand,West Singhbhum,DELAYED_CLAIM,HIGH,Pending claim has remained unresolved for more than one year.,Submitted: 2023-10-29 | Pending for approximately 1041 days
FRA-10049,Gujarat,Narmada,DELAYED_CLAIM,HIGH,Pending claim has remained unresolved for more than one year.,Submitted: 2021-04-08 | Pending for approximately 1975 days
FRA-10050,Chhattisgarh,Dantewada,DELAYED_CLAIM,HIGH,Pending claim has remained unresolved for more than one year.,Submitted: 2023-02-19 | Pending for approximately 1293 days
FRA-10056,Maharashtra,Yavatmal,DELAYED_CLAIM,HIGH,Pending claim has remained unresolved for more than one year.,Submitted: 2022-10-13 | Pending for approximately 1422 days
FRA-10058,Rajasthan,Udaipur,DELAYED_CLAIM,HIGH,Pending claim has remained unresolved for more than one year.,Submitted: 2020-11-03 | Pending for approximately 2131 days
FRA-10061,Rajasthan,Banswara,DELAYED_CLAIM,HIGH,Pending claim has remained unresolved for more than one year.,Submitted: 2022-07-26 | Pending for approximately 1501 days
FRA-10066,Maharashtra,Gadchiroli,DELAYED_CLAIM,HIGH,Pending claim has remained unresolved for more than one year.,Submitted: 2021-09-22 | Pending for approximately 1808 days
FRA-10069,Rajasthan,Dungarpur,DELAYED_CLAIM,HIGH,Pending claim has remained unresolved for more than one year.,Submitted: 2024-08-09 | Pending for approximately 756 days
FRA-10073,Madhya Pradesh,Mandla,DELAYED_CLAIM,HIGH,Pending claim has remained unresolved for more than one year.,Submitted: 2024-01-08 | Pending for approximately 970 days
FRA-10074,Jharkhand,West Singhbhum,DELAYED_CLAIM,HIGH,Pending claim has remained unresolved for more than one year.,Submitted: 2021-08-09 | Pending for approximately 1852 days
FRA-10079,Jharkhand,Simdega,DELAYED_CLAIM,MEDIUM,Pending claim has remained unresolved for more than one year.,Submitted: 2025-05-27 | Pending for approximately 465 days
FRA-10081,Chhattisgarh,Kanker,DELAYED_CLAIM,HIGH,Pending claim has remained unresolved for more than one year.,Submitted: 2020-04-12 | Pending for approximately 2336 days
FRA-10082,Rajasthan,Pratapgarh,DELAYED_CLAIM,HIGH,Pending claim has remained unresolved for more than one year.,Submitted: 2020-06-01 | Pending for approximately 2286 days
FRA-10086,Maharashtra,Nandurbar,DELAYED_CLAIM,HIGH,Pending claim has remained unresolved for more than one year.,Submitted: 2020-01-12 | Pending for approximately 2427 days
FRA-10087,Madhya Pradesh,Balaghat,DELAYED_CLAIM,HIGH,Pending claim has remained unresolved for more than one year.,Submitted: 2023-08-19 | Pending for approximately 1112 days
FRA-10088,Gujarat,Valsad,DELAYED_CLAIM,MEDIUM,Pending claim has remained unresolved for more than one year.,Submitted: 2025-08-25 | Pending for approximately 375 days
FRA-10091,Rajasthan,Sirohi,DELAYED_CLAIM,MEDIUM,Pending claim has remained unresolved for more than one year.,Submitted: 2025-01-23 | Pending for approximately 589 days
FRA-10092,Rajasthan,Banswara,DELAYED_CLAIM,MEDIUM,Pending claim has remained unresolved for more than one year.,Submitted: 2025-04-26 | Pending for approximately 496 days
FRA-10094,Madhya Pradesh,Chhindwara,DELAYED_CLAIM,MEDIUM,Pending claim has remained unresolved for more than one year.,Submitted: 2025-05-29 | Pending for approximately 463 days
FRA-10096,Odisha,Mayurbhanj,DELAYED_CLAIM,HIGH,Pending claim has remained unresolved for more than one year.,Submitted: 2024-06-29 | Pending for approximately 797 days
FRA-10099,Maharashtra,Amravati,DELAYED_CLAIM,HIGH,Pending claim has remained unresolved for more than one year.,Submitted: 2022-04-17 | Pending for approximately 1601 days
FRA-10107,Chhattisgarh,Korba,DELAYED_CLAIM,HIGH,Pending claim has remained unresolved for more than one year.,Submitted: 2021-02-27 | Pending for approximately 2015 days
FRA-10108,Chhattisgarh,Korba,DELAYED_CLAIM,HIGH,Pending claim has remained unresolved for more than one year.,Submitted: 2024-03-07 | Pending for approximately 911 days
FRA-10111,Rajasthan,Pratapgarh,DELAYED_CLAIM,HIGH,Pending claim has remained unresolved for more than one year.,Submitted: 2023-06-19 | Pending for approximately 1173 days
FRA-10117,Gujarat,Valsad,DELAYED_CLAIM,HIGH,Pending claim has remained unresolved for more than one year.,Submitted: 2023-03-21 | Pending for approximately 1263 days
FRA-10121,Odisha,Mayurbhanj,DELAYED_CLAIM,HIGH,Pending claim has remained unresolved for more than one year.,Submitted: 2022-09-14 | Pending for approximately 1451 days
FRA-10126,Rajasthan,Pratapgarh,DELAYED_CLAIM,HIGH,Pending claim has remained unresolved for more than one year.,Submitted: 2023-12-15 | Pending for approximately 994 days
FRA-10127,Jharkhand,Gumla,DELAYED_CLAIM,MEDIUM,Pending claim has remained unresolved for more than one year.,Submitted: 2024-11-29 | Pending for approximately 644 days
FRA-10129,Jharkhand,West Singhbhum,DELAYED_CLAIM,HIGH,Pending claim has remained unresolved for more than one year.,Submitted: 2022-12-02 | Pending for approximately 1372 days
FRA-10134,Chhattisgarh,Korba,DELAYED_CLAIM,HIGH,Pending claim has remained unresolved for more than one year.,Submitted: 2021-05-23 | Pending for approximately 1930 days
FRA-10139,Jharkhand,Latehar,DELAYED_CLAIM,HIGH,Pending claim has remained unresolved for more than one year.,Submitted: 2021-05-16 | Pending for approximately 1937 days
FRA-10141,Chhattisgarh,Korba,DELAYED_CLAIM,HIGH,Pending claim has remained unresolved for more than one year.,Submitted: 2023-12-16 | Pending for approximately 993 days
FRA-10143,Odisha,Sundargarh,DELAYED_CLAIM,HIGH,Pending claim has remained unresolved for more than one year.,Submitted: 2021-01-31 | Pending for approximately 2042 days
FRA-10149,Chhattisgarh,Dantewada,DELAYED_CLAIM,HIGH,Pending claim has remained unresolved for more than one year.,Submitted: 2023-05-07 | Pending for approximately 1216 days
FRA-10151,Madhya Pradesh,Balaghat,DELAYED_CLAIM,MEDIUM,Pending claim has remained unresolved for more than one year.,Submitted: 2024-12-16 | Pending for approximately 627 days
FRA-10152,Madhya Pradesh,Chhindwara,DELAYED_CLAIM,HIGH,Pending claim has remained unresolved for more than one year.,Submitted: 2020-07-26 | Pending for approximately 2231 days
FRA-10155,Gujarat,Tapi,DELAYED_CLAIM,HIGH,Pending claim has remained unresolved for more than one year.,Submitted: 2023-03-31 | Pending for approximately 1253 days
FRA-10158,Maharashtra,Amravati,DELAYED_CLAIM,HIGH,Pending claim has remained unresolved for more than one year.,Submitted: 2022-12-04 | Pending for approximately 1370 days
FRA-10159,Rajasthan,Banswara,DELAYED_CLAIM,HIGH,Pending claim has remained unresolved for more than one year.,Submitted: 2021-04-29 | Pending for approximately 1954 days
FRA-10160,Rajasthan,Banswara,DELAYED_CLAIM,HIGH,Pending claim has remained unresolved for more than one year.,Submitted: 2021-07-01 | Pending for approximately 1891 days
FRA-10161,Rajasthan,Sirohi,DELAYED_CLAIM,MEDIUM,Pending claim has remained unresolved for more than one year.,Submitted: 2025-01-03 | Pending for approximately 609 days
FRA-10163,Jharkhand,West Singhbhum,DELAYED_CLAIM,MEDIUM,Pending claim has remained unresolved for more than one year.,Submitted: 2025-03-08 | Pending for approximately 545 days
FRA-10167,Chhattisgarh,Kanker,DELAYED_CLAIM,HIGH,Pending claim has remained unresolved for more than one year.,Submitted: 2021-04-07 | Pending for approximately 1976 days
FRA-10172,Chhattisgarh,Surguja,DELAYED_CLAIM,HIGH,Pending claim has remained unresolved for more than one year.,Submitted: 2022-09-21 | Pending for approximately 1444 days
FRA-10174,Maharashtra,Nandurbar,DELAYED_CLAIM,MEDIUM,Pending claim has remained unresolved for more than one year.,Submitted: 2025-05-15 | Pending for approximately 477 days
FRA-10176,Chhattisgarh,Bastar,DELAYED_CLAIM,HIGH,Pending claim has remained unresolved for more than one year.,Submitted: 2021-08-20 | Pending for approximately 1841 days
FRA-10179,Chhattisgarh,Dantewada,DELAYED_CLAIM,HIGH,Pending claim has remained unresolved for more than one year.,Submitted: 2021-09-10 | Pending for approximately 1820 days
FRA-10181,Madhya Pradesh,Chhindwara,DELAYED_CLAIM,HIGH,Pending claim has remained unresolved for more than one year.,Submitted: 2021-01-31 | Pending for approximately 2042 days
FRA-10186,Madhya Pradesh,Betul,DELAYED_CLAIM,HIGH,Pending claim has remained unresolved for more than one year.,Submitted: 2024-06-12 | Pending for approximately 814 days
FRA-10187,Maharashtra,Yavatmal,DELAYED_CLAIM,HIGH,Pending claim has remained unresolved for more than one year.,Submitted: 2023-04-24 | Pending for approximately 1229 days
FRA-10188,Odisha,Kandhamal,DELAYED_CLAIM,HIGH,Pending claim has remained unresolved for more than one year.,Submitted: 2023-06-16 | Pending for approximately 1176 days
FRA-10189,Madhya Pradesh,Mandla,DELAYED_CLAIM,HIGH,Pending claim has remained unresolved for more than one year.,Submitted: 2023-08-21 | Pending for approximately 1110 days
FRA-10190,Jharkhand,Gumla,DELAYED_CLAIM,HIGH,Pending claim has remained unresolved for more than one year.,Submitted: 2023-01-06 | Pending for approximately 1337 days
FRA-10194,Chhattisgarh,Kanker,DELAYED_CLAIM,HIGH,Pending claim has remained unresolved for more than one year.,Submitted: 2024-08-02 | Pending for approximately 763 days
FRA-10212,Chhattisgarh,Surguja,DELAYED_CLAIM,HIGH,Pending claim has remained unresolved for more than one year.,Submitted: 2021-01-16 | Pending for approximately 2057 days
FRA-10216,Rajasthan,Udaipur,DELAYED_CLAIM,MEDIUM,Pending claim has remained unresolved for more than one year.,Submitted: 2025-05-07 | Pending for approximately 485 days
FRA-10217,Rajasthan,Dungarpur,DELAYED_CLAIM,HIGH,Pending claim has remained unresolved for more than one year.,Submitted: 2020-12-31 | Pending for approximately 2073 days
FRA-10221,Madhya Pradesh,Balaghat,DELAYED_CLAIM,HIGH,Pending claim has remained unresolved for more than one year.,Submitted: 2021-04-22 | Pending for approximately 1961 days
FRA-10222,Madhya Pradesh,Mandla,DELAYED_CLAIM,HIGH,Pending claim has remained unresolved for more than one year.,Submitted: 2020-09-04 | Pending for approximately 2191 days
FRA-10223,Rajasthan,Sirohi,DELAYED_CLAIM,HIGH,Pending claim has remained unresolved for more than one year.,Submitted: 2020-12-08 | Pending for approximately 2096 days
FRA-10225,Madhya Pradesh,Dindori,DELAYED_CLAIM,HIGH,Pending claim has remained unresolved for more than one year.,Submitted: 2023-11-21 | Pending for approximately 1018 days
FRA-10228,Odisha,Keonjhar,DELAYED_CLAIM,HIGH,Pending claim has remained unresolved for more than one year.,Submitted: 2020-05-24 | Pending for approximately 2294 days
FRA-10229,Gujarat,Dangs,DELAYED_CLAIM,HIGH,Pending claim has remained unresolved for more than one year.,Submitted: 2020-08-03 | Pending for approximately 2223 days
FRA-10230,Odisha,Mayurbhanj,DELAYED_CLAIM,HIGH,Pending claim has remained unresolved for more than one year.,Submitted: 2022-04-01 | Pending for approximately 1617 days
FRA-10232,Madhya Pradesh,Dindori,DELAYED_CLAIM,MEDIUM,Pending claim has remained unresolved for more than one year.,Submitted: 2025-07-08 | Pending for approximately 423 days
FRA-10234,Rajasthan,Banswara,DELAYED_CLAIM,HIGH,Pending claim has remained unresolved for more than one year.,Submitted: 2020-11-01 | Pending for approximately 2133 days
FRA-10238,Jharkhand,Simdega,DELAYED_CLAIM,HIGH,Pending claim has remained unresolved for more than one year.,Submitted: 2020-09-21 | Pending for approximately 2174 days
FRA-10240,Odisha,Keonjhar,DELAYED_CLAIM,HIGH,Pending claim has remained unresolved for more than one year.,Submitted: 2022-10-03 | Pending for approximately 1432 days
FRA-10242,Jharkhand,Simdega,DELAYED_CLAIM,HIGH,Pending claim has remained unresolved for more than one year.,Submitted: 2023-07-30 | Pending for approximately 1132 days
FRA-10245,Odisha,Koraput,DELAYED_CLAIM,HIGH,Pending claim has remained unresolved for more than one year.,Submitted: 2022-08-10 | Pending for approximately 1486 days
FRA-10248,Rajasthan,Sirohi,DELAYED_CLAIM,HIGH,Pending claim has remained unresolved for more than one year.,Submitted: 2021-12-19 | Pending for approximately 1720 days
FRA-10252,Chhattisgarh,Bastar,DELAYED_CLAIM,HIGH,Pending claim has remained unresolved for more than one year.,Submitted: 2020-03-23 | Pending for approximately 2356 days
FRA-10257,Maharashtra,Nashik,DELAYED_CLAIM,HIGH,Pending claim has remained unresolved for more than one year.,Submitted: 2021-01-31 | Pending for approximately 2042 days
FRA-10268,Maharashtra,Yavatmal,DELAYED_CLAIM,HIGH,Pending claim has remained unresolved for more than one year.,Submitted: 2022-06-25 | Pending for approximately 1532 days
FRA-10269,Maharashtra,Nandurbar,DELAYED_CLAIM,HIGH,Pending claim has remained unresolved for more than one year.,Submitted: 2022-10-30 | Pending for approximately 1405 days
FRA-10270,Odisha,Koraput,DELAYED_CLAIM,HIGH,Pending claim has remained unresolved for more than one year.,Submitted: 2021-02-13 | Pending for approximately 2029 days
FRA-10279,Chhattisgarh,Bastar,DELAYED_CLAIM,HIGH,Pending claim has remained unresolved for more than one year.,Submitted: 2024-03-08 | Pending for approximately 910 days
FRA-10280,Rajasthan,Banswara,DELAYED_CLAIM,HIGH,Pending claim has remained unresolved for more than one year.,Submitted: 2021-06-17 | Pending for approximately 1905 days
FRA-10282,Rajasthan,Udaipur,DELAYED_CLAIM,HIGH,Pending claim has remained unresolved for more than one year.,Submitted: 2024-02-10 | Pending for approximately 937 days
FRA-10283,Madhya Pradesh,Mandla,DELAYED_CLAIM,HIGH,Pending claim has remained unresolved for more than one year.,Submitted: 2021-04-19 | Pending for approximately 1964 days
FRA-10284,Chhattisgarh,Bastar,DELAYED_CLAIM,HIGH,Pending claim has remained unresolved for more than one year.,Submitted: 2021-07-15 | Pending for approximately 1877 days
FRA-10286,Maharashtra,Gadchiroli,DELAYED_CLAIM,HIGH,Pending claim has remained unresolved for more than one year.,Submitted: 2021-03-28 | Pending for approximately 1986 days
FRA-10294,Rajasthan,Pratapgarh,DELAYED_CLAIM,MEDIUM,Pending claim has remained unresolved for more than one year.,Submitted: 2025-02-23 | Pending for approximately 558 days
FRA-10298,Odisha,Sundargarh,DELAYED_CLAIM,HIGH,Pending claim has remained unresolved for more than one year.,Submitted: 2024-05-28 | Pending for approximately 829 days
FRA-10299,Chhattisgarh,Korba,DELAYED_CLAIM,MEDIUM,Pending claim has remained unresolved for more than one year.,Submitted: 2025-08-05 | Pending for approximately 395 days
FRA-10302,Jharkhand,Simdega,DELAYED_CLAIM,HIGH,Pending claim has remained unresolved for more than one year.,Submitted: 2021-12-15 | Pending for approximately 1724 days
FRA-10304,Chhattisgarh,Dantewada,DELAYED_CLAIM,HIGH,Pending claim has remained unresolved for more than one year.,Submitted: 2022-12-29 | Pending for approximately 1345 days
FRA-10308,Madhya Pradesh,Betul,DELAYED_CLAIM,HIGH,Pending claim has remained unresolved for more than one year.,Submitted: 2021-10-21 | Pending for approximately 1779 days
FRA-10314,Gujarat,Dangs,DELAYED_CLAIM,MEDIUM,Pending claim has remained unresolved for more than one year.,Submitted: 2025-02-23 | Pending for approximately 558 days
FRA-10319,Chhattisgarh,Korba,DELAYED_CLAIM,HIGH,Pending claim has remained unresolved for more than one year.,Submitted: 2022-11-01 | Pending for approximately 1403 days
FRA-10320,Jharkhand,Ranchi,DELAYED_CLAIM,HIGH,Pending claim has remained unresolved for more than one year.,Submitted: 2021-02-06 | Pending for approximately 2036 days
FRA-10322,Madhya Pradesh,Balaghat,DELAYED_CLAIM,MEDIUM,Pending claim has remained unresolved for more than one year.,Submitted: 2024-11-21 | Pending for approximately 652 days
FRA-10330,Rajasthan,Banswara,DELAYED_CLAIM,HIGH,Pending claim has remained unresolved for more than one year.,Submitted: 2024-01-23 | Pending for approximately 955 days
FRA-10331,Chhattisgarh,Surguja,DELAYED_CLAIM,HIGH,Pending claim has remained unresolved for more than one year.,Submitted: 2024-08-10 | Pending for approximately 755 days
FRA-10333,Jharkhand,West Singhbhum,DELAYED_CLAIM,HIGH,Pending claim has remained unresolved for more than one year.,Submitted: 2024-08-09 | Pending for approximately 756 days
FRA-10334,Odisha,Keonjhar,DELAYED_CLAIM,HIGH,Pending claim has remained unresolved for more than one year.,Submitted: 2024-03-29 | Pending for approximately 889 days
FRA-10337,Maharashtra,Nashik,DELAYED_CLAIM,HIGH,Pending claim has remained unresolved for more than one year.,Submitted: 2020-12-09 | Pending for approximately 2095 days
FRA-10344,Rajasthan,Pratapgarh,DELAYED_CLAIM,HIGH,Pending claim has remained unresolved for more than one year.,Submitted: 2020-03-03 | Pending for approximately 2376 days
FRA-10348,Jharkhand,Ranchi,DELAYED_CLAIM,HIGH,Pending claim has remained unresolved for more than one year.,Submitted: 2023-03-22 | Pending for approximately 1262 days
FRA-10350,Odisha,Koraput,DELAYED_CLAIM,HIGH,Pending claim has remained unresolved for more than one year.,Submitted: 2020-11-17 | Pending for approximately 2117 days
FRA-10353,Madhya Pradesh,Dindori,DELAYED_CLAIM,HIGH,Pending claim has remained unresolved for more than one year.,Submitted: 2024-01-21 | Pending for approximately 957 days
FRA-10361,Maharashtra,Amravati,DELAYED_CLAIM,MEDIUM,Pending claim has remained unresolved for more than one year.,Submitted: 2025-04-22 | Pending for approximately 500 days
FRA-10362,Rajasthan,Pratapgarh,DELAYED_CLAIM,HIGH,Pending claim has remained unresolved for more than one year.,Submitted: 2023-03-09 | Pending for approximately 1275 days
FRA-10366,Chhattisgarh,Korba,DELAYED_CLAIM,HIGH,Pending claim has remained unresolved for more than one year.,Submitted: 2024-05-15 | Pending for approximately 842 days
FRA-10371,Chhattisgarh,Bastar,DELAYED_CLAIM,HIGH,Pending claim has remained unresolved for more than one year.,Submitted: 2021-04-27 | Pending for approximately 1956 days
FRA-10375,Rajasthan,Pratapgarh,DELAYED_CLAIM,HIGH,Pending claim has remained unresolved for more than one year.,Submitted: 2020-06-10 | Pending for approximately 2277 days
FRA-10387,Jharkhand,West Singhbhum,DELAYED_CLAIM,HIGH,Pending claim has remained unresolved for more than one year.,Submitted: 2020-11-12 | Pending for approximately 2122 days
FRA-10398,Chhattisgarh,Korba,DELAYED_CLAIM,HIGH,Pending claim has remained unresolved for more than one year.,Submitted: 2022-10-10 | Pending for approximately 1425 days
FRA-10402,Gujarat,Narmada,DELAYED_CLAIM,HIGH,Pending claim has remained unresolved for more than one year.,Submitted: 2021-12-25 | Pending for approximately 1714 days
FRA-10413,Chhattisgarh,Surguja,DELAYED_CLAIM,MEDIUM,Pending claim has remained unresolved for more than one year.,Submitted: 2025-07-14 | Pending for approximately 417 days
FRA-10417,Odisha,Sundargarh,DELAYED_CLAIM,HIGH,Pending claim has remained unresolved for more than one year.,Submitted: 2022-05-06 | Pending for approximately 1582 days
FRA-10419,Maharashtra,Gadchiroli,DELAYED_CLAIM,HIGH,Pending claim has remained unresolved for more than one year.,Submitted: 2021-10-01 | Pending for approximately 1799 days
FRA-10420,Rajasthan,Dungarpur,DELAYED_CLAIM,HIGH,Pending claim has remained unresolved for more than one year.,Submitted: 2020-10-04 | Pending for approximately 2161 days
FRA-10421,Jharkhand,Ranchi,DELAYED_CLAIM,HIGH,Pending claim has remained unresolved for more than one year.,Submitted: 2023-10-16 | Pending for approximately 1054 days
FRA-10423,Madhya Pradesh,Dindori,DELAYED_CLAIM,HIGH,Pending claim has remained unresolved for more than one year.,Submitted: 2024-03-16 | Pending for approximately 902 days
FRA-10424,Rajasthan,Udaipur,DELAYED_CLAIM,HIGH,Pending claim has remained unresolved for more than one year.,Submitted: 2022-08-31 | Pending for approximately 1465 days
FRA-10433,Odisha,Kandhamal,DELAYED_CLAIM,HIGH,Pending claim has remained unresolved for more than one year.,Submitted: 2021-02-25 | Pending for approximately 2017 days
FRA-10434,Jharkhand,West Singhbhum,DELAYED_CLAIM,HIGH,Pending claim has remained unresolved for more than one year.,Submitted: 2021-10-13 | Pending for approximately 1787 days
FRA-10439,Gujarat,Valsad,DELAYED_CLAIM,HIGH,Pending claim has remained unresolved for more than one year.,Submitted: 2024-06-02 | Pending for approximately 824 days
FRA-10441,Rajasthan,Pratapgarh,DELAYED_CLAIM,HIGH,Pending claim has remained unresolved for more than one year.,Submitted: 2021-07-16 | Pending for approximately 1876 days
FRA-10445,Madhya Pradesh,Balaghat,DELAYED_CLAIM,MEDIUM,Pending claim has remained unresolved for more than one year.,Submitted: 2025-02-02 | Pending for approximately 579 days
FRA-10447,Chhattisgarh,Bastar,DELAYED_CLAIM,HIGH,Pending claim has remained unresolved for more than one year.,Submitted: 2023-02-12 | Pending for approximately 1300 days
FRA-10449,Gujarat,Narmada,DELAYED_CLAIM,HIGH,Pending claim has remained unresolved for more than one year.,Submitted: 2021-08-10 | Pending for approximately 1851 days
FRA-10452,Jharkhand,Simdega,DELAYED_CLAIM,HIGH,Pending claim has remained unresolved for more than one year.,Submitted: 2021-02-06 | Pending for approximately 2036 days
FRA-10453,Odisha,Koraput,DELAYED_CLAIM,HIGH,Pending claim has remained unresolved for more than one year.,Submitted: 2020-02-04 | Pending for approximately 2404 days
FRA-10454,Maharashtra,Gadchiroli,DELAYED_CLAIM,HIGH,Pending claim has remained unresolved for more than one year.,Submitted: 2022-06-07 | Pending for approximately 1550 days
FRA-10455,Gujarat,Bharuch,DELAYED_CLAIM,HIGH,Pending claim has remained unresolved for more than one year.,Submitted: 2021-03-30 | Pending for approximately 1984 days
FRA-10458,Madhya Pradesh,Mandla,DELAYED_CLAIM,MEDIUM,Pending claim has remained unresolved for more than one year.,Submitted: 2024-12-31 | Pending for approximately 612 days
FRA-10462,Madhya Pradesh,Betul,DELAYED_CLAIM,HIGH,Pending claim has remained unresolved for more than one year.,Submitted: 2022-03-01 | Pending for approximately 1648 days
FRA-10463,Jharkhand,West Singhbhum,DELAYED_CLAIM,HIGH,Pending claim has remained unresolved for more than one year.,Submitted: 2023-10-21 | Pending for approximately 1049 days
FRA-10467,Maharashtra,Nashik,DELAYED_CLAIM,HIGH,Pending claim has remained unresolved for more than one year.,Submitted: 2024-08-27 | Pending for approximately 738 days
FRA-10468,Jharkhand,West Singhbhum,DELAYED_CLAIM,MEDIUM,Pending claim has remained unresolved for more than one year.,Submitted: 2025-06-17 | Pending for approximately 444 days
FRA-10470,Gujarat,Valsad,DELAYED_CLAIM,HIGH,Pending claim has remained unresolved for more than one year.,Submitted: 2022-08-23 | Pending for approximately 1473 days
FRA-10471,Gujarat,Narmada,DELAYED_CLAIM,HIGH,Pending claim has remained unresolved for more than one year.,Submitted: 2021-09-03 | Pending for approximately 1827 days
FRA-10472,Odisha,Kandhamal,DELAYED_CLAIM,MEDIUM,Pending claim has remained unresolved for more than one year.,Submitted: 2025-01-30 | Pending for approximately 582 days
FRA-10475,Maharashtra,Nashik,DELAYED_CLAIM,HIGH,Pending claim has remained unresolved for more than one year.,Submitted: 2021-07-22 | Pending for approximately 1870 days
FRA-10477,Maharashtra,Nashik,DELAYED_CLAIM,HIGH,Pending claim has remained unresolved for more than one year.,Submitted: 2021-09-02 | Pending for approximately 1828 days
FRA-10489,Maharashtra,Nandurbar,DELAYED_CLAIM,HIGH,Pending claim has remained unresolved for more than one year.,Submitted: 2023-07-20 | Pending for approximately 1142 days
FRA-10490,Maharashtra,Nashik,DELAYED_CLAIM,HIGH,Pending claim has remained unresolved for more than one year.,Submitted: 2021-06-25 | Pending for approximately 1897 days
FRA-10493,Rajasthan,Dungarpur,DELAYED_CLAIM,HIGH,Pending claim has remained unresolved for more than one year.,Submitted: 2023-02-12 | Pending for approximately 1300 days
FRA-10496,Maharashtra,Yavatmal,DELAYED_CLAIM,HIGH,Pending claim has remained unresolved for more than one year.,Submitted: 2023-05-27 | Pending for approximately 1196 days
FRA-10497,Madhya Pradesh,Betul,DELAYED_CLAIM,HIGH,Pending claim has remained unresolved for more than one year.,Submitted: 2021-06-10 | Pending for approximately 1912 days
FRA-10504,Chhattisgarh,Bastar,DELAYED_CLAIM,HIGH,Pending claim has remained unresolved for more than one year.,Submitted: 2020-03-12 | Pending for approximately 2367 days
FRA-10506,Madhya Pradesh,Betul,DELAYED_CLAIM,HIGH,Pending claim has remained unresolved for more than one year.,Submitted: 2021-03-17 | Pending for approximately 1997 days
FRA-10510,Maharashtra,Yavatmal,DELAYED_CLAIM,HIGH,Pending claim has remained unresolved for more than one year.,Submitted: 2023-07-11 | Pending for approximately 1151 days
FRA-10515,Madhya Pradesh,Balaghat,DELAYED_CLAIM,HIGH,Pending claim has remained unresolved for more than one year.,Submitted: 2021-07-05 | Pending for approximately 1887 days
FRA-10517,Odisha,Sundargarh,DELAYED_CLAIM,HIGH,Pending claim has remained unresolved for more than one year.,Submitted: 2021-04-18 | Pending for approximately 1965 days
FRA-10520,Madhya Pradesh,Mandla,DELAYED_CLAIM,HIGH,Pending claim has remained unresolved for more than one year.,Submitted: 2024-02-09 | Pending for approximately 938 days
FRA-10523,Jharkhand,Ranchi,DELAYED_CLAIM,HIGH,Pending claim has remained unresolved for more than one year.,Submitted: 2022-04-23 | Pending for approximately 1595 days
FRA-10529,Madhya Pradesh,Dindori,DELAYED_CLAIM,HIGH,Pending claim has remained unresolved for more than one year.,Submitted: 2023-06-25 | Pending for approximately 1167 days
FRA-10533,Chhattisgarh,Dantewada,DELAYED_CLAIM,HIGH,Pending claim has remained unresolved for more than one year.,Submitted: 2023-01-29 | Pending for approximately 1314 days
FRA-10537,Chhattisgarh,Bastar,DELAYED_CLAIM,MEDIUM,Pending claim has remained unresolved for more than one year.,Submitted: 2025-07-06 | Pending for approximately 425 days
FRA-10549,Maharashtra,Nandurbar,DELAYED_CLAIM,MEDIUM,Pending claim has remained unresolved for more than one year.,Submitted: 2025-04-10 | Pending for approximately 512 days
FRA-10553,Rajasthan,Banswara,DELAYED_CLAIM,HIGH,Pending claim has remained unresolved for more than one year.,Submitted: 2020-06-28 | Pending for approximately 2259 days
FRA-10554,Gujarat,Dangs,DELAYED_CLAIM,HIGH,Pending claim has remained unresolved for more than one year.,Submitted: 2021-05-03 | Pending for approximately 1950 days
FRA-10556,Jharkhand,Gumla,DELAYED_CLAIM,HIGH,Pending claim has remained unresolved for more than one year.,Submitted: 2024-02-14 | Pending for approximately 933 days
FRA-10560,Jharkhand,Ranchi,DELAYED_CLAIM,MEDIUM,Pending claim has remained unresolved for more than one year.,Submitted: 2025-03-10 | Pending for approximately 543 days
FRA-10562,Jharkhand,Ranchi,DELAYED_CLAIM,HIGH,Pending claim has remained unresolved for more than one year.,Submitted: 2021-12-04 | Pending for approximately 1735 days
FRA-10579,Jharkhand,Latehar,DELAYED_CLAIM,HIGH,Pending claim has remained unresolved for more than one year.,Submitted: 2021-04-22 | Pending for approximately 1961 days
FRA-10581,Rajasthan,Pratapgarh,DELAYED_CLAIM,HIGH,Pending claim has remained unresolved for more than one year.,Submitted: 2020-09-02 | Pending for approximately 2193 days
FRA-10584,Gujarat,Tapi,DELAYED_CLAIM,HIGH,Pending claim has remained unresolved for more than one year.,Submitted: 2021-06-16 | Pending for approximately 1906 days
FRA-10586,Gujarat,Bharuch,DELAYED_CLAIM,MEDIUM,Pending claim has remained unresolved for more than one year.,Submitted: 2025-04-22 | Pending for approximately 500 days
FRA-10587,Madhya Pradesh,Balaghat,DELAYED_CLAIM,HIGH,Pending claim has remained unresolved for more than one year.,Submitted: 2021-09-19 | Pending for approximately 1811 days
FRA-10595,Madhya Pradesh,Mandla,DELAYED_CLAIM,HIGH,Pending claim has remained unresolved for more than one year.,Submitted: 2021-08-06 | Pending for approximately 1855 days
FRA-10605,Chhattisgarh,Korba,DELAYED_CLAIM,HIGH,Pending claim has remained unresolved for more than one year.,Submitted: 2024-06-10 | Pending for approximately 816 days
FRA-10608,Gujarat,Dangs,DELAYED_CLAIM,HIGH,Pending claim has remained unresolved for more than one year.,Submitted: 2023-02-12 | Pending for approximately 1300 days
FRA-10610,Gujarat,Valsad,DELAYED_CLAIM,MEDIUM,Pending claim has remained unresolved for more than one year.,Submitted: 2025-04-23 | Pending for approximately 499 days
FRA-10611,Rajasthan,Pratapgarh,DELAYED_CLAIM,HIGH,Pending claim has remained unresolved for more than one year.,Submitted: 2020-09-05 | Pending for approximately 2190 days
FRA-10612,Odisha,Sundargarh,DELAYED_CLAIM,HIGH,Pending claim has remained unresolved for more than one year.,Submitted: 2020-08-16 | Pending for approximately 2210 days
FRA-10620,Madhya Pradesh,Dindori,DELAYED_CLAIM,HIGH,Pending claim has remained unresolved for more than one year.,Submitted: 2022-12-09 | Pending for approximately 1365 days
FRA-10622,Madhya Pradesh,Dindori,DELAYED_CLAIM,HIGH,Pending claim has remained unresolved for more than one year.,Submitted: 2022-02-15 | Pending for approximately 1662 days
FRA-10628,Rajasthan,Udaipur,DELAYED_CLAIM,MEDIUM,Pending claim has remained unresolved for more than one year.,Submitted: 2025-08-17 | Pending for approximately 383 days
FRA-10632,Chhattisgarh,Surguja,DELAYED_CLAIM,HIGH,Pending claim has remained unresolved for more than one year.,Submitted: 2021-07-23 | Pending for approximately 1869 days
FRA-10635,Gujarat,Bharuch,DELAYED_CLAIM,HIGH,Pending claim has remained unresolved for more than one year.,Submitted: 2020-10-11 | Pending for approximately 2154 days
FRA-10640,Chhattisgarh,Dantewada,DELAYED_CLAIM,HIGH,Pending claim has remained unresolved for more than one year.,Submitted: 2020-06-27 | Pending for approximately 2260 days
FRA-10643,Madhya Pradesh,Mandla,DELAYED_CLAIM,MEDIUM,Pending claim has remained unresolved for more than one year.,Submitted: 2024-11-27 | Pending for approximately 646 days
FRA-10644,Madhya Pradesh,Chhindwara,DELAYED_CLAIM,HIGH,Pending claim has remained unresolved for more than one year.,Submitted: 2020-02-15 | Pending for approximately 2393 days
FRA-10652,Maharashtra,Amravati,DELAYED_CLAIM,MEDIUM,Pending claim has remained unresolved for more than one year.,Submitted: 2024-12-22 | Pending for approximately 621 days
FRA-10653,Gujarat,Valsad,DELAYED_CLAIM,HIGH,Pending claim has remained unresolved for more than one year.,Submitted: 2023-09-18 | Pending for approximately 1082 days
FRA-10654,Gujarat,Tapi,DELAYED_CLAIM,HIGH,Pending claim has remained unresolved for more than one year.,Submitted: 2020-01-25 | Pending for approximately 2414 days
FRA-10657,Gujarat,Tapi,DELAYED_CLAIM,HIGH,Pending claim has remained unresolved for more than one year.,Submitted: 2021-09-16 | Pending for approximately 1814 days
FRA-10687,Rajasthan,Udaipur,DELAYED_CLAIM,MEDIUM,Pending claim has remained unresolved for more than one year.,Submitted: 2025-06-06 | Pending for approximately 455 days
FRA-10696,Gujarat,Narmada,DELAYED_CLAIM,HIGH,Pending claim has remained unresolved for more than one year.,Submitted: 2022-06-29 | Pending for approximately 1528 days
FRA-10699,Jharkhand,West Singhbhum,DELAYED_CLAIM,HIGH,Pending claim has remained unresolved for more than one year.,Submitted: 2023-12-20 | Pending for approximately 989 days
FRA-10705,Odisha,Sundargarh,DELAYED_CLAIM,MEDIUM,Pending claim has remained unresolved for more than one year.,Submitted: 2025-03-11 | Pending for approximately 542 days
FRA-10706,Madhya Pradesh,Balaghat,DELAYED_CLAIM,HIGH,Pending claim has remained unresolved for more than one year.,Submitted: 2023-12-23 | Pending for approximately 986 days
FRA-10707,Madhya Pradesh,Dindori,DELAYED_CLAIM,MEDIUM,Pending claim has remained unresolved for more than one year.,Submitted: 2025-04-11 | Pending for approximately 511 days
FRA-10713,Madhya Pradesh,Dindori,DELAYED_CLAIM,HIGH,Pending claim has remained unresolved for more than one year.,Submitted: 2022-02-26 | Pending for approximately 1651 days
FRA-10715,Madhya Pradesh,Dindori,DELAYED_CLAIM,HIGH,Pending claim has remained unresolved for more than one year.,Submitted: 2023-08-10 | Pending for approximately 1121 days
FRA-10720,Jharkhand,Ranchi,DELAYED_CLAIM,HIGH,Pending claim has remained unresolved for more than one year.,Submitted: 2021-06-12 | Pending for approximately 1910 days
FRA-10725,Madhya Pradesh,Mandla,DELAYED_CLAIM,HIGH,Pending claim has remained unresolved for more than one year.,Submitted: 2023-02-19 | Pending for approximately 1293 days
FRA-10728,Rajasthan,Banswara,DELAYED_CLAIM,HIGH,Pending claim has remained unresolved for more than one year.,Submitted: 2021-12-28 | Pending for approximately 1711 days
FRA-10741,Gujarat,Bharuch,DELAYED_CLAIM,HIGH,Pending claim has remained unresolved for more than one year.,Submitted: 2024-02-05 | Pending for approximately 942 days
FRA-10743,Gujarat,Narmada,DELAYED_CLAIM,MEDIUM,Pending claim has remained unresolved for more than one year.,Submitted: 2024-10-01 | Pending for approximately 703 days
FRA-10744,Chhattisgarh,Dantewada,DELAYED_CLAIM,HIGH,Pending claim has remained unresolved for more than one year.,Submitted: 2024-03-26 | Pending for approximately 892 days
FRA-10746,Maharashtra,Nashik,DELAYED_CLAIM,HIGH,Pending claim has remained unresolved for more than one year.,Submitted: 2022-05-17 | Pending for approximately 1571 days
FRA-10749,Jharkhand,Ranchi,DELAYED_CLAIM,MEDIUM,Pending claim has remained unresolved for more than one year.,Submitted: 2025-03-11 | Pending for approximately 542 days
FRA-10753,Odisha,Keonjhar,DELAYED_CLAIM,HIGH,Pending claim has remained unresolved for more than one year.,Submitted: 2021-05-22 | Pending for approximately 1931 days
FRA-10759,Maharashtra,Gadchiroli,DELAYED_CLAIM,MEDIUM,Pending claim has remained unresolved for more than one year.,Submitted: 2025-01-23 | Pending for approximately 589 days
FRA-10764,Odisha,Sundargarh,DELAYED_CLAIM,MEDIUM,Pending claim has remained unresolved for more than one year.,Submitted: 2025-08-06 | Pending for approximately 394 days
FRA-10765,Maharashtra,Amravati,DELAYED_CLAIM,HIGH,Pending claim has remained unresolved for more than one year.,Submitted: 2021-10-28 | Pending for approximately 1772 days
FRA-10766,Gujarat,Dangs,DELAYED_CLAIM,HIGH,Pending claim has remained unresolved for more than one year.,Submitted: 2021-08-16 | Pending for approximately 1845 days
FRA-10768,Odisha,Koraput,DELAYED_CLAIM,HIGH,Pending claim has remained unresolved for more than one year.,Submitted: 2022-12-19 | Pending for approximately 1355 days
FRA-10780,Chhattisgarh,Surguja,DELAYED_CLAIM,HIGH,Pending claim has remained unresolved for more than one year.,Submitted: 2023-07-29 | Pending for approximately 1133 days
FRA-10781,Maharashtra,Gadchiroli,DELAYED_CLAIM,HIGH,Pending claim has remained unresolved for more than one year.,Submitted: 2024-08-05 | Pending for approximately 760 days
FRA-10782,Gujarat,Valsad,DELAYED_CLAIM,HIGH,Pending claim has remained unresolved for more than one year.,Submitted: 2022-10-01 | Pending for approximately 1434 days
FRA-10785,Jharkhand,Simdega,DELAYED_CLAIM,HIGH,Pending claim has remained unresolved for more than one year.,Submitted: 2020-03-28 | Pending for approximately 2351 days
FRA-10786,Madhya Pradesh,Chhindwara,DELAYED_CLAIM,HIGH,Pending claim has remained unresolved for more than one year.,Submitted: 2020-03-07 | Pending for approximately 2372 days
FRA-10792,Madhya Pradesh,Betul,DELAYED_CLAIM,HIGH,Pending claim has remained unresolved for more than one year.,Submitted: 2022-06-04 | Pending for approximately 1553 days
FRA-10796,Chhattisgarh,Kanker,DELAYED_CLAIM,HIGH,Pending claim has remained unresolved for more than one year.,Submitted: 2024-04-15 | Pending for approximately 872 days
FRA-10798,Rajasthan,Pratapgarh,DELAYED_CLAIM,HIGH,Pending claim has remained unresolved for more than one year.,Submitted: 2023-01-03 | Pending for approximately 1340 days
FRA-10800,Rajasthan,Pratapgarh,DELAYED_CLAIM,HIGH,Pending claim has remained unresolved for more than one year.,Submitted: 2022-12-16 | Pending for approximately 1358 days
FRA-10801,Gujarat,Narmada,DELAYED_CLAIM,HIGH,Pending claim has remained unresolved for more than one year.,Submitted: 2021-04-04 | Pending for approximately 1979 days
FRA-10803,Odisha,Sundargarh,DELAYED_CLAIM,HIGH,Pending claim has remained unresolved for more than one year.,Submitted: 2024-08-07 | Pending for approximately 758 days
FRA-10815,Rajasthan,Sirohi,DELAYED_CLAIM,HIGH,Pending claim has remained unresolved for more than one year.,Submitted: 2022-04-19 | Pending for approximately 1599 days
FRA-10817,Maharashtra,Gadchiroli,DELAYED_CLAIM,HIGH,Pending claim has remained unresolved for more than one year.,Submitted: 2021-12-01 | Pending for approximately 1738 days
FRA-10819,Chhattisgarh,Kanker,DELAYED_CLAIM,MEDIUM,Pending claim has remained unresolved for more than one year.,Submitted: 2025-07-12 | Pending for approximately 419 days
FRA-10824,Jharkhand,West Singhbhum,DELAYED_CLAIM,HIGH,Pending claim has remained unresolved for more than one year.,Submitted: 2021-10-13 | Pending for approximately 1787 days
FRA-10827,Gujarat,Narmada,DELAYED_CLAIM,HIGH,Pending claim has remained unresolved for more than one year.,Submitted: 2021-01-29 | Pending for approximately 2044 days
FRA-10831,Madhya Pradesh,Chhindwara,DELAYED_CLAIM,MEDIUM,Pending claim has remained unresolved for more than one year.,Submitted: 2025-04-13 | Pending for approximately 509 days
FRA-10836,Odisha,Keonjhar,DELAYED_CLAIM,HIGH,Pending claim has remained unresolved for more than one year.,Submitted: 2021-01-11 | Pending for approximately 2062 days
FRA-10837,Gujarat,Narmada,DELAYED_CLAIM,HIGH,Pending claim has remained unresolved for more than one year.,Submitted: 2021-06-03 | Pending for approximately 1919 days
FRA-10841,Rajasthan,Pratapgarh,DELAYED_CLAIM,HIGH,Pending claim has remained unresolved for more than one year.,Submitted: 2020-05-18 | Pending for approximately 2300 days
FRA-10842,Madhya Pradesh,Betul,DELAYED_CLAIM,HIGH,Pending claim has remained unresolved for more than one year.,Submitted: 2022-04-22 | Pending for approximately 1596 days
FRA-10846,Jharkhand,West Singhbhum,DELAYED_CLAIM,HIGH,Pending claim has remained unresolved for more than one year.,Submitted: 2023-01-05 | Pending for approximately 1338 days
FRA-10847,Gujarat,Narmada,DELAYED_CLAIM,HIGH,Pending claim has remained unresolved for more than one year.,Submitted: 2020-02-06 | Pending for approximately 2402 days
FRA-10848,Jharkhand,Latehar,DELAYED_CLAIM,HIGH,Pending claim has remained unresolved for more than one year.,Submitted: 2022-01-06 | Pending for approximately 1702 days
FRA-10850,Madhya Pradesh,Balaghat,DELAYED_CLAIM,HIGH,Pending claim has remained unresolved for more than one year.,Submitted: 2022-08-19 | Pending for approximately 1477 days
FRA-10852,Madhya Pradesh,Dindori,DELAYED_CLAIM,HIGH,Pending claim has remained unresolved for more than one year.,Submitted: 2021-01-10 | Pending for approximately 2063 days
FRA-10857,Odisha,Kandhamal,DELAYED_CLAIM,HIGH,Pending claim has remained unresolved for more than one year.,Submitted: 2024-07-31 | Pending for approximately 765 days
FRA-10867,Odisha,Kandhamal,DELAYED_CLAIM,HIGH,Pending claim has remained unresolved for more than one year.,Submitted: 2021-12-02 | Pending for approximately 1737 days
FRA-10869,Chhattisgarh,Dantewada,DELAYED_CLAIM,MEDIUM,Pending claim has remained unresolved for more than one year.,Submitted: 2025-07-27 | Pending for approximately 404 days
FRA-10873,Chhattisgarh,Dantewada,DELAYED_CLAIM,HIGH,Pending claim has remained unresolved for more than one year.,Submitted: 2022-05-31 | Pending for approximately 1557 days
FRA-10874,Gujarat,Tapi,DELAYED_CLAIM,HIGH,Pending claim has remained unresolved for more than one year.,Submitted: 2020-08-11 | Pending for approximately 2215 days
FRA-10876,Gujarat,Bharuch,DELAYED_CLAIM,HIGH,Pending claim has remained unresolved for more than one year.,Submitted: 2022-05-12 | Pending for approximately 1576 days
FRA-10883,Madhya Pradesh,Mandla,DELAYED_CLAIM,MEDIUM,Pending claim has remained unresolved for more than one year.,Submitted: 2025-06-29 | Pending for approximately 432 days
FRA-10886,Chhattisgarh,Dantewada,DELAYED_CLAIM,HIGH,Pending claim has remained unresolved for more than one year.,Submitted: 2021-05-12 | Pending for approximately 1941 days
FRA-10887,Rajasthan,Sirohi,DELAYED_CLAIM,HIGH,Pending claim has remained unresolved for more than one year.,Submitted: 2021-04-26 | Pending for approximately 1957 days
FRA-10908,Madhya Pradesh,Chhindwara,DELAYED_CLAIM,HIGH,Pending claim has remained unresolved for more than one year.,Submitted: 2021-07-26 | Pending for approximately 1866 days
FRA-10913,Chhattisgarh,Surguja,DELAYED_CLAIM,HIGH,Pending claim has remained unresolved for more than one year.,Submitted: 2021-08-27 | Pending for approximately 1834 days
FRA-10915,Rajasthan,Dungarpur,DELAYED_CLAIM,HIGH,Pending claim has remained unresolved for more than one year.,Submitted: 2021-06-10 | Pending for approximately 1912 days
FRA-10917,Rajasthan,Dungarpur,DELAYED_CLAIM,HIGH,Pending claim has remained unresolved for more than one year.,Submitted: 2022-05-15 | Pending for approximately 1573 days
FRA-10919,Gujarat,Tapi,DELAYED_CLAIM,HIGH,Pending claim has remained unresolved for more than one year.,Submitted: 2023-07-30 | Pending for approximately 1132 days
FRA-10920,Gujarat,Dangs,DELAYED_CLAIM,HIGH,Pending claim has remained unresolved for more than one year.,Submitted: 2021-04-19 | Pending for approximately 1964 days
FRA-10922,Madhya Pradesh,Betul,DELAYED_CLAIM,MEDIUM,Pending claim has remained unresolved for more than one year.,Submitted: 2025-06-28 | Pending for approximately 433 days
FRA-10924,Maharashtra,Gadchiroli,DELAYED_CLAIM,HIGH,Pending claim has remained unresolved for more than one year.,Submitted: 2021-08-15 | Pending for approximately 1846 days
FRA-10925,Madhya Pradesh,Balaghat,DELAYED_CLAIM,HIGH,Pending claim has remained unresolved for more than one year.,Submitted: 2021-02-18 | Pending for approximately 2024 days
FRA-10933,Jharkhand,Ranchi,DELAYED_CLAIM,HIGH,Pending claim has remained unresolved for more than one year.,Submitted: 2021-03-29 | Pending for approximately 1985 days
FRA-10935,Gujarat,Tapi,DELAYED_CLAIM,HIGH,Pending claim has remained unresolved for more than one year.,Submitted: 2021-02-04 | Pending for approximately 2038 days
FRA-10936,Madhya Pradesh,Betul,DELAYED_CLAIM,HIGH,Pending claim has remained unresolved for more than one year.,Submitted: 2021-06-22 | Pending for approximately 1900 days
FRA-10938,Chhattisgarh,Kanker,DELAYED_CLAIM,MEDIUM,Pending claim has remained unresolved for more than one year.,Submitted: 2025-04-18 | Pending for approximately 504 days
FRA-10939,Maharashtra,Yavatmal,DELAYED_CLAIM,HIGH,Pending claim has remained unresolved for more than one year.,Submitted: 2021-12-25 | Pending for approximately 1714 days
FRA-10940,Rajasthan,Udaipur,DELAYED_CLAIM,HIGH,Pending claim has remained unresolved for more than one year.,Submitted: 2024-07-22 | Pending for approximately 774 days
FRA-10941,Rajasthan,Sirohi,DELAYED_CLAIM,HIGH,Pending claim has remained unresolved for more than one year.,Submitted: 2021-11-23 | Pending for approximately 1746 days
FRA-10945,Rajasthan,Pratapgarh,DELAYED_CLAIM,HIGH,Pending claim has remained unresolved for more than one year.,Submitted: 2021-06-10 | Pending for approximately 1912 days
FRA-10949,Odisha,Mayurbhanj,DELAYED_CLAIM,HIGH,Pending claim has remained unresolved for more than one year.,Submitted: 2023-09-11 | Pending for approximately 1089 days
FRA-10950,Jharkhand,Latehar,DELAYED_CLAIM,HIGH,Pending claim has remained unresolved for more than one year.,Submitted: 2022-01-18 | Pending for approximately 1690 days
FRA-10952,Madhya Pradesh,Chhindwara,DELAYED_CLAIM,HIGH,Pending claim has remained unresolved for more than one year.,Submitted: 2020-10-26 | Pending for approximately 2139 days
FRA-10957,Rajasthan,Banswara,DELAYED_CLAIM,HIGH,Pending claim has remained unresolved for more than one year.,Submitted: 2021-09-25 | Pending for approximately 1805 days
FRA-10961,Jharkhand,West Singhbhum,DELAYED_CLAIM,HIGH,Pending claim has remained unresolved for more than one year.,Submitted: 2022-09-22 | Pending for approximately 1443 days
FRA-10971,Maharashtra,Gadchiroli,DELAYED_CLAIM,HIGH,Pending claim has remained unresolved for more than one year.,Submitted: 2021-04-02 | Pending for approximately 1981 days
FRA-10972,Odisha,Koraput,DELAYED_CLAIM,HIGH,Pending claim has remained unresolved for more than one year.,Submitted: 2022-06-08 | Pending for approximately 1549 days
FRA-10977,Madhya Pradesh,Dindori,DELAYED_CLAIM,MEDIUM,Pending claim has remained unresolved for more than one year.,Submitted: 2025-04-08 | Pending for approximately 514 days
FRA-10982,Chhattisgarh,Korba,DELAYED_CLAIM,HIGH,Pending claim has remained unresolved for more than one year.,Submitted: 2021-06-15 | Pending for approximately 1907 days
FRA-10987,Madhya Pradesh,Balaghat,DELAYED_CLAIM,HIGH,Pending claim has remained unresolved for more than one year.,Submitted: 2024-02-05 | Pending for approximately 942 days
FRA-10989,Gujarat,Narmada,DELAYED_CLAIM,HIGH,Pending claim has remained unresolved for more than one year.,Submitted: 2023-12-20 | Pending for approximately 989 days
FRA-10990,Maharashtra,Yavatmal,DELAYED_CLAIM,HIGH,Pending claim has remained unresolved for more than one year.,Submitted: 2021-11-09 | Pending for approximately 1760 days
FRA-10996,Rajasthan,Pratapgarh,DELAYED_CLAIM,MEDIUM,Pending claim has remained unresolved for more than one year.,Submitted: 2025-06-18 | Pending for approximately 443 days
FRA-10998,Rajasthan,Banswara,DELAYED_CLAIM,HIGH,Pending claim has remained unresolved for more than one year.,Submitted: 2021-02-18 | Pending for approximately 2024 days
FRA-11006,Jharkhand,Ranchi,DELAYED_CLAIM,HIGH,Pending claim has remained unresolved for more than one year.,Submitted: 2024-07-15 | Pending for approximately 781 days
FRA-11008,Maharashtra,Amravati,DELAYED_CLAIM,HIGH,Pending claim has remained unresolved for more than one year.,Submitted: 2020-02-20 | Pending for approximately 2388 days
FRA-11013,Odisha,Mayurbhanj,DELAYED_CLAIM,HIGH,Pending claim has remained unresolved for more than one year.,Submitted: 2022-10-29 | Pending for approximately 1406 days
FRA-11017,Maharashtra,Gadchiroli,DELAYED_CLAIM,MEDIUM,Pending claim has remained unresolved for more than one year.,Submitted: 2024-10-28 | Pending for approximately 676 days
FRA-11018,Chhattisgarh,Bastar,DELAYED_CLAIM,HIGH,Pending claim has remained unresolved for more than one year.,Submitted: 2020-09-06 | Pending for approximately 2189 days
FRA-11023,Gujarat,Tapi,DELAYED_CLAIM,MEDIUM,Pending claim has remained unresolved for more than one year.,Submitted: 2025-05-21 | Pending for approximately 471 days
FRA-11025,Chhattisgarh,Surguja,DELAYED_CLAIM,HIGH,Pending claim has remained unresolved for more than one year.,Submitted: 2020-04-07 | Pending for approximately 2341 days
FRA-11026,Rajasthan,Udaipur,DELAYED_CLAIM,HIGH,Pending claim has remained unresolved for more than one year.,Submitted: 2021-12-21 | Pending for approximately 1718 days
FRA-11028,Odisha,Mayurbhanj,DELAYED_CLAIM,HIGH,Pending claim has remained unresolved for more than one year.,Submitted: 2022-01-30 | Pending for approximately 1678 days
FRA-11029,Chhattisgarh,Dantewada,DELAYED_CLAIM,HIGH,Pending claim has remained unresolved for more than one year.,Submitted: 2021-04-19 | Pending for approximately 1964 days
FRA-11030,Gujarat,Tapi,DELAYED_CLAIM,HIGH,Pending claim has remained unresolved for more than one year.,Submitted: 2022-10-05 | Pending for approximately 1430 days
FRA-11031,Rajasthan,Banswara,DELAYED_CLAIM,HIGH,Pending claim has remained unresolved for more than one year.,Submitted: 2024-08-21 | Pending for approximately 744 days
FRA-11034,Madhya Pradesh,Betul,DELAYED_CLAIM,HIGH,Pending claim has remained unresolved for more than one year.,Submitted: 2020-06-04 | Pending for approximately 2283 days
FRA-11038,Jharkhand,Ranchi,DELAYED_CLAIM,HIGH,Pending claim has remained unresolved for more than one year.,Submitted: 2023-08-10 | Pending for approximately 1121 days
FRA-11039,Gujarat,Bharuch,DELAYED_CLAIM,HIGH,Pending claim has remained unresolved for more than one year.,Submitted: 2020-05-24 | Pending for approximately 2294 days
FRA-11050,Madhya Pradesh,Dindori,DELAYED_CLAIM,HIGH,Pending claim has remained unresolved for more than one year.,Submitted: 2020-06-10 | Pending for approximately 2277 days
FRA-11052,Odisha,Keonjhar,DELAYED_CLAIM,HIGH,Pending claim has remained unresolved for more than one year.,Submitted: 2022-03-18 | Pending for approximately 1631 days
FRA-11053,Jharkhand,Latehar,DELAYED_CLAIM,HIGH,Pending claim has remained unresolved for more than one year.,Submitted: 2022-11-01 | Pending for approximately 1403 days
FRA-11059,Gujarat,Valsad,DELAYED_CLAIM,HIGH,Pending claim has remained unresolved for more than one year.,Submitted: 2021-05-14 | Pending for approximately 1939 days
FRA-11061,Rajasthan,Sirohi,DELAYED_CLAIM,HIGH,Pending claim has remained unresolved for more than one year.,Submitted: 2022-01-27 | Pending for approximately 1681 days
FRA-11067,Chhattisgarh,Dantewada,DELAYED_CLAIM,HIGH,Pending claim has remained unresolved for more than one year.,Submitted: 2021-12-08 | Pending for approximately 1731 days
FRA-11069,Madhya Pradesh,Balaghat,DELAYED_CLAIM,HIGH,Pending claim has remained unresolved for more than one year.,Submitted: 2023-08-17 | Pending for approximately 1114 days
FRA-11075,Chhattisgarh,Korba,DELAYED_CLAIM,HIGH,Pending claim has remained unresolved for more than one year.,Submitted: 2023-08-03 | Pending for approximately 1128 days
FRA-11076,Rajasthan,Udaipur,DELAYED_CLAIM,MEDIUM,Pending claim has remained unresolved for more than one year.,Submitted: 2025-08-26 | Pending for approximately 374 days
FRA-11078,Madhya Pradesh,Balaghat,DELAYED_CLAIM,MEDIUM,Pending claim has remained unresolved for more than one year.,Submitted: 2025-01-30 | Pending for approximately 582 days
FRA-11083,Madhya Pradesh,Mandla,DELAYED_CLAIM,HIGH,Pending claim has remained unresolved for more than one year.,Submitted: 2021-09-17 | Pending for approximately 1813 days
FRA-11085,Odisha,Sundargarh,DELAYED_CLAIM,HIGH,Pending claim has remained unresolved for more than one year.,Submitted: 2022-05-21 | Pending for approximately 1567 days
FRA-11086,Gujarat,Narmada,DELAYED_CLAIM,HIGH,Pending claim has remained unresolved for more than one year.,Submitted: 2022-03-12 | Pending for approximately 1637 days
FRA-11088,Chhattisgarh,Bastar,DELAYED_CLAIM,HIGH,Pending claim has remained unresolved for more than one year.,Submitted: 2022-10-30 | Pending for approximately 1405 days
FRA-11103,Madhya Pradesh,Mandla,DELAYED_CLAIM,HIGH,Pending claim has remained unresolved for more than one year.,Submitted: 2020-10-19 | Pending for approximately 2146 days
FRA-11106,Odisha,Sundargarh,DELAYED_CLAIM,HIGH,Pending claim has remained unresolved for more than one year.,Submitted: 2021-01-20 | Pending for approximately 2053 days
FRA-11111,Jharkhand,Ranchi,DELAYED_CLAIM,MEDIUM,Pending claim has remained unresolved for more than one year.,Submitted: 2024-11-22 | Pending for approximately 651 days
FRA-11113,Madhya Pradesh,Dindori,DELAYED_CLAIM,HIGH,Pending claim has remained unresolved for more than one year.,Submitted: 2021-08-23 | Pending for approximately 1838 days
FRA-11114,Jharkhand,Simdega,DELAYED_CLAIM,HIGH,Pending claim has remained unresolved for more than one year.,Submitted: 2021-07-15 | Pending for approximately 1877 days
FRA-11123,Rajasthan,Banswara,DELAYED_CLAIM,HIGH,Pending claim has remained unresolved for more than one year.,Submitted: 2023-10-13 | Pending for approximately 1057 days
FRA-11124,Odisha,Koraput,DELAYED_CLAIM,HIGH,Pending claim has remained unresolved for more than one year.,Submitted: 2021-05-24 | Pending for approximately 1929 days
FRA-11127,Madhya Pradesh,Chhindwara,DELAYED_CLAIM,HIGH,Pending claim has remained unresolved for more than one year.,Submitted: 2023-02-09 | Pending for approximately 1303 days
FRA-11136,Rajasthan,Sirohi,DELAYED_CLAIM,HIGH,Pending claim has remained unresolved for more than one year.,Submitted: 2022-11-11 | Pending for approximately 1393 days
FRA-11138,Gujarat,Narmada,DELAYED_CLAIM,HIGH,Pending claim has remained unresolved for more than one year.,Submitted: 2021-02-19 | Pending for approximately 2023 days
FRA-11139,Jharkhand,Gumla,DELAYED_CLAIM,HIGH,Pending claim has remained unresolved for more than one year.,Submitted: 2021-12-04 | Pending for approximately 1735 days
FRA-11140,Chhattisgarh,Dantewada,DELAYED_CLAIM,HIGH,Pending claim has remained unresolved for more than one year.,Submitted: 2024-02-13 | Pending for approximately 934 days
FRA-11143,Jharkhand,Simdega,DELAYED_CLAIM,HIGH,Pending claim has remained unresolved for more than one year.,Submitted: 2024-08-16 | Pending for approximately 749 days
FRA-11145,Chhattisgarh,Surguja,DELAYED_CLAIM,HIGH,Pending claim has remained unresolved for more than one year.,Submitted: 2021-06-18 | Pending for approximately 1904 days
FRA-11156,Madhya Pradesh,Balaghat,DELAYED_CLAIM,HIGH,Pending claim has remained unresolved for more than one year.,Submitted: 2024-07-20 | Pending for approximately 776 days
FRA-11158,Chhattisgarh,Bastar,DELAYED_CLAIM,HIGH,Pending claim has remained unresolved for more than one year.,Submitted: 2020-02-04 | Pending for approximately 2404 days
FRA-11159,Madhya Pradesh,Betul,DELAYED_CLAIM,HIGH,Pending claim has remained unresolved for more than one year.,Submitted: 2024-02-11 | Pending for approximately 936 days
FRA-11160,Madhya Pradesh,Mandla,DELAYED_CLAIM,HIGH,Pending claim has remained unresolved for more than one year.,Submitted: 2020-06-10 | Pending for approximately 2277 days
FRA-11163,Gujarat,Valsad,DELAYED_CLAIM,MEDIUM,Pending claim has remained unresolved for more than one year.,Submitted: 2025-03-04 | Pending for approximately 549 days
FRA-11176,Gujarat,Dangs,DELAYED_CLAIM,HIGH,Pending claim has remained unresolved for more than one year.,Submitted: 2022-09-08 | Pending for approximately 1457 days
FRA-11178,Gujarat,Narmada,DELAYED_CLAIM,HIGH,Pending claim has remained unresolved for more than one year.,Submitted: 2020-03-15 | Pending for approximately 2364 days
FRA-11181,Madhya Pradesh,Mandla,DELAYED_CLAIM,HIGH,Pending claim has remained unresolved for more than one year.,Submitted: 2023-12-26 | Pending for approximately 983 days
FRA-11188,Madhya Pradesh,Mandla,DELAYED_CLAIM,HIGH,Pending claim has remained unresolved for more than one year.,Submitted: 2024-01-19 | Pending for approximately 959 days
FRA-11190,Madhya Pradesh,Chhindwara,DELAYED_CLAIM,HIGH,Pending claim has remained unresolved for more than one year.,Submitted: 2021-04-26 | Pending for approximately 1957 days
FRA-11192,Chhattisgarh,Korba,DELAYED_CLAIM,HIGH,Pending claim has remained unresolved for more than one year.,Submitted: 2021-06-09 | Pending for approximately 1913 days
FRA-11194,Madhya Pradesh,Balaghat,DELAYED_CLAIM,HIGH,Pending claim has remained unresolved for more than one year.,Submitted: 2021-05-19 | Pending for approximately 1934 days
FRA-11195,Maharashtra,Nandurbar,DELAYED_CLAIM,HIGH,Pending claim has remained unresolved for more than one year.,Submitted: 2022-09-21 | Pending for approximately 1444 days
FRA-11196,Rajasthan,Pratapgarh,DELAYED_CLAIM,HIGH,Pending claim has remained unresolved for more than one year.,Submitted: 2021-11-20 | Pending for approximately 1749 days
FRA-11197,Chhattisgarh,Kanker,DELAYED_CLAIM,HIGH,Pending claim has remained unresolved for more than one year.,Submitted: 2022-04-02 | Pending for approximately 1616 days
FRA-11206,Gujarat,Tapi,DELAYED_CLAIM,MEDIUM,Pending claim has remained unresolved for more than one year.,Submitted: 2025-08-25 | Pending for approximately 375 days
FRA-11209,Maharashtra,Gadchiroli,DELAYED_CLAIM,HIGH,Pending claim has remained unresolved for more than one year.,Submitted: 2024-03-28 | Pending for approximately 890 days
FRA-11210,Maharashtra,Gadchiroli,DELAYED_CLAIM,HIGH,Pending claim has remained unresolved for more than one year.,Submitted: 2022-07-28 | Pending for approximately 1499 days
FRA-11219,Chhattisgarh,Korba,DELAYED_CLAIM,HIGH,Pending claim has remained unresolved for more than one year.,Submitted: 2021-12-20 | Pending for approximately 1719 days
FRA-11220,Madhya Pradesh,Mandla,DELAYED_CLAIM,HIGH,Pending claim has remained unresolved for more than one year.,Submitted: 2022-12-06 | Pending for approximately 1368 days
FRA-11222,Jharkhand,Ranchi,DELAYED_CLAIM,HIGH,Pending claim has remained unresolved for more than one year.,Submitted: 2022-05-01 | Pending for approximately 1587 days
FRA-11223,Madhya Pradesh,Mandla,DELAYED_CLAIM,HIGH,Pending claim has remained unresolved for more than one year.,Submitted: 2021-05-16 | Pending for approximately 1937 days
FRA-11225,Odisha,Koraput,DELAYED_CLAIM,HIGH,Pending claim has remained unresolved for more than one year.,Submitted: 2024-06-26 | Pending for approximately 800 days
FRA-11227,Gujarat,Dangs,DELAYED_CLAIM,HIGH,Pending claim has remained unresolved for more than one year.,Submitted: 2021-06-12 | Pending for approximately 1910 days
FRA-11228,Odisha,Kandhamal,DELAYED_CLAIM,HIGH,Pending claim has remained unresolved for more than one year.,Submitted: 2022-02-24 | Pending for approximately 1653 days
FRA-11236,Odisha,Sundargarh,DELAYED_CLAIM,HIGH,Pending claim has remained unresolved for more than one year.,Submitted: 2020-08-25 | Pending for approximately 2201 days
FRA-11240,Madhya Pradesh,Dindori,DELAYED_CLAIM,HIGH,Pending claim has remained unresolved for more than one year.,Submitted: 2022-04-12 | Pending for approximately 1606 days
FRA-11251,Odisha,Keonjhar,DELAYED_CLAIM,HIGH,Pending claim has remained unresolved for more than one year.,Submitted: 2021-08-06 | Pending for approximately 1855 days
FRA-11252,Jharkhand,Simdega,DELAYED_CLAIM,HIGH,Pending claim has remained unresolved for more than one year.,Submitted: 2022-12-25 | Pending for approximately 1349 days
FRA-11253,Jharkhand,West Singhbhum,DELAYED_CLAIM,HIGH,Pending claim has remained unresolved for more than one year.,Submitted: 2021-08-19 | Pending for approximately 1842 days
FRA-11254,Gujarat,Valsad,DELAYED_CLAIM,HIGH,Pending claim has remained unresolved for more than one year.,Submitted: 2023-06-26 | Pending for approximately 1166 days
FRA-11262,Rajasthan,Udaipur,DELAYED_CLAIM,HIGH,Pending claim has remained unresolved for more than one year.,Submitted: 2024-04-04 | Pending for approximately 883 days
FRA-11276,Chhattisgarh,Bastar,DELAYED_CLAIM,MEDIUM,Pending claim has remained unresolved for more than one year.,Submitted: 2025-03-04 | Pending for approximately 549 days
FRA-11286,Odisha,Kandhamal,DELAYED_CLAIM,HIGH,Pending claim has remained unresolved for more than one year.,Submitted: 2021-12-11 | Pending for approximately 1728 days
FRA-11293,Rajasthan,Dungarpur,DELAYED_CLAIM,HIGH,Pending claim has remained unresolved for more than one year.,Submitted: 2021-04-19 | Pending for approximately 1964 days
FRA-11294,Rajasthan,Pratapgarh,DELAYED_CLAIM,HIGH,Pending claim has remained unresolved for more than one year.,Submitted: 2021-02-15 | Pending for approximately 2027 days
FRA-11296,Odisha,Koraput,DELAYED_CLAIM,HIGH,Pending claim has remained unresolved for more than one year.,Submitted: 2022-06-13 | Pending for approximately 1544 days
FRA-11303,Odisha,Koraput,DELAYED_CLAIM,HIGH,Pending claim has remained unresolved for more than one year.,Submitted: 2021-11-13 | Pending for approximately 1756 days
FRA-11304,Jharkhand,Simdega,DELAYED_CLAIM,MEDIUM,Pending claim has remained unresolved for more than one year.,Submitted: 2025-03-11 | Pending for approximately 542 days
FRA-11306,Maharashtra,Yavatmal,DELAYED_CLAIM,HIGH,Pending claim has remained unresolved for more than one year.,Submitted: 2020-08-15 | Pending for approximately 2211 days
FRA-11308,Rajasthan,Udaipur,DELAYED_CLAIM,HIGH,Pending claim has remained unresolved for more than one year.,Submitted: 2020-07-01 | Pending for approximately 2256 days
FRA-11310,Madhya Pradesh,Balaghat,DELAYED_CLAIM,HIGH,Pending claim has remained unresolved for more than one year.,Submitted: 2024-05-07 | Pending for approximately 850 days
FRA-11318,Odisha,Keonjhar,DELAYED_CLAIM,HIGH,Pending claim has remained unresolved for more than one year.,Submitted: 2020-01-06 | Pending for approximately 2433 days
FRA-11320,Gujarat,Dangs,DELAYED_CLAIM,HIGH,Pending claim has remained unresolved for more than one year.,Submitted: 2021-10-01 | Pending for approximately 1799 days
FRA-11321,Jharkhand,West Singhbhum,DELAYED_CLAIM,HIGH,Pending claim has remained unresolved for more than one year.,Submitted: 2020-09-08 | Pending for approximately 2187 days
FRA-11322,Maharashtra,Nashik,DELAYED_CLAIM,HIGH,Pending claim has remained unresolved for more than one year.,Submitted: 2021-06-01 | Pending for approximately 1921 days
FRA-11323,Rajasthan,Banswara,DELAYED_CLAIM,HIGH,Pending claim has remained unresolved for more than one year.,Submitted: 2020-03-10 | Pending for approximately 2369 days
FRA-11330,Madhya Pradesh,Chhindwara,DELAYED_CLAIM,HIGH,Pending claim has remained unresolved for more than one year.,Submitted: 2022-03-31 | Pending for approximately 1618 days
FRA-11334,Maharashtra,Gadchiroli,DELAYED_CLAIM,HIGH,Pending claim has remained unresolved for more than one year.,Submitted: 2022-11-12 | Pending for approximately 1392 days
FRA-11336,Chhattisgarh,Surguja,DELAYED_CLAIM,MEDIUM,Pending claim has remained unresolved for more than one year.,Submitted: 2025-06-09 | Pending for approximately 452 days
FRA-11341,Chhattisgarh,Kanker,DELAYED_CLAIM,HIGH,Pending claim has remained unresolved for more than one year.,Submitted: 2021-05-07 | Pending for approximately 1946 days
FRA-11345,Jharkhand,Simdega,DELAYED_CLAIM,HIGH,Pending claim has remained unresolved for more than one year.,Submitted: 2020-12-28 | Pending for approximately 2076 days
FRA-11348,Chhattisgarh,Korba,DELAYED_CLAIM,HIGH,Pending claim has remained unresolved for more than one year.,Submitted: 2020-02-17 | Pending for approximately 2391 days
FRA-11349,Chhattisgarh,Kanker,DELAYED_CLAIM,MEDIUM,Pending claim has remained unresolved for more than one year.,Submitted: 2025-08-20 | Pending for approximately 380 days
FRA-11350,Madhya Pradesh,Betul,DELAYED_CLAIM,MEDIUM,Pending claim has remained unresolved for more than one year.,Submitted: 2025-05-18 | Pending for approximately 474 days
FRA-11361,Odisha,Sundargarh,DELAYED_CLAIM,HIGH,Pending claim has remained unresolved for more than one year.,Submitted: 2020-07-11 | Pending for approximately 2246 days
FRA-11368,Maharashtra,Nandurbar,DELAYED_CLAIM,HIGH,Pending claim has remained unresolved for more than one year.,Submitted: 2024-01-07 | Pending for approximately 971 days
FRA-11375,Rajasthan,Udaipur,DELAYED_CLAIM,HIGH,Pending claim has remained unresolved for more than one year.,Submitted: 2020-10-02 | Pending for approximately 2163 days
FRA-11381,Odisha,Keonjhar,DELAYED_CLAIM,MEDIUM,Pending claim has remained unresolved for more than one year.,Submitted: 2025-05-17 | Pending for approximately 475 days
FRA-11382,Jharkhand,West Singhbhum,DELAYED_CLAIM,HIGH,Pending claim has remained unresolved for more than one year.,Submitted: 2021-06-25 | Pending for approximately 1897 days
FRA-11392,Chhattisgarh,Korba,DELAYED_CLAIM,HIGH,Pending claim has remained unresolved for more than one year.,Submitted: 2022-08-16 | Pending for approximately 1480 days
FRA-11394,Madhya Pradesh,Mandla,DELAYED_CLAIM,HIGH,Pending claim has remained unresolved for more than one year.,Submitted: 2021-07-16 | Pending for approximately 1876 days
FRA-11396,Chhattisgarh,Surguja,DELAYED_CLAIM,HIGH,Pending claim has remained unresolved for more than one year.,Submitted: 2021-07-19 | Pending for approximately 1873 days
FRA-11399,Maharashtra,Gadchiroli,DELAYED_CLAIM,HIGH,Pending claim has remained unresolved for more than one year.,Submitted: 2024-02-12 | Pending for approximately 935 days
FRA-11403,Madhya Pradesh,Chhindwara,DELAYED_CLAIM,HIGH,Pending claim has remained unresolved for more than one year.,Submitted: 2021-12-30 | Pending for approximately 1709 days
FRA-11404,Rajasthan,Udaipur,DELAYED_CLAIM,MEDIUM,Pending claim has remained unresolved for more than one year.,Submitted: 2024-12-09 | Pending for approximately 634 days
FRA-11405,Madhya Pradesh,Mandla,DELAYED_CLAIM,HIGH,Pending claim has remained unresolved for more than one year.,Submitted: 2020-12-20 | Pending for approximately 2084 days
FRA-11410,Chhattisgarh,Dantewada,DELAYED_CLAIM,HIGH,Pending claim has remained unresolved for more than one year.,Submitted: 2022-10-26 | Pending for approximately 1409 days
FRA-11411,Gujarat,Valsad,DELAYED_CLAIM,HIGH,Pending claim has remained unresolved for more than one year.,Submitted: 2020-07-13 | Pending for approximately 2244 days
FRA-11415,Odisha,Kandhamal,DELAYED_CLAIM,HIGH,Pending claim has remained unresolved for more than one year.,Submitted: 2021-12-26 | Pending for approximately 1713 days
FRA-11421,Odisha,Sundargarh,DELAYED_CLAIM,HIGH,Pending claim has remained unresolved for more than one year.,Submitted: 2024-05-07 | Pending for approximately 850 days
FRA-11423,Jharkhand,Simdega,DELAYED_CLAIM,HIGH,Pending claim has remained unresolved for more than one year.,Submitted: 2022-06-11 | Pending for approximately 1546 days
FRA-11425,Odisha,Koraput,DELAYED_CLAIM,HIGH,Pending claim has remained unresolved for more than one year.,Submitted: 2021-03-09 | Pending for approximately 2005 days
FRA-11427,Maharashtra,Gadchiroli,DELAYED_CLAIM,HIGH,Pending claim has remained unresolved for more than one year.,Submitted: 2021-02-22 | Pending for approximately 2020 days
FRA-11428,Chhattisgarh,Dantewada,DELAYED_CLAIM,HIGH,Pending claim has remained unresolved for more than one year.,Submitted: 2021-11-13 | Pending for approximately 1756 days
FRA-11429,Gujarat,Bharuch,DELAYED_CLAIM,MEDIUM,Pending claim has remained unresolved for more than one year.,Submitted: 2024-09-30 | Pending for approximately 704 days
FRA-11433,Odisha,Kandhamal,DELAYED_CLAIM,HIGH,Pending claim has remained unresolved for more than one year.,Submitted: 2023-07-05 | Pending for approximately 1157 days
FRA-11439,Madhya Pradesh,Betul,DELAYED_CLAIM,HIGH,Pending claim has remained unresolved for more than one year.,Submitted: 2022-11-04 | Pending for approximately 1400 days
FRA-11441,Rajasthan,Udaipur,DELAYED_CLAIM,HIGH,Pending claim has remained unresolved for more than one year.,Submitted: 2021-04-28 | Pending for approximately 1955 days
FRA-11445,Rajasthan,Banswara,DELAYED_CLAIM,HIGH,Pending claim has remained unresolved for more than one year.,Submitted: 2022-07-09 | Pending for approximately 1518 days
FRA-11452,Jharkhand,West Singhbhum,DELAYED_CLAIM,HIGH,Pending claim has remained unresolved for more than one year.,Submitted: 2021-04-23 | Pending for approximately 1960 days
FRA-11458,Jharkhand,Simdega,DELAYED_CLAIM,HIGH,Pending claim has remained unresolved for more than one year.,Submitted: 2021-05-10 | Pending for approximately 1943 days
FRA-11461,Gujarat,Tapi,DELAYED_CLAIM,HIGH,Pending claim has remained unresolved for more than one year.,Submitted: 2024-02-14 | Pending for approximately 933 days
FRA-11463,Jharkhand,Ranchi,DELAYED_CLAIM,HIGH,Pending claim has remained unresolved for more than one year.,Submitted: 2020-05-23 | Pending for approximately 2295 days
FRA-11464,Rajasthan,Udaipur,DELAYED_CLAIM,MEDIUM,Pending claim has remained unresolved for more than one year.,Submitted: 2025-06-08 | Pending for approximately 453 days
FRA-11466,Gujarat,Valsad,DELAYED_CLAIM,MEDIUM,Pending claim has remained unresolved for more than one year.,Submitted: 2024-10-14 | Pending for approximately 690 days
FRA-11472,Maharashtra,Amravati,DELAYED_CLAIM,HIGH,Pending claim has remained unresolved for more than one year.,Submitted: 2021-04-14 | Pending for approximately 1969 days
FRA-11475,Odisha,Kandhamal,DELAYED_CLAIM,HIGH,Pending claim has remained unresolved for more than one year.,Submitted: 2021-12-14 | Pending for approximately 1725 days
FRA-11477,Chhattisgarh,Kanker,DELAYED_CLAIM,HIGH,Pending claim has remained unresolved for more than one year.,Submitted: 2020-01-03 | Pending for approximately 2436 days
FRA-11478,Maharashtra,Gadchiroli,DELAYED_CLAIM,HIGH,Pending claim has remained unresolved for more than one year.,Submitted: 2021-03-09 | Pending for approximately 2005 days
FRA-11480,Rajasthan,Pratapgarh,DELAYED_CLAIM,HIGH,Pending claim has remained unresolved for more than one year.,Submitted: 2023-10-21 | Pending for approximately 1049 days
FRA-11482,Maharashtra,Gadchiroli,DELAYED_CLAIM,HIGH,Pending claim has remained unresolved for more than one year.,Submitted: 2020-10-10 | Pending for approximately 2155 days
FRA-11483,Chhattisgarh,Bastar,DELAYED_CLAIM,MEDIUM,Pending claim has remained unresolved for more than one year.,Submitted: 2024-09-19 | Pending for approximately 715 days
FRA-11491,Jharkhand,Simdega,DELAYED_CLAIM,MEDIUM,Pending claim has remained unresolved for more than one year.,Submitted: 2025-05-07 | Pending for approximately 485 days
FRA-11498,Rajasthan,Dungarpur,DELAYED_CLAIM,HIGH,Pending claim has remained unresolved for more than one year.,Submitted: 2023-06-23 | Pending for approximately 1169 days
FRA-11499,Chhattisgarh,Korba,DELAYED_CLAIM,HIGH,Pending claim has remained unresolved for more than one year.,Submitted: 2021-06-13 | Pending for approximately 1909 days
FRA-11503,Chhattisgarh,Korba,DELAYED_CLAIM,HIGH,Pending claim has remained unresolved for more than one year.,Submitted: 2020-02-10 | Pending for approximately 2398 days
FRA-11505,Odisha,Kandhamal,DELAYED_CLAIM,HIGH,Pending claim has remained unresolved for more than one year.,Submitted: 2021-12-09 | Pending for approximately 1730 days
FRA-11508,Rajasthan,Pratapgarh,DELAYED_CLAIM,HIGH,Pending claim has remained unresolved for more than one year.,Submitted: 2021-03-09 | Pending for approximately 2005 days
FRA-11514,Maharashtra,Nandurbar,DELAYED_CLAIM,HIGH,Pending claim has remained unresolved for more than one year.,Submitted: 2020-03-28 | Pending for approximately 2351 days
FRA-11515,Rajasthan,Pratapgarh,DELAYED_CLAIM,HIGH,Pending claim has remained unresolved for more than one year.,Submitted: 2022-03-10 | Pending for approximately 1639 days
FRA-11521,Maharashtra,Amravati,DELAYED_CLAIM,HIGH,Pending claim has remained unresolved for more than one year.,Submitted: 2021-01-23 | Pending for approximately 2050 days
FRA-11525,Odisha,Kandhamal,DELAYED_CLAIM,HIGH,Pending claim has remained unresolved for more than one year.,Submitted: 2023-06-20 | Pending for approximately 1172 days
FRA-11527,Jharkhand,West Singhbhum,DELAYED_CLAIM,HIGH,Pending claim has remained unresolved for more than one year.,Submitted: 2022-01-08 | Pending for approximately 1700 days
FRA-11528,Odisha,Mayurbhanj,DELAYED_CLAIM,HIGH,Pending claim has remained unresolved for more than one year.,Submitted: 2022-11-02 | Pending for approximately 1402 days
FRA-11530,Rajasthan,Sirohi,DELAYED_CLAIM,MEDIUM,Pending claim has remained unresolved for more than one year.,Submitted: 2024-11-04 | Pending for approximately 669 days
FRA-11531,Rajasthan,Dungarpur,DELAYED_CLAIM,HIGH,Pending claim has remained unresolved for more than one year.,Submitted: 2024-06-10 | Pending for approximately 816 days
FRA-11538,Gujarat,Valsad,DELAYED_CLAIM,HIGH,Pending claim has remained unresolved for more than one year.,Submitted: 2021-06-05 | Pending for approximately 1917 days
FRA-11542,Jharkhand,Latehar,DELAYED_CLAIM,MEDIUM,Pending claim has remained unresolved for more than one year.,Submitted: 2025-04-30 | Pending for approximately 492 days
FRA-11544,Odisha,Mayurbhanj,DELAYED_CLAIM,MEDIUM,Pending claim has remained unresolved for more than one year.,Submitted: 2025-08-26 | Pending for approximately 374 days
FRA-11549,Chhattisgarh,Kanker,DELAYED_CLAIM,HIGH,Pending claim has remained unresolved for more than one year.,Submitted: 2022-05-21 | Pending for approximately 1567 days
FRA-11552,Odisha,Mayurbhanj,DELAYED_CLAIM,HIGH,Pending claim has remained unresolved for more than one year.,Submitted: 2023-04-25 | Pending for approximately 1228 days
FRA-11554,Jharkhand,West Singhbhum,DELAYED_CLAIM,MEDIUM,Pending claim has remained unresolved for more than one year.,Submitted: 2024-10-08 | Pending for approximately 696 days
FRA-11555,Rajasthan,Banswara,DELAYED_CLAIM,MEDIUM,Pending claim has remained unresolved for more than one year.,Submitted: 2025-08-05 | Pending for approximately 395 days
FRA-11559,Maharashtra,Yavatmal,DELAYED_CLAIM,HIGH,Pending claim has remained unresolved for more than one year.,Submitted: 2023-11-19 | Pending for approximately 1020 days
FRA-11560,Madhya Pradesh,Betul,DELAYED_CLAIM,HIGH,Pending claim has remained unresolved for more than one year.,Submitted: 2021-07-30 | Pending for approximately 1862 days
FRA-11562,Odisha,Sundargarh,DELAYED_CLAIM,HIGH,Pending claim has remained unresolved for more than one year.,Submitted: 2022-04-12 | Pending for approximately 1606 days
FRA-11565,Rajasthan,Banswara,DELAYED_CLAIM,HIGH,Pending claim has remained unresolved for more than one year.,Submitted: 2021-10-05 | Pending for approximately 1795 days
FRA-11566,Rajasthan,Pratapgarh,DELAYED_CLAIM,HIGH,Pending claim has remained unresolved for more than one year.,Submitted: 2024-04-11 | Pending for approximately 876 days
FRA-11568,Jharkhand,Latehar,DELAYED_CLAIM,HIGH,Pending claim has remained unresolved for more than one year.,Submitted: 2020-05-31 | Pending for approximately 2287 days
FRA-11571,Rajasthan,Udaipur,DELAYED_CLAIM,HIGH,Pending claim has remained unresolved for more than one year.,Submitted: 2021-08-10 | Pending for approximately 1851 days
FRA-11573,Gujarat,Valsad,DELAYED_CLAIM,MEDIUM,Pending claim has remained unresolved for more than one year.,Submitted: 2025-07-26 | Pending for approximately 405 days
FRA-11578,Maharashtra,Nashik,DELAYED_CLAIM,MEDIUM,Pending claim has remained unresolved for more than one year.,Submitted: 2024-10-13 | Pending for approximately 691 days
FRA-11579,Odisha,Kandhamal,DELAYED_CLAIM,HIGH,Pending claim has remained unresolved for more than one year.,Submitted: 2022-05-19 | Pending for approximately 1569 days
FRA-11582,Maharashtra,Yavatmal,DELAYED_CLAIM,HIGH,Pending claim has remained unresolved for more than one year.,Submitted: 2023-11-21 | Pending for approximately 1018 days
FRA-11584,Maharashtra,Nashik,DELAYED_CLAIM,HIGH,Pending claim has remained unresolved for more than one year.,Submitted: 2022-11-10 | Pending for approximately 1394 days
FRA-11586,Chhattisgarh,Dantewada,DELAYED_CLAIM,MEDIUM,Pending claim has remained unresolved for more than one year.,Submitted: 2024-09-15 | Pending for approximately 719 days
FRA-11587,Madhya Pradesh,Chhindwara,DELAYED_CLAIM,HIGH,Pending claim has remained unresolved for more than one year.,Submitted: 2023-07-22 | Pending for approximately 1140 days
FRA-11593,Maharashtra,Nashik,DELAYED_CLAIM,HIGH,Pending claim has remained unresolved for more than one year.,Submitted: 2020-06-10 | Pending for approximately 2277 days
FRA-11594,Odisha,Keonjhar,DELAYED_CLAIM,HIGH,Pending claim has remained unresolved for more than one year.,Submitted: 2023-02-18 | Pending for approximately 1294 days
FRA-11598,Gujarat,Bharuch,DELAYED_CLAIM,HIGH,Pending claim has remained unresolved for more than one year.,Submitted: 2024-04-16 | Pending for approximately 871 days
FRA-11601,Gujarat,Bharuch,DELAYED_CLAIM,MEDIUM,Pending claim has remained unresolved for more than one year.,Submitted: 2025-03-04 | Pending for approximately 549 days
FRA-11605,Maharashtra,Nandurbar,DELAYED_CLAIM,HIGH,Pending claim has remained unresolved for more than one year.,Submitted: 2020-12-03 | Pending for approximately 2101 days
FRA-11606,Maharashtra,Amravati,DELAYED_CLAIM,HIGH,Pending claim has remained unresolved for more than one year.,Submitted: 2022-01-18 | Pending for approximately 1690 days
FRA-11611,Odisha,Sundargarh,DELAYED_CLAIM,MEDIUM,Pending claim has remained unresolved for more than one year.,Submitted: 2024-11-25 | Pending for approximately 648 days
FRA-11613,Jharkhand,Latehar,DELAYED_CLAIM,HIGH,Pending claim has remained unresolved for more than one year.,Submitted: 2022-02-06 | Pending for approximately 1671 days
FRA-11622,Madhya Pradesh,Chhindwara,DELAYED_CLAIM,HIGH,Pending claim has remained unresolved for more than one year.,Submitted: 2022-06-30 | Pending for approximately 1527 days
FRA-11623,Jharkhand,Simdega,DELAYED_CLAIM,HIGH,Pending claim has remained unresolved for more than one year.,Submitted: 2022-12-09 | Pending for approximately 1365 days
FRA-11626,Madhya Pradesh,Balaghat,DELAYED_CLAIM,HIGH,Pending claim has remained unresolved for more than one year.,Submitted: 2020-12-15 | Pending for approximately 2089 days
FRA-11629,Odisha,Keonjhar,DELAYED_CLAIM,HIGH,Pending claim has remained unresolved for more than one year.,Submitted: 2020-12-26 | Pending for approximately 2078 days
FRA-11632,Gujarat,Narmada,DELAYED_CLAIM,MEDIUM,Pending claim has remained unresolved for more than one year.,Submitted: 2024-12-15 | Pending for approximately 628 days
FRA-11634,Maharashtra,Nandurbar,DELAYED_CLAIM,HIGH,Pending claim has remained unresolved for more than one year.,Submitted: 2022-05-08 | Pending for approximately 1580 days
FRA-11636,Rajasthan,Udaipur,DELAYED_CLAIM,MEDIUM,Pending claim has remained unresolved for more than one year.,Submitted: 2025-07-12 | Pending for approximately 419 days
FRA-11646,Chhattisgarh,Dantewada,DELAYED_CLAIM,HIGH,Pending claim has remained unresolved for more than one year.,Submitted: 2024-04-22 | Pending for approximately 865 days
FRA-11648,Madhya Pradesh,Mandla,DELAYED_CLAIM,HIGH,Pending claim has remained unresolved for more than one year.,Submitted: 2023-04-15 | Pending for approximately 1238 days
FRA-11650,Chhattisgarh,Korba,DELAYED_CLAIM,HIGH,Pending claim has remained unresolved for more than one year.,Submitted: 2021-02-05 | Pending for approximately 2037 days
FRA-11651,Gujarat,Narmada,DELAYED_CLAIM,HIGH,Pending claim has remained unresolved for more than one year.,Submitted: 2020-02-09 | Pending for approximately 2399 days
FRA-11655,Gujarat,Dangs,DELAYED_CLAIM,MEDIUM,Pending claim has remained unresolved for more than one year.,Submitted: 2025-08-04 | Pending for approximately 396 days
FRA-11657,Odisha,Sundargarh,DELAYED_CLAIM,HIGH,Pending claim has remained unresolved for more than one year.,Submitted: 2024-01-23 | Pending for approximately 955 days
FRA-11659,Odisha,Mayurbhanj,DELAYED_CLAIM,HIGH,Pending claim has remained unresolved for more than one year.,Submitted: 2022-04-13 | Pending for approximately 1605 days
FRA-11665,Gujarat,Valsad,DELAYED_CLAIM,HIGH,Pending claim has remained unresolved for more than one year.,Submitted: 2023-11-21 | Pending for approximately 1018 days
FRA-11675,Gujarat,Valsad,DELAYED_CLAIM,HIGH,Pending claim has remained unresolved for more than one year.,Submitted: 2023-12-03 | Pending for approximately 1006 days
FRA-11678,Jharkhand,West Singhbhum,DELAYED_CLAIM,HIGH,Pending claim has remained unresolved for more than one year.,Submitted: 2021-09-30 | Pending for approximately 1800 days
FRA-11679,Gujarat,Tapi,DELAYED_CLAIM,HIGH,Pending claim has remained unresolved for more than one year.,Submitted: 2020-07-01 | Pending for approximately 2256 days
FRA-11681,Maharashtra,Nashik,DELAYED_CLAIM,HIGH,Pending claim has remained unresolved for more than one year.,Submitted: 2021-12-10 | Pending for approximately 1729 days
FRA-11683,Jharkhand,Gumla,DELAYED_CLAIM,HIGH,Pending claim has remained unresolved for more than one year.,Submitted: 2021-10-26 | Pending for approximately 1774 days
FRA-11684,Jharkhand,Latehar,DELAYED_CLAIM,HIGH,Pending claim has remained unresolved for more than one year.,Submitted: 2021-06-01 | Pending for approximately 1921 days
FRA-11687,Gujarat,Dangs,DELAYED_CLAIM,MEDIUM,Pending claim has remained unresolved for more than one year.,Submitted: 2025-01-02 | Pending for approximately 610 days
FRA-11692,Jharkhand,Gumla,DELAYED_CLAIM,HIGH,Pending claim has remained unresolved for more than one year.,Submitted: 2023-08-09 | Pending for approximately 1122 days
FRA-11700,Jharkhand,Simdega,DELAYED_CLAIM,MEDIUM,Pending claim has remained unresolved for more than one year.,Submitted: 2025-05-08 | Pending for approximately 484 days
FRA-11701,Maharashtra,Nandurbar,DELAYED_CLAIM,HIGH,Pending claim has remained unresolved for more than one year.,Submitted: 2021-12-28 | Pending for approximately 1711 days
FRA-11702,Chhattisgarh,Bastar,DELAYED_CLAIM,MEDIUM,Pending claim has remained unresolved for more than one year.,Submitted: 2025-06-13 | Pending for approximately 448 days
FRA-11710,Chhattisgarh,Dantewada,DELAYED_CLAIM,HIGH,Pending claim has remained unresolved for more than one year.,Submitted: 2021-12-09 | Pending for approximately 1730 days
FRA-11712,Jharkhand,Gumla,DELAYED_CLAIM,HIGH,Pending claim has remained unresolved for more than one year.,Submitted: 2021-07-31 | Pending for approximately 1861 days
FRA-11724,Chhattisgarh,Kanker,DELAYED_CLAIM,HIGH,Pending claim has remained unresolved for more than one year.,Submitted: 2023-04-10 | Pending for approximately 1243 days
FRA-11729,Jharkhand,Ranchi,DELAYED_CLAIM,MEDIUM,Pending claim has remained unresolved for more than one year.,Submitted: 2025-01-12 | Pending for approximately 600 days
FRA-11732,Maharashtra,Amravati,DELAYED_CLAIM,MEDIUM,Pending claim has remained unresolved for more than one year.,Submitted: 2024-09-12 | Pending for approximately 722 days
FRA-11734,Maharashtra,Nashik,DELAYED_CLAIM,HIGH,Pending claim has remained unresolved for more than one year.,Submitted: 2024-04-11 | Pending for approximately 876 days
FRA-11747,Madhya Pradesh,Chhindwara,DELAYED_CLAIM,HIGH,Pending claim has remained unresolved for more than one year.,Submitted: 2021-07-28 | Pending for approximately 1864 days
FRA-11748,Rajasthan,Dungarpur,DELAYED_CLAIM,HIGH,Pending claim has remained unresolved for more than one year.,Submitted: 2023-10-11 | Pending for approximately 1059 days
FRA-11750,Madhya Pradesh,Betul,DELAYED_CLAIM,HIGH,Pending claim has remained unresolved for more than one year.,Submitted: 2020-01-12 | Pending for approximately 2427 days
FRA-11751,Rajasthan,Banswara,DELAYED_CLAIM,HIGH,Pending claim has remained unresolved for more than one year.,Submitted: 2022-10-12 | Pending for approximately 1423 days
FRA-11754,Chhattisgarh,Dantewada,DELAYED_CLAIM,HIGH,Pending claim has remained unresolved for more than one year.,Submitted: 2023-05-06 | Pending for approximately 1217 days
FRA-11757,Maharashtra,Yavatmal,DELAYED_CLAIM,HIGH,Pending claim has remained unresolved for more than one year.,Submitted: 2023-12-11 | Pending for approximately 998 days
FRA-11759,Rajasthan,Udaipur,DELAYED_CLAIM,MEDIUM,Pending claim has remained unresolved for more than one year.,Submitted: 2025-07-07 | Pending for approximately 424 days
FRA-11760,Odisha,Kandhamal,DELAYED_CLAIM,HIGH,Pending claim has remained unresolved for more than one year.,Submitted: 2020-03-16 | Pending for approximately 2363 days
FRA-11762,Chhattisgarh,Korba,DELAYED_CLAIM,HIGH,Pending claim has remained unresolved for more than one year.,Submitted: 2023-08-10 | Pending for approximately 1121 days
FRA-11766,Odisha,Sundargarh,DELAYED_CLAIM,HIGH,Pending claim has remained unresolved for more than one year.,Submitted: 2024-06-23 | Pending for approximately 803 days
FRA-11772,Rajasthan,Pratapgarh,DELAYED_CLAIM,HIGH,Pending claim has remained unresolved for more than one year.,Submitted: 2021-05-30 | Pending for approximately 1923 days
FRA-11773,Madhya Pradesh,Dindori,DELAYED_CLAIM,HIGH,Pending claim has remained unresolved for more than one year.,Submitted: 2022-12-10 | Pending for approximately 1364 days
FRA-11775,Rajasthan,Banswara,DELAYED_CLAIM,HIGH,Pending claim has remained unresolved for more than one year.,Submitted: 2021-07-15 | Pending for approximately 1877 days
FRA-11777,Chhattisgarh,Surguja,DELAYED_CLAIM,HIGH,Pending claim has remained unresolved for more than one year.,Submitted: 2024-02-28 | Pending for approximately 919 days
FRA-11779,Maharashtra,Nashik,DELAYED_CLAIM,MEDIUM,Pending claim has remained unresolved for more than one year.,Submitted: 2025-08-26 | Pending for approximately 374 days
FRA-11785,Madhya Pradesh,Chhindwara,DELAYED_CLAIM,HIGH,Pending claim has remained unresolved for more than one year.,Submitted: 2024-01-14 | Pending for approximately 964 days
FRA-11788,Maharashtra,Gadchiroli,DELAYED_CLAIM,HIGH,Pending claim has remained unresolved for more than one year.,Submitted: 2021-09-21 | Pending for approximately 1809 days
FRA-11790,Gujarat,Valsad,DELAYED_CLAIM,HIGH,Pending claim has remained unresolved for more than one year.,Submitted: 2021-10-22 | Pending for approximately 1778 days
FRA-11791,Jharkhand,Gumla,DELAYED_CLAIM,HIGH,Pending claim has remained unresolved for more than one year.,Submitted: 2024-05-30 | Pending for approximately 827 days
FRA-11792,Chhattisgarh,Surguja,DELAYED_CLAIM,HIGH,Pending claim has remained unresolved for more than one year.,Submitted: 2020-11-04 | Pending for approximately 2130 days
FRA-11794,Odisha,Mayurbhanj,DELAYED_CLAIM,MEDIUM,Pending claim has remained unresolved for more than one year.,Submitted: 2025-04-21 | Pending for approximately 501 days
FRA-11807,Odisha,Mayurbhanj,DELAYED_CLAIM,MEDIUM,Pending claim has remained unresolved for more than one year.,Submitted: 2025-04-10 | Pending for approximately 512 days
FRA-11808,Gujarat,Narmada,DELAYED_CLAIM,HIGH,Pending claim has remained unresolved for more than one year.,Submitted: 2020-10-19 | Pending for approximately 2146 days
FRA-11811,Maharashtra,Yavatmal,DELAYED_CLAIM,HIGH,Pending claim has remained unresolved for more than one year.,Submitted: 2020-07-04 | Pending for approximately 2253 days
FRA-11812,Maharashtra,Nashik,DELAYED_CLAIM,MEDIUM,Pending claim has remained unresolved for more than one year.,Submitted: 2024-11-09 | Pending for approximately 664 days
FRA-11813,Gujarat,Valsad,DELAYED_CLAIM,HIGH,Pending claim has remained unresolved for more than one year.,Submitted: 2023-01-05 | Pending for approximately 1338 days
FRA-11821,Rajasthan,Udaipur,DELAYED_CLAIM,HIGH,Pending claim has remained unresolved for more than one year.,Submitted: 2021-08-19 | Pending for approximately 1842 days
FRA-11826,Jharkhand,Ranchi,DELAYED_CLAIM,MEDIUM,Pending claim has remained unresolved for more than one year.,Submitted: 2025-07-16 | Pending for approximately 415 days
FRA-11832,Gujarat,Narmada,DELAYED_CLAIM,HIGH,Pending claim has remained unresolved for more than one year.,Submitted: 2023-12-22 | Pending for approximately 987 days
FRA-11833,Odisha,Kandhamal,DELAYED_CLAIM,HIGH,Pending claim has remained unresolved for more than one year.,Submitted: 2023-07-27 | Pending for approximately 1135 days
FRA-11838,Madhya Pradesh,Betul,DELAYED_CLAIM,HIGH,Pending claim has remained unresolved for more than one year.,Submitted: 2023-07-31 | Pending for approximately 1131 days
FRA-11841,Jharkhand,Simdega,DELAYED_CLAIM,HIGH,Pending claim has remained unresolved for more than one year.,Submitted: 2021-10-13 | Pending for approximately 1787 days
FRA-11842,Rajasthan,Banswara,DELAYED_CLAIM,HIGH,Pending claim has remained unresolved for more than one year.,Submitted: 2021-10-02 | Pending for approximately 1798 days
FRA-11843,Madhya Pradesh,Betul,DELAYED_CLAIM,HIGH,Pending claim has remained unresolved for more than one year.,Submitted: 2021-10-23 | Pending for approximately 1777 days
FRA-11850,Odisha,Kandhamal,DELAYED_CLAIM,HIGH,Pending claim has remained unresolved for more than one year.,Submitted: 2022-10-01 | Pending for approximately 1434 days
FRA-11851,Gujarat,Tapi,DELAYED_CLAIM,HIGH,Pending claim has remained unresolved for more than one year.,Submitted: 2024-04-20 | Pending for approximately 867 days
FRA-11858,Madhya Pradesh,Balaghat,DELAYED_CLAIM,HIGH,Pending claim has remained unresolved for more than one year.,Submitted: 2022-07-26 | Pending for approximately 1501 days
FRA-11862,Maharashtra,Nashik,DELAYED_CLAIM,HIGH,Pending claim has remained unresolved for more than one year.,Submitted: 2021-09-20 | Pending for approximately 1810 days
FRA-11865,Maharashtra,Yavatmal,DELAYED_CLAIM,HIGH,Pending claim has remained unresolved for more than one year.,Submitted: 2021-12-14 | Pending for approximately 1725 days
FRA-11867,Jharkhand,West Singhbhum,DELAYED_CLAIM,HIGH,Pending claim has remained unresolved for more than one year.,Submitted: 2020-08-11 | Pending for approximately 2215 days
FRA-11870,Chhattisgarh,Surguja,DELAYED_CLAIM,HIGH,Pending claim has remained unresolved for more than one year.,Submitted: 2024-02-22 | Pending for approximately 925 days
FRA-11877,Rajasthan,Udaipur,DELAYED_CLAIM,HIGH,Pending claim has remained unresolved for more than one year.,Submitted: 2023-01-31 | Pending for approximately 1312 days
FRA-11878,Chhattisgarh,Dantewada,DELAYED_CLAIM,HIGH,Pending claim has remained unresolved for more than one year.,Submitted: 2021-08-13 | Pending for approximately 1848 days
FRA-11882,Madhya Pradesh,Mandla,DELAYED_CLAIM,HIGH,Pending claim has remained unresolved for more than one year.,Submitted: 2023-01-18 | Pending for approximately 1325 days
FRA-11884,Madhya Pradesh,Balaghat,DELAYED_CLAIM,HIGH,Pending claim has remained unresolved for more than one year.,Submitted: 2024-06-28 | Pending for approximately 798 days
FRA-11888,Jharkhand,West Singhbhum,DELAYED_CLAIM,HIGH,Pending claim has remained unresolved for more than one year.,Submitted: 2021-09-12 | Pending for approximately 1818 days
FRA-11898,Gujarat,Narmada,DELAYED_CLAIM,HIGH,Pending claim has remained unresolved for more than one year.,Submitted: 2021-03-06 | Pending for approximately 2008 days
FRA-11900,Odisha,Koraput,DELAYED_CLAIM,HIGH,Pending claim has remained unresolved for more than one year.,Submitted: 2021-08-29 | Pending for approximately 1832 days
FRA-11901,Jharkhand,Latehar,DELAYED_CLAIM,HIGH,Pending claim has remained unresolved for more than one year.,Submitted: 2023-01-22 | Pending for approximately 1321 days
FRA-11912,Chhattisgarh,Surguja,DELAYED_CLAIM,HIGH,Pending claim has remained unresolved for more than one year.,Submitted: 2021-08-09 | Pending for approximately 1852 days
FRA-11913,Odisha,Koraput,DELAYED_CLAIM,HIGH,Pending claim has remained unresolved for more than one year.,Submitted: 2022-10-23 | Pending for approximately 1412 days
FRA-11920,Gujarat,Valsad,DELAYED_CLAIM,MEDIUM,Pending claim has remained unresolved for more than one year.,Submitted: 2024-09-08 | Pending for approximately 726 days
FRA-11921,Jharkhand,West Singhbhum,DELAYED_CLAIM,HIGH,Pending claim has remained unresolved for more than one year.,Submitted: 2020-08-26 | Pending for approximately 2200 days
FRA-11922,Chhattisgarh,Kanker,DELAYED_CLAIM,HIGH,Pending claim has remained unresolved for more than one year.,Submitted: 2024-02-18 | Pending for approximately 929 days
FRA-11926,Madhya Pradesh,Chhindwara,DELAYED_CLAIM,HIGH,Pending claim has remained unresolved for more than one year.,Submitted: 2023-08-08 | Pending for approximately 1123 days
FRA-11929,Madhya Pradesh,Mandla,DELAYED_CLAIM,HIGH,Pending claim has remained unresolved for more than one year.,Submitted: 2023-06-30 | Pending for approximately 1162 days
FRA-11932,Maharashtra,Yavatmal,DELAYED_CLAIM,HIGH,Pending claim has remained unresolved for more than one year.,Submitted: 2023-01-30 | Pending for approximately 1313 days
FRA-11938,Maharashtra,Nandurbar,DELAYED_CLAIM,HIGH,Pending claim has remained unresolved for more than one year.,Submitted: 2021-06-27 | Pending for approximately 1895 days
FRA-11940,Jharkhand,Gumla,DELAYED_CLAIM,HIGH,Pending claim has remained unresolved for more than one year.,Submitted: 2021-10-01 | Pending for approximately 1799 days
FRA-11941,Gujarat,Tapi,DELAYED_CLAIM,HIGH,Pending claim has remained unresolved for more than one year.,Submitted: 2022-06-18 | Pending for approximately 1539 days
FRA-11943,Maharashtra,Nandurbar,DELAYED_CLAIM,MEDIUM,Pending claim has remained unresolved for more than one year.,Submitted: 2025-01-22 | Pending for approximately 590 days
FRA-11952,Chhattisgarh,Kanker,DELAYED_CLAIM,HIGH,Pending claim has remained unresolved for more than one year.,Submitted: 2021-05-13 | Pending for approximately 1940 days
FRA-11955,Rajasthan,Banswara,DELAYED_CLAIM,MEDIUM,Pending claim has remained unresolved for more than one year.,Submitted: 2024-10-08 | Pending for approximately 696 days
FRA-11956,Gujarat,Bharuch,DELAYED_CLAIM,MEDIUM,Pending claim has remained unresolved for more than one year.,Submitted: 2025-03-07 | Pending for approximately 546 days
FRA-11957,Rajasthan,Banswara,DELAYED_CLAIM,HIGH,Pending claim has remained unresolved for more than one year.,Submitted: 2021-09-01 | Pending for approximately 1829 days
FRA-11969,Gujarat,Narmada,DELAYED_CLAIM,HIGH,Pending claim has remained unresolved for more than one year.,Submitted: 2022-04-30 | Pending for approximately 1588 days
FRA-11979,Jharkhand,Simdega,DELAYED_CLAIM,HIGH,Pending claim has remained unresolved for more than one year.,Submitted: 2021-03-04 | Pending for approximately 2010 days
FRA-11983,Gujarat,Valsad,DELAYED_CLAIM,HIGH,Pending claim has remained unresolved for more than one year.,Submitted: 2021-03-03 | Pending for approximately 2011 days
FRA-11985,Madhya Pradesh,Balaghat,DELAYED_CLAIM,HIGH,Pending claim has remained unresolved for more than one year.,Submitted: 2023-04-06 | Pending for approximately 1247 days
FRA-11990,Maharashtra,Nandurbar,DELAYED_CLAIM,HIGH,Pending claim has remained unresolved for more than one year.,Submitted: 2021-05-02 | Pending for approximately 1951 days
FRA-12001,Rajasthan,Dungarpur,DELAYED_CLAIM,HIGH,Pending claim has remained unresolved for more than one year.,Submitted: 2022-05-09 | Pending for approximately 1579 days
FRA-12003,Gujarat,Narmada,DELAYED_CLAIM,MEDIUM,Pending claim has remained unresolved for more than one year.,Submitted: 2025-03-02 | Pending for approximately 551 days
FRA-12011,Jharkhand,Simdega,DELAYED_CLAIM,HIGH,Pending claim has remained unresolved for more than one year.,Submitted: 2023-04-10 | Pending for approximately 1243 days
FRA-12013,Rajasthan,Banswara,DELAYED_CLAIM,HIGH,Pending claim has remained unresolved for more than one year.,Submitted: 2023-03-14 | Pending for approximately 1270 days
FRA-12015,Chhattisgarh,Dantewada,DELAYED_CLAIM,MEDIUM,Pending claim has remained unresolved for more than one year.,Submitted: 2025-03-30 | Pending for approximately 523 days
FRA-12016,Jharkhand,Ranchi,DELAYED_CLAIM,HIGH,Pending claim has remained unresolved for more than one year.,Submitted: 2020-12-07 | Pending for approximately 2097 days
FRA-12027,Chhattisgarh,Bastar,DELAYED_CLAIM,HIGH,Pending claim has remained unresolved for more than one year.,Submitted: 2021-03-27 | Pending for approximately 1987 days
FRA-12033,Maharashtra,Nashik,DELAYED_CLAIM,HIGH,Pending claim has remained unresolved for more than one year.,Submitted: 2024-06-13 | Pending for approximately 813 days
FRA-12036,Madhya Pradesh,Dindori,DELAYED_CLAIM,HIGH,Pending claim has remained unresolved for more than one year.,Submitted: 2023-09-12 | Pending for approximately 1088 days
FRA-12038,Madhya Pradesh,Betul,DELAYED_CLAIM,HIGH,Pending claim has remained unresolved for more than one year.,Submitted: 2021-02-12 | Pending for approximately 2030 days
FRA-12039,Gujarat,Narmada,DELAYED_CLAIM,HIGH,Pending claim has remained unresolved for more than one year.,Submitted: 2023-02-17 | Pending for approximately 1295 days
FRA-12046,Chhattisgarh,Kanker,DELAYED_CLAIM,HIGH,Pending claim has remained unresolved for more than one year.,Submitted: 2021-09-23 | Pending for approximately 1807 days
FRA-12049,Maharashtra,Gadchiroli,DELAYED_CLAIM,HIGH,Pending claim has remained unresolved for more than one year.,Submitted: 2020-08-03 | Pending for approximately 2223 days
FRA-12055,Rajasthan,Udaipur,DELAYED_CLAIM,HIGH,Pending claim has remained unresolved for more than one year.,Submitted: 2024-02-15 | Pending for approximately 932 days
FRA-12056,Rajasthan,Sirohi,DELAYED_CLAIM,HIGH,Pending claim has remained unresolved for more than one year.,Submitted: 2023-10-09 | Pending for approximately 1061 days
FRA-12057,Jharkhand,Latehar,DELAYED_CLAIM,HIGH,Pending claim has remained unresolved for more than one year.,Submitted: 2022-02-27 | Pending for approximately 1650 days
FRA-12058,Gujarat,Narmada,DELAYED_CLAIM,HIGH,Pending claim has remained unresolved for more than one year.,Submitted: 2020-10-16 | Pending for approximately 2149 days
FRA-12060,Jharkhand,West Singhbhum,DELAYED_CLAIM,HIGH,Pending claim has remained unresolved for more than one year.,Submitted: 2020-09-24 | Pending for approximately 2171 days
FRA-12069,Madhya Pradesh,Dindori,DELAYED_CLAIM,MEDIUM,Pending claim has remained unresolved for more than one year.,Submitted: 2025-01-09 | Pending for approximately 603 days
FRA-12070,Jharkhand,Latehar,DELAYED_CLAIM,HIGH,Pending claim has remained unresolved for more than one year.,Submitted: 2021-01-27 | Pending for approximately 2046 days
FRA-12072,Chhattisgarh,Korba,DELAYED_CLAIM,HIGH,Pending claim has remained unresolved for more than one year.,Submitted: 2023-11-06 | Pending for approximately 1033 days
FRA-12074,Chhattisgarh,Dantewada,DELAYED_CLAIM,HIGH,Pending claim has remained unresolved for more than one year.,Submitted: 2021-02-23 | Pending for approximately 2019 days
FRA-12084,Jharkhand,Latehar,DELAYED_CLAIM,HIGH,Pending claim has remained unresolved for more than one year.,Submitted: 2020-07-09 | Pending for approximately 2248 days
FRA-12091,Rajasthan,Dungarpur,DELAYED_CLAIM,HIGH,Pending claim has remained unresolved for more than one year.,Submitted: 2022-01-09 | Pending for approximately 1699 days
FRA-12092,Maharashtra,Yavatmal,DELAYED_CLAIM,HIGH,Pending claim has remained unresolved for more than one year.,Submitted: 2021-09-29 | Pending for approximately 1801 days
FRA-12094,Gujarat,Valsad,DELAYED_CLAIM,HIGH,Pending claim has remained unresolved for more than one year.,Submitted: 2023-09-02 | Pending for approximately 1098 days
FRA-12096,Madhya Pradesh,Dindori,DELAYED_CLAIM,HIGH,Pending claim has remained unresolved for more than one year.,Submitted: 2024-02-10 | Pending for approximately 937 days
FRA-12101,Gujarat,Tapi,DELAYED_CLAIM,HIGH,Pending claim has remained unresolved for more than one year.,Submitted: 2021-12-09 | Pending for approximately 1730 days
FRA-12102,Gujarat,Bharuch,DELAYED_CLAIM,HIGH,Pending claim has remained unresolved for more than one year.,Submitted: 2020-09-16 | Pending for approximately 2179 days
FRA-12104,Madhya Pradesh,Betul,DELAYED_CLAIM,HIGH,Pending claim has remained unresolved for more than one year.,Submitted: 2021-02-12 | Pending for approximately 2030 days
FRA-12110,Madhya Pradesh,Balaghat,DELAYED_CLAIM,HIGH,Pending claim has remained unresolved for more than one year.,Submitted: 2023-12-11 | Pending for approximately 998 days
FRA-12111,Madhya Pradesh,Betul,DELAYED_CLAIM,HIGH,Pending claim has remained unresolved for more than one year.,Submitted: 2023-10-23 | Pending for approximately 1047 days
FRA-12112,Odisha,Mayurbhanj,DELAYED_CLAIM,HIGH,Pending claim has remained unresolved for more than one year.,Submitted: 2020-07-02 | Pending for approximately 2255 days
FRA-12115,Chhattisgarh,Kanker,DELAYED_CLAIM,HIGH,Pending claim has remained unresolved for more than one year.,Submitted: 2024-05-12 | Pending for approximately 845 days
FRA-12117,Madhya Pradesh,Dindori,DELAYED_CLAIM,HIGH,Pending claim has remained unresolved for more than one year.,Submitted: 2023-02-18 | Pending for approximately 1294 days
FRA-12118,Jharkhand,Ranchi,DELAYED_CLAIM,HIGH,Pending claim has remained unresolved for more than one year.,Submitted: 2022-11-16 | Pending for approximately 1388 days
FRA-12127,Chhattisgarh,Kanker,DELAYED_CLAIM,HIGH,Pending claim has remained unresolved for more than one year.,Submitted: 2024-01-07 | Pending for approximately 971 days
FRA-12128,Rajasthan,Udaipur,DELAYED_CLAIM,HIGH,Pending claim has remained unresolved for more than one year.,Submitted: 2022-04-26 | Pending for approximately 1592 days
FRA-12129,Gujarat,Valsad,DELAYED_CLAIM,HIGH,Pending claim has remained unresolved for more than one year.,Submitted: 2021-05-21 | Pending for approximately 1932 days
FRA-12136,Chhattisgarh,Dantewada,DELAYED_CLAIM,HIGH,Pending claim has remained unresolved for more than one year.,Submitted: 2024-02-27 | Pending for approximately 920 days
FRA-12152,Chhattisgarh,Dantewada,DELAYED_CLAIM,MEDIUM,Pending claim has remained unresolved for more than one year.,Submitted: 2024-10-20 | Pending for approximately 684 days
FRA-12154,Madhya Pradesh,Mandla,DELAYED_CLAIM,MEDIUM,Pending claim has remained unresolved for more than one year.,Submitted: 2025-04-01 | Pending for approximately 521 days
FRA-12161,Maharashtra,Amravati,DELAYED_CLAIM,HIGH,Pending claim has remained unresolved for more than one year.,Submitted: 2020-03-15 | Pending for approximately 2364 days
FRA-12163,Rajasthan,Sirohi,DELAYED_CLAIM,HIGH,Pending claim has remained unresolved for more than one year.,Submitted: 2022-12-29 | Pending for approximately 1345 days
FRA-12171,Maharashtra,Amravati,DELAYED_CLAIM,HIGH,Pending claim has remained unresolved for more than one year.,Submitted: 2021-04-08 | Pending for approximately 1975 days
FRA-12176,Jharkhand,Simdega,DELAYED_CLAIM,HIGH,Pending claim has remained unresolved for more than one year.,Submitted: 2024-04-13 | Pending for approximately 874 days
FRA-12179,Maharashtra,Nandurbar,DELAYED_CLAIM,HIGH,Pending claim has remained unresolved for more than one year.,Submitted: 2021-01-19 | Pending for approximately 2054 days
FRA-12183,Maharashtra,Yavatmal,DELAYED_CLAIM,HIGH,Pending claim has remained unresolved for more than one year.,Submitted: 2021-09-26 | Pending for approximately 1804 days
FRA-12190,Gujarat,Narmada,DELAYED_CLAIM,MEDIUM,Pending claim has remained unresolved for more than one year.,Submitted: 2025-09-02 | Pending for approximately 367 days
FRA-12198,Madhya Pradesh,Dindori,DELAYED_CLAIM,HIGH,Pending claim has remained unresolved for more than one year.,Submitted: 2021-03-17 | Pending for approximately 1997 days
FRA-12200,Rajasthan,Sirohi,DELAYED_CLAIM,HIGH,Pending claim has remained unresolved for more than one year.,Submitted: 2020-07-27 | Pending for approximately 2230 days
FRA-12209,Odisha,Koraput,DELAYED_CLAIM,HIGH,Pending claim has remained unresolved for more than one year.,Submitted: 2023-11-04 | Pending for approximately 1035 days
FRA-12214,Rajasthan,Banswara,DELAYED_CLAIM,HIGH,Pending claim has remained unresolved for more than one year.,Submitted: 2021-04-10 | Pending for approximately 1973 days
FRA-12215,Jharkhand,Ranchi,DELAYED_CLAIM,HIGH,Pending claim has remained unresolved for more than one year.,Submitted: 2021-05-30 | Pending for approximately 1923 days
FRA-12217,Gujarat,Dangs,DELAYED_CLAIM,HIGH,Pending claim has remained unresolved for more than one year.,Submitted: 2020-03-22 | Pending for approximately 2357 days
FRA-12222,Jharkhand,West Singhbhum,DELAYED_CLAIM,MEDIUM,Pending claim has remained unresolved for more than one year.,Submitted: 2025-02-13 | Pending for approximately 568 days
FRA-12224,Madhya Pradesh,Chhindwara,DELAYED_CLAIM,MEDIUM,Pending claim has remained unresolved for more than one year.,Submitted: 2025-02-21 | Pending for approximately 560 days
FRA-12226,Rajasthan,Udaipur,DELAYED_CLAIM,HIGH,Pending claim has remained unresolved for more than one year.,Submitted: 2023-05-10 | Pending for approximately 1213 days
FRA-12232,Madhya Pradesh,Balaghat,DELAYED_CLAIM,MEDIUM,Pending claim has remained unresolved for more than one year.,Submitted: 2024-09-26 | Pending for approximately 708 days
FRA-12236,Chhattisgarh,Dantewada,DELAYED_CLAIM,HIGH,Pending claim has remained unresolved for more than one year.,Submitted: 2020-01-08 | Pending for approximately 2431 days
FRA-12246,Jharkhand,Gumla,DELAYED_CLAIM,HIGH,Pending claim has remained unresolved for more than one year.,Submitted: 2020-05-02 | Pending for approximately 2316 days
FRA-12257,Odisha,Mayurbhanj,DELAYED_CLAIM,HIGH,Pending claim has remained unresolved for more than one year.,Submitted: 2020-10-12 | Pending for approximately 2153 days
FRA-12262,Maharashtra,Amravati,DELAYED_CLAIM,HIGH,Pending claim has remained unresolved for more than one year.,Submitted: 2024-04-27 | Pending for approximately 860 days
FRA-12281,Maharashtra,Nandurbar,DELAYED_CLAIM,HIGH,Pending claim has remained unresolved for more than one year.,Submitted: 2020-09-08 | Pending for approximately 2187 days
FRA-12283,Jharkhand,West Singhbhum,DELAYED_CLAIM,HIGH,Pending claim has remained unresolved for more than one year.,Submitted: 2024-04-23 | Pending for approximately 864 days
FRA-12290,Odisha,Sundargarh,DELAYED_CLAIM,HIGH,Pending claim has remained unresolved for more than one year.,Submitted: 2022-12-27 | Pending for approximately 1347 days
FRA-12298,Odisha,Koraput,DELAYED_CLAIM,HIGH,Pending claim has remained unresolved for more than one year.,Submitted: 2020-10-11 | Pending for approximately 2154 days
FRA-12308,Rajasthan,Pratapgarh,DELAYED_CLAIM,HIGH,Pending claim has remained unresolved for more than one year.,Submitted: 2023-01-15 | Pending for approximately 1328 days
FRA-12310,Rajasthan,Sirohi,DELAYED_CLAIM,HIGH,Pending claim has remained unresolved for more than one year.,Submitted: 2020-06-14 | Pending for approximately 2273 days
FRA-12318,Gujarat,Narmada,DELAYED_CLAIM,HIGH,Pending claim has remained unresolved for more than one year.,Submitted: 2021-12-09 | Pending for approximately 1730 days
FRA-12327,Jharkhand,Simdega,DELAYED_CLAIM,HIGH,Pending claim has remained unresolved for more than one year.,Submitted: 2022-02-06 | Pending for approximately 1671 days
FRA-12329,Odisha,Keonjhar,DELAYED_CLAIM,HIGH,Pending claim has remained unresolved for more than one year.,Submitted: 2021-03-13 | Pending for approximately 2001 days
FRA-12330,Madhya Pradesh,Betul,DELAYED_CLAIM,HIGH,Pending claim has remained unresolved for more than one year.,Submitted: 2022-03-07 | Pending for approximately 1642 days
FRA-12338,Madhya Pradesh,Betul,DELAYED_CLAIM,HIGH,Pending claim has remained unresolved for more than one year.,Submitted: 2022-03-04 | Pending for approximately 1645 days
FRA-12341,Jharkhand,Gumla,DELAYED_CLAIM,HIGH,Pending claim has remained unresolved for more than one year.,Submitted: 2021-10-12 | Pending for approximately 1788 days
FRA-12342,Jharkhand,Ranchi,DELAYED_CLAIM,MEDIUM,Pending claim has remained unresolved for more than one year.,Submitted: 2024-09-12 | Pending for approximately 722 days
FRA-12345,Chhattisgarh,Surguja,DELAYED_CLAIM,MEDIUM,Pending claim has remained unresolved for more than one year.,Submitted: 2024-11-12 | Pending for approximately 661 days
FRA-12347,Chhattisgarh,Bastar,DELAYED_CLAIM,MEDIUM,Pending claim has remained unresolved for more than one year.,Submitted: 2025-07-11 | Pending for approximately 420 days
FRA-12349,Maharashtra,Yavatmal,DELAYED_CLAIM,HIGH,Pending claim has remained unresolved for more than one year.,Submitted: 2024-03-08 | Pending for approximately 910 days
FRA-12352,Chhattisgarh,Surguja,DELAYED_CLAIM,HIGH,Pending claim has remained unresolved for more than one year.,Submitted: 2021-06-26 | Pending for approximately 1896 days
FRA-12359,Odisha,Kandhamal,DELAYED_CLAIM,MEDIUM,Pending claim has remained unresolved for more than one year.,Submitted: 2025-02-18 | Pending for approximately 563 days
FRA-12364,Madhya Pradesh,Mandla,DELAYED_CLAIM,MEDIUM,Pending claim has remained unresolved for more than one year.,Submitted: 2024-09-10 | Pending for approximately 724 days
FRA-12369,Madhya Pradesh,Dindori,DELAYED_CLAIM,HIGH,Pending claim has remained unresolved for more than one year.,Submitted: 2021-07-11 | Pending for approximately 1881 days
FRA-12371,Odisha,Kandhamal,DELAYED_CLAIM,HIGH,Pending claim has remained unresolved for more than one year.,Submitted: 2023-12-02 | Pending for approximately 1007 days
FRA-12372,Rajasthan,Dungarpur,DELAYED_CLAIM,MEDIUM,Pending claim has remained unresolved for more than one year.,Submitted: 2025-03-21 | Pending for approximately 532 days
FRA-12374,Jharkhand,West Singhbhum,DELAYED_CLAIM,HIGH,Pending claim has remained unresolved for more than one year.,Submitted: 2023-05-06 | Pending for approximately 1217 days
FRA-12377,Rajasthan,Sirohi,DELAYED_CLAIM,HIGH,Pending claim has remained unresolved for more than one year.,Submitted: 2021-07-25 | Pending for approximately 1867 days
FRA-12385,Odisha,Keonjhar,DELAYED_CLAIM,HIGH,Pending claim has remained unresolved for more than one year.,Submitted: 2021-10-30 | Pending for approximately 1770 days
FRA-12388,Chhattisgarh,Surguja,DELAYED_CLAIM,HIGH,Pending claim has remained unresolved for more than one year.,Submitted: 2021-12-31 | Pending for approximately 1708 days
FRA-12393,Maharashtra,Yavatmal,DELAYED_CLAIM,HIGH,Pending claim has remained unresolved for more than one year.,Submitted: 2023-07-29 | Pending for approximately 1133 days
FRA-12399,Odisha,Mayurbhanj,DELAYED_CLAIM,HIGH,Pending claim has remained unresolved for more than one year.,Submitted: 2022-03-31 | Pending for approximately 1618 days
FRA-12401,Gujarat,Tapi,DELAYED_CLAIM,HIGH,Pending claim has remained unresolved for more than one year.,Submitted: 2021-07-12 | Pending for approximately 1880 days
FRA-12403,Chhattisgarh,Surguja,DELAYED_CLAIM,MEDIUM,Pending claim has remained unresolved for more than one year.,Submitted: 2025-07-14 | Pending for approximately 417 days
FRA-12404,Jharkhand,Ranchi,DELAYED_CLAIM,HIGH,Pending claim has remained unresolved for more than one year.,Submitted: 2023-04-02 | Pending for approximately 1251 days
FRA-12408,Maharashtra,Nandurbar,DELAYED_CLAIM,HIGH,Pending claim has remained unresolved for more than one year.,Submitted: 2022-10-16 | Pending for approximately 1419 days
FRA-12410,Gujarat,Narmada,DELAYED_CLAIM,HIGH,Pending claim has remained unresolved for more than one year.,Submitted: 2022-03-13 | Pending for approximately 1636 days
FRA-12414,Maharashtra,Nandurbar,DELAYED_CLAIM,HIGH,Pending claim has remained unresolved for more than one year.,Submitted: 2020-05-05 | Pending for approximately 2313 days
FRA-12418,Maharashtra,Yavatmal,DELAYED_CLAIM,HIGH,Pending claim has remained unresolved for more than one year.,Submitted: 2022-08-22 | Pending for approximately 1474 days
FRA-12419,Rajasthan,Banswara,DELAYED_CLAIM,HIGH,Pending claim has remained unresolved for more than one year.,Submitted: 2020-12-27 | Pending for approximately 2077 days
FRA-12421,Rajasthan,Dungarpur,DELAYED_CLAIM,HIGH,Pending claim has remained unresolved for more than one year.,Submitted: 2021-02-06 | Pending for approximately 2036 days
FRA-12436,Jharkhand,Ranchi,DELAYED_CLAIM,HIGH,Pending claim has remained unresolved for more than one year.,Submitted: 2021-07-21 | Pending for approximately 1871 days
FRA-12442,Chhattisgarh,Korba,DELAYED_CLAIM,HIGH,Pending claim has remained unresolved for more than one year.,Submitted: 2024-08-02 | Pending for approximately 763 days
FRA-12445,Gujarat,Bharuch,DELAYED_CLAIM,HIGH,Pending claim has remained unresolved for more than one year.,Submitted: 2020-05-23 | Pending for approximately 2295 days
FRA-12452,Chhattisgarh,Surguja,DELAYED_CLAIM,HIGH,Pending claim has remained unresolved for more than one year.,Submitted: 2021-07-11 | Pending for approximately 1881 days
FRA-12453,Gujarat,Bharuch,DELAYED_CLAIM,HIGH,Pending claim has remained unresolved for more than one year.,Submitted: 2022-06-16 | Pending for approximately 1541 days
FRA-12459,Jharkhand,Simdega,DELAYED_CLAIM,HIGH,Pending claim has remained unresolved for more than one year.,Submitted: 2021-06-27 | Pending for approximately 1895 days
FRA-12474,Odisha,Sundargarh,DELAYED_CLAIM,HIGH,Pending claim has remained unresolved for more than one year.,Submitted: 2021-10-08 | Pending for approximately 1792 days
FRA-12475,Chhattisgarh,Korba,DELAYED_CLAIM,HIGH,Pending claim has remained unresolved for more than one year.,Submitted: 2022-06-29 | Pending for approximately 1528 days
FRA-12483,Odisha,Kandhamal,DELAYED_CLAIM,HIGH,Pending claim has remained unresolved for more than one year.,Submitted: 2022-06-30 | Pending for approximately 1527 days
FRA-12484,Chhattisgarh,Bastar,DELAYED_CLAIM,HIGH,Pending claim has remained unresolved for more than one year.,Submitted: 2021-02-05 | Pending for approximately 2037 days
FRA-12485,Rajasthan,Udaipur,DELAYED_CLAIM,HIGH,Pending claim has remained unresolved for more than one year.,Submitted: 2022-06-20 | Pending for approximately 1537 days
FRA-12486,Gujarat,Valsad,DELAYED_CLAIM,HIGH,Pending claim has remained unresolved for more than one year.,Submitted: 2022-05-23 | Pending for approximately 1565 days
FRA-12487,Maharashtra,Amravati,DELAYED_CLAIM,HIGH,Pending claim has remained unresolved for more than one year.,Submitted: 2024-06-24 | Pending for approximately 802 days
FRA-12492,Gujarat,Tapi,DELAYED_CLAIM,HIGH,Pending claim has remained unresolved for more than one year.,Submitted: 2023-03-26 | Pending for approximately 1258 days
FRA-12493,Jharkhand,Ranchi,DELAYED_CLAIM,HIGH,Pending claim has remained unresolved for more than one year.,Submitted: 2021-02-26 | Pending for approximately 2016 days
FRA-12502,Maharashtra,Gadchiroli,DELAYED_CLAIM,HIGH,Pending claim has remained unresolved for more than one year.,Submitted: 2021-08-29 | Pending for approximately 1832 days
FRA-12511,Rajasthan,Pratapgarh,DELAYED_CLAIM,HIGH,Pending claim has remained unresolved for more than one year.,Submitted: 2023-06-27 | Pending for approximately 1165 days
FRA-12512,Madhya Pradesh,Balaghat,DELAYED_CLAIM,HIGH,Pending claim has remained unresolved for more than one year.,Submitted: 2023-10-09 | Pending for approximately 1061 days
FRA-12515,Gujarat,Narmada,DELAYED_CLAIM,HIGH,Pending claim has remained unresolved for more than one year.,Submitted: 2020-05-21 | Pending for approximately 2297 days
FRA-12520,Madhya Pradesh,Balaghat,DELAYED_CLAIM,HIGH,Pending claim has remained unresolved for more than one year.,Submitted: 2022-11-11 | Pending for approximately 1393 days
FRA-12521,Maharashtra,Gadchiroli,DELAYED_CLAIM,HIGH,Pending claim has remained unresolved for more than one year.,Submitted: 2023-08-09 | Pending for approximately 1122 days
FRA-12523,Gujarat,Valsad,DELAYED_CLAIM,MEDIUM,Pending claim has remained unresolved for more than one year.,Submitted: 2025-01-14 | Pending for approximately 598 days
FRA-12525,Chhattisgarh,Kanker,DELAYED_CLAIM,HIGH,Pending claim has remained unresolved for more than one year.,Submitted: 2022-04-23 | Pending for approximately 1595 days
FRA-12541,Gujarat,Bharuch,DELAYED_CLAIM,HIGH,Pending claim has remained unresolved for more than one year.,Submitted: 2022-03-07 | Pending for approximately 1642 days
FRA-12544,Rajasthan,Udaipur,DELAYED_CLAIM,HIGH,Pending claim has remained unresolved for more than one year.,Submitted: 2020-04-06 | Pending for approximately 2342 days
FRA-12551,Odisha,Mayurbhanj,DELAYED_CLAIM,HIGH,Pending claim has remained unresolved for more than one year.,Submitted: 2022-01-03 | Pending for approximately 1705 days
FRA-12552,Chhattisgarh,Kanker,DELAYED_CLAIM,MEDIUM,Pending claim has remained unresolved for more than one year.,Submitted: 2025-03-05 | Pending for approximately 548 days
FRA-12554,Gujarat,Narmada,DELAYED_CLAIM,MEDIUM,Pending claim has remained unresolved for more than one year.,Submitted: 2025-03-29 | Pending for approximately 524 days
FRA-12555,Rajasthan,Sirohi,DELAYED_CLAIM,HIGH,Pending claim has remained unresolved for more than one year.,Submitted: 2021-10-17 | Pending for approximately 1783 days
FRA-12559,Rajasthan,Banswara,DELAYED_CLAIM,HIGH,Pending claim has remained unresolved for more than one year.,Submitted: 2020-02-13 | Pending for approximately 2395 days
FRA-12561,Gujarat,Tapi,DELAYED_CLAIM,HIGH,Pending claim has remained unresolved for more than one year.,Submitted: 2020-12-04 | Pending for approximately 2100 days
FRA-12572,Jharkhand,Simdega,DELAYED_CLAIM,HIGH,Pending claim has remained unresolved for more than one year.,Submitted: 2023-08-25 | Pending for approximately 1106 days
FRA-12578,Chhattisgarh,Surguja,DELAYED_CLAIM,HIGH,Pending claim has remained unresolved for more than one year.,Submitted: 2021-04-01 | Pending for approximately 1982 days
FRA-12582,Jharkhand,West Singhbhum,DELAYED_CLAIM,HIGH,Pending claim has remained unresolved for more than one year.,Submitted: 2022-04-02 | Pending for approximately 1616 days
FRA-12583,Rajasthan,Sirohi,DELAYED_CLAIM,HIGH,Pending claim has remained unresolved for more than one year.,Submitted: 2024-05-20 | Pending for approximately 837 days
FRA-12594,Chhattisgarh,Korba,DELAYED_CLAIM,HIGH,Pending claim has remained unresolved for more than one year.,Submitted: 2020-08-02 | Pending for approximately 2224 days
FRA-12599,Rajasthan,Sirohi,DELAYED_CLAIM,HIGH,Pending claim has remained unresolved for more than one year.,Submitted: 2021-02-12 | Pending for approximately 2030 days
FRA-12602,Maharashtra,Nandurbar,DELAYED_CLAIM,HIGH,Pending claim has remained unresolved for more than one year.,Submitted: 2024-07-05 | Pending for approximately 791 days
FRA-12607,Chhattisgarh,Dantewada,DELAYED_CLAIM,HIGH,Pending claim has remained unresolved for more than one year.,Submitted: 2023-03-06 | Pending for approximately 1278 days
FRA-12608,Odisha,Keonjhar,DELAYED_CLAIM,HIGH,Pending claim has remained unresolved for more than one year.,Submitted: 2022-04-04 | Pending for approximately 1614 days
FRA-12609,Chhattisgarh,Kanker,DELAYED_CLAIM,MEDIUM,Pending claim has remained unresolved for more than one year.,Submitted: 2025-02-14 | Pending for approximately 567 days
FRA-12610,Chhattisgarh,Kanker,DELAYED_CLAIM,HIGH,Pending claim has remained unresolved for more than one year.,Submitted: 2023-12-30 | Pending for approximately 979 days
FRA-12611,Madhya Pradesh,Balaghat,DELAYED_CLAIM,HIGH,Pending claim has remained unresolved for more than one year.,Submitted: 2020-10-17 | Pending for approximately 2148 days
FRA-12612,Maharashtra,Nashik,DELAYED_CLAIM,HIGH,Pending claim has remained unresolved for more than one year.,Submitted: 2022-07-29 | Pending for approximately 1498 days
FRA-12616,Chhattisgarh,Dantewada,DELAYED_CLAIM,MEDIUM,Pending claim has remained unresolved for more than one year.,Submitted: 2025-05-28 | Pending for approximately 464 days
FRA-12625,Jharkhand,Gumla,DELAYED_CLAIM,HIGH,Pending claim has remained unresolved for more than one year.,Submitted: 2020-10-05 | Pending for approximately 2160 days
FRA-12630,Madhya Pradesh,Mandla,DELAYED_CLAIM,MEDIUM,Pending claim has remained unresolved for more than one year.,Submitted: 2025-03-27 | Pending for approximately 526 days
FRA-12632,Jharkhand,Simdega,DELAYED_CLAIM,HIGH,Pending claim has remained unresolved for more than one year.,Submitted: 2024-05-02 | Pending for approximately 855 days
FRA-12634,Odisha,Koraput,DELAYED_CLAIM,HIGH,Pending claim has remained unresolved for more than one year.,Submitted: 2020-11-08 | Pending for approximately 2126 days
FRA-12635,Gujarat,Tapi,DELAYED_CLAIM,HIGH,Pending claim has remained unresolved for more than one year.,Submitted: 2023-09-19 | Pending for approximately 1081 days
FRA-12636,Chhattisgarh,Korba,DELAYED_CLAIM,HIGH,Pending claim has remained unresolved for more than one year.,Submitted: 2021-10-07 | Pending for approximately 1793 days
FRA-12637,Maharashtra,Nandurbar,DELAYED_CLAIM,MEDIUM,Pending claim has remained unresolved for more than one year.,Submitted: 2024-12-09 | Pending for approximately 634 days
FRA-12639,Odisha,Koraput,DELAYED_CLAIM,HIGH,Pending claim has remained unresolved for more than one year.,Submitted: 2023-05-18 | Pending for approximately 1205 days
FRA-12641,Rajasthan,Banswara,DELAYED_CLAIM,HIGH,Pending claim has remained unresolved for more than one year.,Submitted: 2022-11-16 | Pending for approximately 1388 days
FRA-12645,Odisha,Sundargarh,DELAYED_CLAIM,HIGH,Pending claim has remained unresolved for more than one year.,Submitted: 2020-12-31 | Pending for approximately 2073 days
FRA-12649,Madhya Pradesh,Dindori,DELAYED_CLAIM,HIGH,Pending claim has remained unresolved for more than one year.,Submitted: 2022-01-01 | Pending for approximately 1707 days
FRA-12650,Gujarat,Dangs,DELAYED_CLAIM,HIGH,Pending claim has remained unresolved for more than one year.,Submitted: 2021-11-29 | Pending for approximately 1740 days
FRA-12655,Jharkhand,Latehar,DELAYED_CLAIM,HIGH,Pending claim has remained unresolved for more than one year.,Submitted: 2021-11-20 | Pending for approximately 1749 days
FRA-12660,Odisha,Mayurbhanj,DELAYED_CLAIM,HIGH,Pending claim has remained unresolved for more than one year.,Submitted: 2022-10-28 | Pending for approximately 1407 days
FRA-12665,Rajasthan,Sirohi,DELAYED_CLAIM,HIGH,Pending claim has remained unresolved for more than one year.,Submitted: 2021-05-11 | Pending for approximately 1942 days
FRA-12667,Rajasthan,Pratapgarh,DELAYED_CLAIM,HIGH,Pending claim has remained unresolved for more than one year.,Submitted: 2021-01-20 | Pending for approximately 2053 days
FRA-12668,Jharkhand,Latehar,DELAYED_CLAIM,HIGH,Pending claim has remained unresolved for more than one year.,Submitted: 2020-11-26 | Pending for approximately 2108 days
FRA-12672,Odisha,Sundargarh,DELAYED_CLAIM,HIGH,Pending claim has remained unresolved for more than one year.,Submitted: 2022-02-12 | Pending for approximately 1665 days
FRA-12674,Chhattisgarh,Kanker,DELAYED_CLAIM,HIGH,Pending claim has remained unresolved for more than one year.,Submitted: 2023-10-04 | Pending for approximately 1066 days
FRA-12688,Chhattisgarh,Korba,DELAYED_CLAIM,HIGH,Pending claim has remained unresolved for more than one year.,Submitted: 2021-07-13 | Pending for approximately 1879 days
FRA-12690,Rajasthan,Pratapgarh,DELAYED_CLAIM,HIGH,Pending claim has remained unresolved for more than one year.,Submitted: 2023-02-16 | Pending for approximately 1296 days
FRA-12692,Chhattisgarh,Korba,DELAYED_CLAIM,HIGH,Pending claim has remained unresolved for more than one year.,Submitted: 2023-11-19 | Pending for approximately 1020 days
FRA-12695,Gujarat,Narmada,DELAYED_CLAIM,MEDIUM,Pending claim has remained unresolved for more than one year.,Submitted: 2024-12-21 | Pending for approximately 622 days
FRA-12697,Jharkhand,Latehar,DELAYED_CLAIM,HIGH,Pending claim has remained unresolved for more than one year.,Submitted: 2021-11-21 | Pending for approximately 1748 days
FRA-12701,Maharashtra,Nandurbar,DELAYED_CLAIM,HIGH,Pending claim has remained unresolved for more than one year.,Submitted: 2024-01-03 | Pending for approximately 975 days
FRA-12702,Madhya Pradesh,Mandla,DELAYED_CLAIM,MEDIUM,Pending claim has remained unresolved for more than one year.,Submitted: 2025-02-28 | Pending for approximately 553 days
FRA-12703,Gujarat,Valsad,DELAYED_CLAIM,HIGH,Pending claim has remained unresolved for more than one year.,Submitted: 2021-01-09 | Pending for approximately 2064 days
FRA-12704,Jharkhand,Ranchi,DELAYED_CLAIM,HIGH,Pending claim has remained unresolved for more than one year.,Submitted: 2020-02-17 | Pending for approximately 2391 days
FRA-12706,Jharkhand,Simdega,DELAYED_CLAIM,HIGH,Pending claim has remained unresolved for more than one year.,Submitted: 2021-11-25 | Pending for approximately 1744 days
FRA-12712,Chhattisgarh,Kanker,DELAYED_CLAIM,HIGH,Pending claim has remained unresolved for more than one year.,Submitted: 2023-06-07 | Pending for approximately 1185 days
FRA-12716,Jharkhand,Gumla,DELAYED_CLAIM,HIGH,Pending claim has remained unresolved for more than one year.,Submitted: 2021-03-02 | Pending for approximately 2012 days
FRA-12720,Rajasthan,Dungarpur,DELAYED_CLAIM,HIGH,Pending claim has remained unresolved for more than one year.,Submitted: 2022-07-25 | Pending for approximately 1502 days
FRA-12721,Gujarat,Narmada,DELAYED_CLAIM,HIGH,Pending claim has remained unresolved for more than one year.,Submitted: 2024-07-31 | Pending for approximately 765 days
FRA-12722,Rajasthan,Banswara,DELAYED_CLAIM,HIGH,Pending claim has remained unresolved for more than one year.,Submitted: 2024-03-27 | Pending for approximately 891 days
FRA-12724,Chhattisgarh,Surguja,DELAYED_CLAIM,HIGH,Pending claim has remained unresolved for more than one year.,Submitted: 2022-05-10 | Pending for approximately 1578 days
FRA-12725,Rajasthan,Pratapgarh,DELAYED_CLAIM,MEDIUM,Pending claim has remained unresolved for more than one year.,Submitted: 2024-09-09 | Pending for approximately 725 days
FRA-12726,Madhya Pradesh,Betul,DELAYED_CLAIM,HIGH,Pending claim has remained unresolved for more than one year.,Submitted: 2022-11-20 | Pending for approximately 1384 days
FRA-12731,Rajasthan,Pratapgarh,DELAYED_CLAIM,HIGH,Pending claim has remained unresolved for more than one year.,Submitted: 2021-05-11 | Pending for approximately 1942 days
FRA-12732,Chhattisgarh,Bastar,DELAYED_CLAIM,HIGH,Pending claim has remained unresolved for more than one year.,Submitted: 2023-09-04 | Pending for approximately 1096 days
FRA-12733,Odisha,Keonjhar,DELAYED_CLAIM,HIGH,Pending claim has remained unresolved for more than one year.,Submitted: 2021-11-16 | Pending for approximately 1753 days
FRA-12737,Madhya Pradesh,Balaghat,DELAYED_CLAIM,HIGH,Pending claim has remained unresolved for more than one year.,Submitted: 2023-06-17 | Pending for approximately 1175 days
FRA-12740,Odisha,Keonjhar,DELAYED_CLAIM,HIGH,Pending claim has remained unresolved for more than one year.,Submitted: 2020-12-18 | Pending for approximately 2086 days
FRA-12754,Odisha,Sundargarh,DELAYED_CLAIM,HIGH,Pending claim has remained unresolved for more than one year.,Submitted: 2021-05-18 | Pending for approximately 1935 days
FRA-12759,Chhattisgarh,Kanker,DELAYED_CLAIM,HIGH,Pending claim has remained unresolved for more than one year.,Submitted: 2021-11-13 | Pending for approximately 1756 days
FRA-12767,Odisha,Keonjhar,DELAYED_CLAIM,HIGH,Pending claim has remained unresolved for more than one year.,Submitted: 2021-02-02 | Pending for approximately 2040 days
FRA-12772,Maharashtra,Nashik,DELAYED_CLAIM,HIGH,Pending claim has remained unresolved for more than one year.,Submitted: 2022-02-11 | Pending for approximately 1666 days
FRA-12777,Odisha,Kandhamal,DELAYED_CLAIM,MEDIUM,Pending claim has remained unresolved for more than one year.,Submitted: 2025-04-01 | Pending for approximately 521 days
FRA-12778,Maharashtra,Yavatmal,DELAYED_CLAIM,HIGH,Pending claim has remained unresolved for more than one year.,Submitted: 2022-12-26 | Pending for approximately 1348 days
FRA-12786,Madhya Pradesh,Mandla,DELAYED_CLAIM,HIGH,Pending claim has remained unresolved for more than one year.,Submitted: 2021-08-09 | Pending for approximately 1852 days
FRA-12790,Chhattisgarh,Kanker,DELAYED_CLAIM,HIGH,Pending claim has remained unresolved for more than one year.,Submitted: 2022-07-25 | Pending for approximately 1502 days
FRA-12801,Rajasthan,Pratapgarh,DELAYED_CLAIM,HIGH,Pending claim has remained unresolved for more than one year.,Submitted: 2024-03-30 | Pending for approximately 888 days
FRA-12803,Rajasthan,Banswara,DELAYED_CLAIM,HIGH,Pending claim has remained unresolved for more than one year.,Submitted: 2023-05-12 | Pending for approximately 1211 days
FRA-12806,Gujarat,Valsad,DELAYED_CLAIM,HIGH,Pending claim has remained unresolved for more than one year.,Submitted: 2021-09-19 | Pending for approximately 1811 days
FRA-12808,Maharashtra,Gadchiroli,DELAYED_CLAIM,HIGH,Pending claim has remained unresolved for more than one year.,Submitted: 2023-11-25 | Pending for approximately 1014 days
FRA-12809,Jharkhand,Ranchi,DELAYED_CLAIM,HIGH,Pending claim has remained unresolved for more than one year.,Submitted: 2021-03-06 | Pending for approximately 2008 days
FRA-12810,Odisha,Kandhamal,DELAYED_CLAIM,HIGH,Pending claim has remained unresolved for more than one year.,Submitted: 2022-06-14 | Pending for approximately 1543 days
FRA-12811,Odisha,Keonjhar,DELAYED_CLAIM,HIGH,Pending claim has remained unresolved for more than one year.,Submitted: 2020-08-27 | Pending for approximately 2199 days
FRA-12817,Gujarat,Narmada,DELAYED_CLAIM,HIGH,Pending claim has remained unresolved for more than one year.,Submitted: 2020-03-05 | Pending for approximately 2374 days
FRA-12819,Gujarat,Valsad,DELAYED_CLAIM,HIGH,Pending claim has remained unresolved for more than one year.,Submitted: 2023-08-03 | Pending for approximately 1128 days
FRA-12826,Rajasthan,Banswara,DELAYED_CLAIM,HIGH,Pending claim has remained unresolved for more than one year.,Submitted: 2022-10-06 | Pending for approximately 1429 days
FRA-12828,Madhya Pradesh,Chhindwara,DELAYED_CLAIM,MEDIUM,Pending claim has remained unresolved for more than one year.,Submitted: 2024-09-25 | Pending for approximately 709 days
FRA-12829,Maharashtra,Nandurbar,DELAYED_CLAIM,HIGH,Pending claim has remained unresolved for more than one year.,Submitted: 2023-12-04 | Pending for approximately 1005 days
FRA-12833,Chhattisgarh,Dantewada,DELAYED_CLAIM,HIGH,Pending claim has remained unresolved for more than one year.,Submitted: 2024-05-28 | Pending for approximately 829 days
FRA-12846,Chhattisgarh,Bastar,DELAYED_CLAIM,HIGH,Pending claim has remained unresolved for more than one year.,Submitted: 2020-12-08 | Pending for approximately 2096 days
FRA-12847,Chhattisgarh,Bastar,DELAYED_CLAIM,HIGH,Pending claim has remained unresolved for more than one year.,Submitted: 2020-08-03 | Pending for approximately 2223 days
FRA-12848,Maharashtra,Gadchiroli,DELAYED_CLAIM,HIGH,Pending claim has remained unresolved for more than one year.,Submitted: 2024-05-20 | Pending for approximately 837 days
FRA-12866,Madhya Pradesh,Betul,DELAYED_CLAIM,HIGH,Pending claim has remained unresolved for more than one year.,Submitted: 2022-08-05 | Pending for approximately 1491 days
FRA-12867,Gujarat,Tapi,DELAYED_CLAIM,HIGH,Pending claim has remained unresolved for more than one year.,Submitted: 2020-03-06 | Pending for approximately 2373 days
FRA-12870,Odisha,Mayurbhanj,DELAYED_CLAIM,HIGH,Pending claim has remained unresolved for more than one year.,Submitted: 2024-04-12 | Pending for approximately 875 days
FRA-12872,Chhattisgarh,Bastar,DELAYED_CLAIM,MEDIUM,Pending claim has remained unresolved for more than one year.,Submitted: 2024-11-05 | Pending for approximately 668 days
FRA-12873,Odisha,Sundargarh,DELAYED_CLAIM,HIGH,Pending claim has remained unresolved for more than one year.,Submitted: 2021-03-22 | Pending for approximately 1992 days
FRA-12880,Gujarat,Valsad,DELAYED_CLAIM,HIGH,Pending claim has remained unresolved for more than one year.,Submitted: 2021-03-14 | Pending for approximately 2000 days
FRA-12883,Madhya Pradesh,Betul,DELAYED_CLAIM,HIGH,Pending claim has remained unresolved for more than one year.,Submitted: 2021-01-03 | Pending for approximately 2070 days
FRA-12891,Chhattisgarh,Dantewada,DELAYED_CLAIM,HIGH,Pending claim has remained unresolved for more than one year.,Submitted: 2022-02-11 | Pending for approximately 1666 days
FRA-12897,Maharashtra,Yavatmal,DELAYED_CLAIM,HIGH,Pending claim has remained unresolved for more than one year.,Submitted: 2024-08-23 | Pending for approximately 742 days
FRA-12899,Rajasthan,Banswara,DELAYED_CLAIM,MEDIUM,Pending claim has remained unresolved for more than one year.,Submitted: 2025-01-09 | Pending for approximately 603 days
FRA-12901,Jharkhand,Ranchi,DELAYED_CLAIM,MEDIUM,Pending claim has remained unresolved for more than one year.,Submitted: 2025-08-31 | Pending for approximately 369 days
FRA-12902,Jharkhand,West Singhbhum,DELAYED_CLAIM,HIGH,Pending claim has remained unresolved for more than one year.,Submitted: 2021-02-14 | Pending for approximately 2028 days
FRA-12904,Jharkhand,Simdega,DELAYED_CLAIM,HIGH,Pending claim has remained unresolved for more than one year.,Submitted: 2023-04-29 | Pending for approximately 1224 days
FRA-12907,Madhya Pradesh,Chhindwara,DELAYED_CLAIM,MEDIUM,Pending claim has remained unresolved for more than one year.,Submitted: 2025-02-25 | Pending for approximately 556 days
FRA-12911,Jharkhand,West Singhbhum,DELAYED_CLAIM,HIGH,Pending claim has remained unresolved for more than one year.,Submitted: 2022-12-03 | Pending for approximately 1371 days
FRA-12917,Chhattisgarh,Surguja,DELAYED_CLAIM,HIGH,Pending claim has remained unresolved for more than one year.,Submitted: 2021-03-23 | Pending for approximately 1991 days
FRA-12925,Gujarat,Narmada,DELAYED_CLAIM,MEDIUM,Pending claim has remained unresolved for more than one year.,Submitted: 2024-12-23 | Pending for approximately 620 days
FRA-12926,Gujarat,Dangs,DELAYED_CLAIM,MEDIUM,Pending claim has remained unresolved for more than one year.,Submitted: 2024-11-28 | Pending for approximately 645 days
FRA-12930,Rajasthan,Pratapgarh,DELAYED_CLAIM,HIGH,Pending claim has remained unresolved for more than one year.,Submitted: 2022-08-09 | Pending for approximately 1487 days
FRA-12932,Chhattisgarh,Kanker,DELAYED_CLAIM,MEDIUM,Pending claim has remained unresolved for more than one year.,Submitted: 2025-06-09 | Pending for approximately 452 days
FRA-12935,Madhya Pradesh,Betul,DELAYED_CLAIM,HIGH,Pending claim has remained unresolved for more than one year.,Submitted: 2021-07-19 | Pending for approximately 1873 days
FRA-12938,Maharashtra,Yavatmal,DELAYED_CLAIM,HIGH,Pending claim has remained unresolved for more than one year.,Submitted: 2024-05-23 | Pending for approximately 834 days
FRA-12945,Maharashtra,Amravati,DELAYED_CLAIM,HIGH,Pending claim has remained unresolved for more than one year.,Submitted: 2023-03-09 | Pending for approximately 1275 days
FRA-12950,Gujarat,Narmada,DELAYED_CLAIM,HIGH,Pending claim has remained unresolved for more than one year.,Submitted: 2020-04-07 | Pending for approximately 2341 days
FRA-12951,Chhattisgarh,Kanker,DELAYED_CLAIM,HIGH,Pending claim has remained unresolved for more than one year.,Submitted: 2023-01-26 | Pending for approximately 1317 days
FRA-12952,Madhya Pradesh,Mandla,DELAYED_CLAIM,HIGH,Pending claim has remained unresolved for more than one year.,Submitted: 2021-01-16 | Pending for approximately 2057 days
FRA-12957,Rajasthan,Dungarpur,DELAYED_CLAIM,HIGH,Pending claim has remained unresolved for more than one year.,Submitted: 2020-09-16 | Pending for approximately 2179 days
FRA-12959,Rajasthan,Pratapgarh,DELAYED_CLAIM,HIGH,Pending claim has remained unresolved for more than one year.,Submitted: 2022-12-25 | Pending for approximately 1349 days
FRA-12966,Odisha,Koraput,DELAYED_CLAIM,HIGH,Pending claim has remained unresolved for more than one year.,Submitted: 2021-08-04 | Pending for approximately 1857 days
FRA-12970,Odisha,Mayurbhanj,DELAYED_CLAIM,MEDIUM,Pending claim has remained unresolved for more than one year.,Submitted: 2025-06-25 | Pending for approximately 436 days
FRA-12972,Jharkhand,West Singhbhum,DELAYED_CLAIM,HIGH,Pending claim has remained unresolved for more than one year.,Submitted: 2024-04-25 | Pending for approximately 862 days
FRA-12974,Jharkhand,Simdega,DELAYED_CLAIM,HIGH,Pending claim has remained unresolved for more than one year.,Submitted: 2021-10-23 | Pending for approximately 1777 days
FRA-12977,Maharashtra,Yavatmal,DELAYED_CLAIM,MEDIUM,Pending claim has remained unresolved for more than one year.,Submitted: 2025-07-02 | Pending for approximately 429 days
FRA-12981,Gujarat,Tapi,DELAYED_CLAIM,HIGH,Pending claim has remained unresolved for more than one year.,Submitted: 2022-09-03 | Pending for approximately 1462 days
FRA-12986,Chhattisgarh,Bastar,DELAYED_CLAIM,HIGH,Pending claim has remained unresolved for more than one year.,Submitted: 2024-07-01 | Pending for approximately 795 days
FRA-12987,Odisha,Keonjhar,DELAYED_CLAIM,HIGH,Pending claim has remained unresolved for more than one year.,Submitted: 2023-04-17 | Pending for approximately 1236 days
FRA-12991,Jharkhand,Simdega,DELAYED_CLAIM,MEDIUM,Pending claim has remained unresolved for more than one year.,Submitted: 2025-05-30 | Pending for approximately 462 days
FRA-12992,Madhya Pradesh,Dindori,DELAYED_CLAIM,HIGH,Pending claim has remained unresolved for more than one year.,Submitted: 2021-03-16 | Pending for approximately 1998 days
FRA-12994,Chhattisgarh,Kanker,DELAYED_CLAIM,HIGH,Pending claim has remained unresolved for more than one year.,Submitted: 2022-08-17 | Pending for approximately 1479 days
FRA-12996,Madhya Pradesh,Balaghat,DELAYED_CLAIM,HIGH,Pending claim has remained unresolved for more than one year.,Submitted: 2022-07-04 | Pending for approximately 1523 days
FRA-12997,Odisha,Kandhamal,DELAYED_CLAIM,HIGH,Pending claim has remained unresolved for more than one year.,Submitted: 2021-03-27 | Pending for approximately 1987 days
FRA-12998,Maharashtra,Yavatmal,DELAYED_CLAIM,HIGH,Pending claim has remained unresolved for more than one year.,Submitted: 2024-06-20 | Pending for approximately 806 days
FRA-13006,Gujarat,Bharuch,DELAYED_CLAIM,HIGH,Pending claim has remained unresolved for more than one year.,Submitted: 2020-03-06 | Pending for approximately 2373 days
FRA-13008,Gujarat,Narmada,DELAYED_CLAIM,HIGH,Pending claim has remained unresolved for more than one year.,Submitted: 2024-08-26 | Pending for approximately 739 days
FRA-13009,Gujarat,Tapi,DELAYED_CLAIM,HIGH,Pending claim has remained unresolved for more than one year.,Submitted: 2021-04-15 | Pending for approximately 1968 days
FRA-13012,Chhattisgarh,Korba,DELAYED_CLAIM,HIGH,Pending claim has remained unresolved for more than one year.,Submitted: 2023-03-15 | Pending for approximately 1269 days
FRA-13028,Odisha,Sundargarh,DELAYED_CLAIM,MEDIUM,Pending claim has remained unresolved for more than one year.,Submitted: 2025-08-22 | Pending for approximately 378 days
FRA-13029,Jharkhand,Gumla,DELAYED_CLAIM,HIGH,Pending claim has remained unresolved for more than one year.,Submitted: 2020-08-11 | Pending for approximately 2215 days
FRA-13032,Rajasthan,Banswara,DELAYED_CLAIM,HIGH,Pending claim has remained unresolved for more than one year.,Submitted: 2023-02-24 | Pending for approximately 1288 days
FRA-13034,Jharkhand,Ranchi,DELAYED_CLAIM,HIGH,Pending claim has remained unresolved for more than one year.,Submitted: 2022-11-12 | Pending for approximately 1392 days
FRA-13035,Chhattisgarh,Kanker,DELAYED_CLAIM,HIGH,Pending claim has remained unresolved for more than one year.,Submitted: 2020-06-24 | Pending for approximately 2263 days
FRA-13038,Maharashtra,Nandurbar,DELAYED_CLAIM,HIGH,Pending claim has remained unresolved for more than one year.,Submitted: 2022-08-20 | Pending for approximately 1476 days
FRA-13042,Chhattisgarh,Bastar,DELAYED_CLAIM,HIGH,Pending claim has remained unresolved for more than one year.,Submitted: 2022-08-01 | Pending for approximately 1495 days
FRA-13052,Madhya Pradesh,Dindori,DELAYED_CLAIM,HIGH,Pending claim has remained unresolved for more than one year.,Submitted: 2021-03-05 | Pending for approximately 2009 days
FRA-13056,Maharashtra,Nandurbar,DELAYED_CLAIM,MEDIUM,Pending claim has remained unresolved for more than one year.,Submitted: 2024-12-02 | Pending for approximately 641 days
FRA-13064,Chhattisgarh,Dantewada,DELAYED_CLAIM,MEDIUM,Pending claim has remained unresolved for more than one year.,Submitted: 2025-05-12 | Pending for approximately 480 days
FRA-13068,Odisha,Koraput,DELAYED_CLAIM,MEDIUM,Pending claim has remained unresolved for more than one year.,Submitted: 2025-05-06 | Pending for approximately 486 days
FRA-13069,Odisha,Keonjhar,DELAYED_CLAIM,HIGH,Pending claim has remained unresolved for more than one year.,Submitted: 2020-11-29 | Pending for approximately 2105 days
FRA-13070,Rajasthan,Dungarpur,DELAYED_CLAIM,HIGH,Pending claim has remained unresolved for more than one year.,Submitted: 2020-04-26 | Pending for approximately 2322 days
FRA-13072,Maharashtra,Nandurbar,DELAYED_CLAIM,HIGH,Pending claim has remained unresolved for more than one year.,Submitted: 2020-08-14 | Pending for approximately 2212 days
FRA-13077,Rajasthan,Dungarpur,DELAYED_CLAIM,HIGH,Pending claim has remained unresolved for more than one year.,Submitted: 2020-04-21 | Pending for approximately 2327 days
FRA-13082,Chhattisgarh,Surguja,DELAYED_CLAIM,HIGH,Pending claim has remained unresolved for more than one year.,Submitted: 2021-04-27 | Pending for approximately 1956 days
FRA-13094,Rajasthan,Dungarpur,DELAYED_CLAIM,HIGH,Pending claim has remained unresolved for more than one year.,Submitted: 2023-04-30 | Pending for approximately 1223 days
FRA-13095,Rajasthan,Dungarpur,DELAYED_CLAIM,HIGH,Pending claim has remained unresolved for more than one year.,Submitted: 2020-06-15 | Pending for approximately 2272 days
FRA-13101,Maharashtra,Gadchiroli,DELAYED_CLAIM,HIGH,Pending claim has remained unresolved for more than one year.,Submitted: 2021-05-14 | Pending for approximately 1939 days
FRA-13106,Gujarat,Narmada,DELAYED_CLAIM,HIGH,Pending claim has remained unresolved for more than one year.,Submitted: 2023-12-14 | Pending for approximately 995 days
FRA-13107,Gujarat,Dangs,DELAYED_CLAIM,HIGH,Pending claim has remained unresolved for more than one year.,Submitted: 2021-05-18 | Pending for approximately 1935 days
FRA-13109,Chhattisgarh,Dantewada,DELAYED_CLAIM,HIGH,Pending claim has remained unresolved for more than one year.,Submitted: 2022-02-09 | Pending for approximately 1668 days
FRA-13112,Odisha,Kandhamal,DELAYED_CLAIM,HIGH,Pending claim has remained unresolved for more than one year.,Submitted: 2020-10-25 | Pending for approximately 2140 days
FRA-13116,Madhya Pradesh,Mandla,DELAYED_CLAIM,HIGH,Pending claim has remained unresolved for more than one year.,Submitted: 2021-09-01 | Pending for approximately 1829 days
FRA-13118,Madhya Pradesh,Chhindwara,DELAYED_CLAIM,HIGH,Pending claim has remained unresolved for more than one year.,Submitted: 2024-04-05 | Pending for approximately 882 days
FRA-13120,Odisha,Mayurbhanj,DELAYED_CLAIM,HIGH,Pending claim has remained unresolved for more than one year.,Submitted: 2020-09-04 | Pending for approximately 2191 days
FRA-13123,Maharashtra,Amravati,DELAYED_CLAIM,MEDIUM,Pending claim has remained unresolved for more than one year.,Submitted: 2025-01-31 | Pending for approximately 581 days
FRA-13128,Jharkhand,Simdega,DELAYED_CLAIM,MEDIUM,Pending claim has remained unresolved for more than one year.,Submitted: 2025-05-01 | Pending for approximately 491 days
FRA-13129,Chhattisgarh,Korba,DELAYED_CLAIM,HIGH,Pending claim has remained unresolved for more than one year.,Submitted: 2023-12-06 | Pending for approximately 1003 days
FRA-13136,Gujarat,Tapi,DELAYED_CLAIM,HIGH,Pending claim has remained unresolved for more than one year.,Submitted: 2024-01-06 | Pending for approximately 972 days
FRA-13137,Odisha,Koraput,DELAYED_CLAIM,HIGH,Pending claim has remained unresolved for more than one year.,Submitted: 2020-04-25 | Pending for approximately 2323 days
FRA-13138,Chhattisgarh,Surguja,DELAYED_CLAIM,HIGH,Pending claim has remained unresolved for more than one year.,Submitted: 2021-02-22 | Pending for approximately 2020 days
FRA-13142,Odisha,Keonjhar,DELAYED_CLAIM,HIGH,Pending claim has remained unresolved for more than one year.,Submitted: 2022-04-15 | Pending for approximately 1603 days
FRA-13145,Jharkhand,Ranchi,DELAYED_CLAIM,HIGH,Pending claim has remained unresolved for more than one year.,Submitted: 2022-09-28 | Pending for approximately 1437 days
FRA-13150,Odisha,Keonjhar,DELAYED_CLAIM,MEDIUM,Pending claim has remained unresolved for more than one year.,Submitted: 2025-07-21 | Pending for approximately 410 days
FRA-13151,Gujarat,Valsad,DELAYED_CLAIM,HIGH,Pending claim has remained unresolved for more than one year.,Submitted: 2023-08-18 | Pending for approximately 1113 days
FRA-13155,Chhattisgarh,Korba,DELAYED_CLAIM,MEDIUM,Pending claim has remained unresolved for more than one year.,Submitted: 2024-10-13 | Pending for approximately 691 days
FRA-13163,Madhya Pradesh,Dindori,DELAYED_CLAIM,MEDIUM,Pending claim has remained unresolved for more than one year.,Submitted: 2025-07-18 | Pending for approximately 413 days
FRA-13164,Rajasthan,Banswara,DELAYED_CLAIM,HIGH,Pending claim has remained unresolved for more than one year.,Submitted: 2022-10-31 | Pending for approximately 1404 days
FRA-13175,Gujarat,Tapi,DELAYED_CLAIM,HIGH,Pending claim has remained unresolved for more than one year.,Submitted: 2023-08-07 | Pending for approximately 1124 days
FRA-13178,Odisha,Koraput,DELAYED_CLAIM,HIGH,Pending claim has remained unresolved for more than one year.,Submitted: 2020-03-07 | Pending for approximately 2372 days
FRA-13190,Madhya Pradesh,Mandla,DELAYED_CLAIM,HIGH,Pending claim has remained unresolved for more than one year.,Submitted: 2023-04-14 | Pending for approximately 1239 days
FRA-13192,Odisha,Keonjhar,DELAYED_CLAIM,HIGH,Pending claim has remained unresolved for more than one year.,Submitted: 2022-02-27 | Pending for approximately 1650 days
FRA-13194,Chhattisgarh,Bastar,DELAYED_CLAIM,MEDIUM,Pending claim has remained unresolved for more than one year.,Submitted: 2024-11-07 | Pending for approximately 666 days
FRA-13196,Chhattisgarh,Bastar,DELAYED_CLAIM,HIGH,Pending claim has remained unresolved for more than one year.,Submitted: 2023-04-13 | Pending for approximately 1240 days
FRA-13199,Jharkhand,Simdega,DELAYED_CLAIM,HIGH,Pending claim has remained unresolved for more than one year.,Submitted: 2023-06-21 | Pending for approximately 1171 days
FRA-13210,Rajasthan,Sirohi,DELAYED_CLAIM,HIGH,Pending claim has remained unresolved for more than one year.,Submitted: 2021-10-07 | Pending for approximately 1793 days
FRA-13214,Jharkhand,Gumla,DELAYED_CLAIM,HIGH,Pending claim has remained unresolved for more than one year.,Submitted: 2020-10-29 | Pending for approximately 2136 days
FRA-13215,Rajasthan,Udaipur,DELAYED_CLAIM,HIGH,Pending claim has remained unresolved for more than one year.,Submitted: 2022-06-02 | Pending for approximately 1555 days
FRA-13226,Madhya Pradesh,Balaghat,DELAYED_CLAIM,HIGH,Pending claim has remained unresolved for more than one year.,Submitted: 2020-02-02 | Pending for approximately 2406 days
FRA-13228,Rajasthan,Udaipur,DELAYED_CLAIM,HIGH,Pending claim has remained unresolved for more than one year.,Submitted: 2023-08-17 | Pending for approximately 1114 days
FRA-13233,Maharashtra,Nashik,DELAYED_CLAIM,HIGH,Pending claim has remained unresolved for more than one year.,Submitted: 2023-02-07 | Pending for approximately 1305 days
FRA-13237,Rajasthan,Sirohi,DELAYED_CLAIM,MEDIUM,Pending claim has remained unresolved for more than one year.,Submitted: 2025-07-08 | Pending for approximately 423 days
FRA-13242,Chhattisgarh,Korba,DELAYED_CLAIM,HIGH,Pending claim has remained unresolved for more than one year.,Submitted: 2021-09-05 | Pending for approximately 1825 days
FRA-13243,Chhattisgarh,Korba,DELAYED_CLAIM,MEDIUM,Pending claim has remained unresolved for more than one year.,Submitted: 2024-10-10 | Pending for approximately 694 days
FRA-13250,Gujarat,Tapi,DELAYED_CLAIM,HIGH,Pending claim has remained unresolved for more than one year.,Submitted: 2022-06-04 | Pending for approximately 1553 days
FRA-13251,Gujarat,Tapi,DELAYED_CLAIM,HIGH,Pending claim has remained unresolved for more than one year.,Submitted: 2020-07-12 | Pending for approximately 2245 days
FRA-13262,Gujarat,Valsad,DELAYED_CLAIM,HIGH,Pending claim has remained unresolved for more than one year.,Submitted: 2023-09-11 | Pending for approximately 1089 days
FRA-13265,Jharkhand,Latehar,DELAYED_CLAIM,HIGH,Pending claim has remained unresolved for more than one year.,Submitted: 2021-09-22 | Pending for approximately 1808 days
FRA-13279,Chhattisgarh,Bastar,DELAYED_CLAIM,HIGH,Pending claim has remained unresolved for more than one year.,Submitted: 2020-09-12 | Pending for approximately 2183 days
FRA-13280,Jharkhand,West Singhbhum,DELAYED_CLAIM,HIGH,Pending claim has remained unresolved for more than one year.,Submitted: 2023-01-17 | Pending for approximately 1326 days
FRA-13281,Rajasthan,Dungarpur,DELAYED_CLAIM,HIGH,Pending claim has remained unresolved for more than one year.,Submitted: 2022-06-05 | Pending for approximately 1552 days
FRA-13291,Maharashtra,Nashik,DELAYED_CLAIM,MEDIUM,Pending claim has remained unresolved for more than one year.,Submitted: 2025-08-14 | Pending for approximately 386 days
FRA-13293,Chhattisgarh,Dantewada,DELAYED_CLAIM,HIGH,Pending claim has remained unresolved for more than one year.,Submitted: 2024-06-21 | Pending for approximately 805 days
FRA-13296,Gujarat,Narmada,DELAYED_CLAIM,HIGH,Pending claim has remained unresolved for more than one year.,Submitted: 2023-07-13 | Pending for approximately 1149 days
FRA-13298,Gujarat,Dangs,DELAYED_CLAIM,HIGH,Pending claim has remained unresolved for more than one year.,Submitted: 2022-11-01 | Pending for approximately 1403 days
FRA-13308,Odisha,Sundargarh,DELAYED_CLAIM,HIGH,Pending claim has remained unresolved for more than one year.,Submitted: 2024-01-29 | Pending for approximately 949 days
FRA-13311,Jharkhand,Ranchi,DELAYED_CLAIM,HIGH,Pending claim has remained unresolved for more than one year.,Submitted: 2021-05-20 | Pending for approximately 1933 days
FRA-13312,Rajasthan,Sirohi,DELAYED_CLAIM,MEDIUM,Pending claim has remained unresolved for more than one year.,Submitted: 2025-07-23 | Pending for approximately 408 days
FRA-13314,Chhattisgarh,Kanker,DELAYED_CLAIM,MEDIUM,Pending claim has remained unresolved for more than one year.,Submitted: 2025-07-24 | Pending for approximately 407 days
FRA-13327,Odisha,Mayurbhanj,DELAYED_CLAIM,HIGH,Pending claim has remained unresolved for more than one year.,Submitted: 2020-12-29 | Pending for approximately 2075 days
FRA-13328,Madhya Pradesh,Betul,DELAYED_CLAIM,HIGH,Pending claim has remained unresolved for more than one year.,Submitted: 2023-02-11 | Pending for approximately 1301 days
FRA-13335,Gujarat,Dangs,DELAYED_CLAIM,HIGH,Pending claim has remained unresolved for more than one year.,Submitted: 2020-08-11 | Pending for approximately 2215 days
FRA-13339,Chhattisgarh,Kanker,DELAYED_CLAIM,HIGH,Pending claim has remained unresolved for more than one year.,Submitted: 2022-08-17 | Pending for approximately 1479 days
FRA-13344,Chhattisgarh,Korba,DELAYED_CLAIM,MEDIUM,Pending claim has remained unresolved for more than one year.,Submitted: 2024-12-07 | Pending for approximately 636 days
FRA-13345,Gujarat,Bharuch,DELAYED_CLAIM,HIGH,Pending claim has remained unresolved for more than one year.,Submitted: 2022-07-01 | Pending for approximately 1526 days
FRA-13347,Odisha,Mayurbhanj,DELAYED_CLAIM,HIGH,Pending claim has remained unresolved for more than one year.,Submitted: 2021-11-08 | Pending for approximately 1761 days
FRA-13356,Maharashtra,Nandurbar,DELAYED_CLAIM,HIGH,Pending claim has remained unresolved for more than one year.,Submitted: 2021-08-15 | Pending for approximately 1846 days
FRA-13357,Maharashtra,Yavatmal,DELAYED_CLAIM,HIGH,Pending claim has remained unresolved for more than one year.,Submitted: 2022-07-01 | Pending for approximately 1526 days
FRA-13366,Maharashtra,Yavatmal,DELAYED_CLAIM,HIGH,Pending claim has remained unresolved for more than one year.,Submitted: 2024-03-20 | Pending for approximately 898 days
FRA-13372,Maharashtra,Gadchiroli,DELAYED_CLAIM,MEDIUM,Pending claim has remained unresolved for more than one year.,Submitted: 2025-07-17 | Pending for approximately 414 days
FRA-13373,Jharkhand,Ranchi,DELAYED_CLAIM,HIGH,Pending claim has remained unresolved for more than one year.,Submitted: 2023-05-01 | Pending for approximately 1222 days
FRA-13377,Chhattisgarh,Dantewada,DELAYED_CLAIM,HIGH,Pending claim has remained unresolved for more than one year.,Submitted: 2024-04-09 | Pending for approximately 878 days
FRA-13382,Maharashtra,Nandurbar,DELAYED_CLAIM,HIGH,Pending claim has remained unresolved for more than one year.,Submitted: 2024-07-05 | Pending for approximately 791 days
FRA-13385,Odisha,Koraput,DELAYED_CLAIM,HIGH,Pending claim has remained unresolved for more than one year.,Submitted: 2024-04-21 | Pending for approximately 866 days
FRA-13387,Jharkhand,Gumla,DELAYED_CLAIM,HIGH,Pending claim has remained unresolved for more than one year.,Submitted: 2024-01-25 | Pending for approximately 953 days
FRA-13399,Odisha,Mayurbhanj,DELAYED_CLAIM,MEDIUM,Pending claim has remained unresolved for more than one year.,Submitted: 2025-01-13 | Pending for approximately 599 days
FRA-13411,Rajasthan,Udaipur,DELAYED_CLAIM,HIGH,Pending claim has remained unresolved for more than one year.,Submitted: 2022-08-14 | Pending for approximately 1482 days
FRA-13414,Odisha,Mayurbhanj,DELAYED_CLAIM,HIGH,Pending claim has remained unresolved for more than one year.,Submitted: 2021-12-27 | Pending for approximately 1712 days
FRA-13415,Chhattisgarh,Dantewada,DELAYED_CLAIM,MEDIUM,Pending claim has remained unresolved for more than one year.,Submitted: 2025-03-04 | Pending for approximately 549 days
FRA-13421,Rajasthan,Udaipur,DELAYED_CLAIM,HIGH,Pending claim has remained unresolved for more than one year.,Submitted: 2021-10-16 | Pending for approximately 1784 days
FRA-13430,Chhattisgarh,Bastar,DELAYED_CLAIM,HIGH,Pending claim has remained unresolved for more than one year.,Submitted: 2020-11-13 | Pending for approximately 2121 days
FRA-13437,Odisha,Keonjhar,DELAYED_CLAIM,HIGH,Pending claim has remained unresolved for more than one year.,Submitted: 2021-05-08 | Pending for approximately 1945 days
FRA-13448,Chhattisgarh,Kanker,DELAYED_CLAIM,HIGH,Pending claim has remained unresolved for more than one year.,Submitted: 2021-03-18 | Pending for approximately 1996 days
FRA-13451,Jharkhand,Latehar,DELAYED_CLAIM,HIGH,Pending claim has remained unresolved for more than one year.,Submitted: 2022-01-29 | Pending for approximately 1679 days
FRA-13454,Gujarat,Bharuch,DELAYED_CLAIM,HIGH,Pending claim has remained unresolved for more than one year.,Submitted: 2020-11-21 | Pending for approximately 2113 days
FRA-13455,Gujarat,Bharuch,DELAYED_CLAIM,HIGH,Pending claim has remained unresolved for more than one year.,Submitted: 2020-04-07 | Pending for approximately 2341 days
FRA-13460,Madhya Pradesh,Balaghat,DELAYED_CLAIM,MEDIUM,Pending claim has remained unresolved for more than one year.,Submitted: 2025-01-12 | Pending for approximately 600 days
FRA-13463,Madhya Pradesh,Betul,DELAYED_CLAIM,HIGH,Pending claim has remained unresolved for more than one year.,Submitted: 2024-07-09 | Pending for approximately 787 days
FRA-13466,Jharkhand,Simdega,DELAYED_CLAIM,MEDIUM,Pending claim has remained unresolved for more than one year.,Submitted: 2025-03-19 | Pending for approximately 534 days
FRA-13468,Chhattisgarh,Korba,DELAYED_CLAIM,HIGH,Pending claim has remained unresolved for more than one year.,Submitted: 2020-11-22 | Pending for approximately 2112 days
FRA-13471,Madhya Pradesh,Mandla,DELAYED_CLAIM,HIGH,Pending claim has remained unresolved for more than one year.,Submitted: 2023-08-05 | Pending for approximately 1126 days
FRA-13472,Rajasthan,Pratapgarh,DELAYED_CLAIM,HIGH,Pending claim has remained unresolved for more than one year.,Submitted: 2020-11-14 | Pending for approximately 2120 days
FRA-13473,Chhattisgarh,Kanker,DELAYED_CLAIM,MEDIUM,Pending claim has remained unresolved for more than one year.,Submitted: 2024-10-19 | Pending for approximately 685 days
FRA-13486,Rajasthan,Udaipur,DELAYED_CLAIM,HIGH,Pending claim has remained unresolved for more than one year.,Submitted: 2021-09-05 | Pending for approximately 1825 days
FRA-13490,Maharashtra,Nashik,DELAYED_CLAIM,HIGH,Pending claim has remained unresolved for more than one year.,Submitted: 2023-01-06 | Pending for approximately 1337 days
FRA-13491,Madhya Pradesh,Dindori,DELAYED_CLAIM,HIGH,Pending claim has remained unresolved for more than one year.,Submitted: 2024-06-16 | Pending for approximately 810 days
FRA-13493,Chhattisgarh,Kanker,DELAYED_CLAIM,HIGH,Pending claim has remained unresolved for more than one year.,Submitted: 2020-04-12 | Pending for approximately 2336 days
FRA-13496,Chhattisgarh,Surguja,DELAYED_CLAIM,HIGH,Pending claim has remained unresolved for more than one year.,Submitted: 2023-05-16 | Pending for approximately 1207 days
FRA-13497,Chhattisgarh,Surguja,DELAYED_CLAIM,MEDIUM,Pending claim has remained unresolved for more than one year.,Submitted: 2025-01-30 | Pending for approximately 582 days
FRA-13502,Odisha,Sundargarh,DELAYED_CLAIM,MEDIUM,Pending claim has remained unresolved for more than one year.,Submitted: 2025-03-11 | Pending for approximately 542 days
FRA-13507,Madhya Pradesh,Mandla,DELAYED_CLAIM,HIGH,Pending claim has remained unresolved for more than one year.,Submitted: 2024-07-15 | Pending for approximately 781 days
FRA-13508,Chhattisgarh,Dantewada,DELAYED_CLAIM,HIGH,Pending claim has remained unresolved for more than one year.,Submitted: 2023-09-29 | Pending for approximately 1071 days
FRA-13523,Chhattisgarh,Kanker,DELAYED_CLAIM,HIGH,Pending claim has remained unresolved for more than one year.,Submitted: 2024-03-01 | Pending for approximately 917 days
FRA-13525,Maharashtra,Yavatmal,DELAYED_CLAIM,MEDIUM,Pending claim has remained unresolved for more than one year.,Submitted: 2025-02-11 | Pending for approximately 570 days
FRA-13529,Jharkhand,Simdega,DELAYED_CLAIM,HIGH,Pending claim has remained unresolved for more than one year.,Submitted: 2021-06-13 | Pending for approximately 1909 days
FRA-13530,Chhattisgarh,Korba,DELAYED_CLAIM,HIGH,Pending claim has remained unresolved for more than one year.,Submitted: 2020-01-19 | Pending for approximately 2420 days
FRA-13537,Rajasthan,Dungarpur,DELAYED_CLAIM,HIGH,Pending claim has remained unresolved for more than one year.,Submitted: 2023-06-16 | Pending for approximately 1176 days
FRA-13541,Madhya Pradesh,Dindori,DELAYED_CLAIM,HIGH,Pending claim has remained unresolved for more than one year.,Submitted: 2020-08-21 | Pending for approximately 2205 days
FRA-13549,Madhya Pradesh,Chhindwara,DELAYED_CLAIM,HIGH,Pending claim has remained unresolved for more than one year.,Submitted: 2021-03-24 | Pending for approximately 1990 days
FRA-13550,Rajasthan,Sirohi,DELAYED_CLAIM,HIGH,Pending claim has remained unresolved for more than one year.,Submitted: 2021-07-31 | Pending for approximately 1861 days
FRA-13552,Chhattisgarh,Kanker,DELAYED_CLAIM,MEDIUM,Pending claim has remained unresolved for more than one year.,Submitted: 2024-11-07 | Pending for approximately 666 days
FRA-13556,Chhattisgarh,Bastar,DELAYED_CLAIM,HIGH,Pending claim has remained unresolved for more than one year.,Submitted: 2023-06-29 | Pending for approximately 1163 days
FRA-13559,Rajasthan,Udaipur,DELAYED_CLAIM,HIGH,Pending claim has remained unresolved for more than one year.,Submitted: 2021-03-18 | Pending for approximately 1996 days
FRA-13561,Odisha,Sundargarh,DELAYED_CLAIM,HIGH,Pending claim has remained unresolved for more than one year.,Submitted: 2021-09-15 | Pending for approximately 1815 days
FRA-13567,Odisha,Kandhamal,DELAYED_CLAIM,HIGH,Pending claim has remained unresolved for more than one year.,Submitted: 2021-02-20 | Pending for approximately 2022 days
FRA-13570,Maharashtra,Nashik,DELAYED_CLAIM,HIGH,Pending claim has remained unresolved for more than one year.,Submitted: 2024-07-10 | Pending for approximately 786 days
FRA-13572,Chhattisgarh,Korba,DELAYED_CLAIM,HIGH,Pending claim has remained unresolved for more than one year.,Submitted: 2023-07-01 | Pending for approximately 1161 days
FRA-13573,Odisha,Keonjhar,DELAYED_CLAIM,HIGH,Pending claim has remained unresolved for more than one year.,Submitted: 2020-05-25 | Pending for approximately 2293 days
FRA-13574,Madhya Pradesh,Dindori,DELAYED_CLAIM,HIGH,Pending claim has remained unresolved for more than one year.,Submitted: 2024-02-06 | Pending for approximately 941 days
FRA-13580,Maharashtra,Nandurbar,DELAYED_CLAIM,HIGH,Pending claim has remained unresolved for more than one year.,Submitted: 2022-09-10 | Pending for approximately 1455 days
FRA-13581,Chhattisgarh,Bastar,DELAYED_CLAIM,HIGH,Pending claim has remained unresolved for more than one year.,Submitted: 2022-09-18 | Pending for approximately 1447 days
FRA-13582,Gujarat,Narmada,DELAYED_CLAIM,HIGH,Pending claim has remained unresolved for more than one year.,Submitted: 2021-08-14 | Pending for approximately 1847 days
FRA-13588,Chhattisgarh,Surguja,DELAYED_CLAIM,HIGH,Pending claim has remained unresolved for more than one year.,Submitted: 2020-10-09 | Pending for approximately 2156 days
FRA-13590,Maharashtra,Yavatmal,DELAYED_CLAIM,HIGH,Pending claim has remained unresolved for more than one year.,Submitted: 2021-09-12 | Pending for approximately 1818 days
FRA-13592,Odisha,Kandhamal,DELAYED_CLAIM,HIGH,Pending claim has remained unresolved for more than one year.,Submitted: 2021-09-04 | Pending for approximately 1826 days
FRA-13595,Madhya Pradesh,Chhindwara,DELAYED_CLAIM,HIGH,Pending claim has remained unresolved for more than one year.,Submitted: 2020-05-12 | Pending for approximately 2306 days
FRA-13596,Gujarat,Tapi,DELAYED_CLAIM,HIGH,Pending claim has remained unresolved for more than one year.,Submitted: 2022-02-21 | Pending for approximately 1656 days
FRA-13599,Rajasthan,Banswara,DELAYED_CLAIM,HIGH,Pending claim has remained unresolved for more than one year.,Submitted: 2021-03-28 | Pending for approximately 1986 days
FRA-13603,Gujarat,Dangs,DELAYED_CLAIM,HIGH,Pending claim has remained unresolved for more than one year.,Submitted: 2024-08-11 | Pending for approximately 754 days
FRA-13607,Rajasthan,Sirohi,DELAYED_CLAIM,HIGH,Pending claim has remained unresolved for more than one year.,Submitted: 2022-11-15 | Pending for approximately 1389 days
FRA-13608,Rajasthan,Banswara,DELAYED_CLAIM,HIGH,Pending claim has remained unresolved for more than one year.,Submitted: 2020-05-06 | Pending for approximately 2312 days
FRA-13610,Odisha,Mayurbhanj,DELAYED_CLAIM,MEDIUM,Pending claim has remained unresolved for more than one year.,Submitted: 2024-10-29 | Pending for approximately 675 days
FRA-13612,Madhya Pradesh,Balaghat,DELAYED_CLAIM,MEDIUM,Pending claim has remained unresolved for more than one year.,Submitted: 2024-11-14 | Pending for approximately 659 days
FRA-13613,Madhya Pradesh,Mandla,DELAYED_CLAIM,HIGH,Pending claim has remained unresolved for more than one year.,Submitted: 2021-11-05 | Pending for approximately 1764 days
FRA-13619,Rajasthan,Banswara,DELAYED_CLAIM,MEDIUM,Pending claim has remained unresolved for more than one year.,Submitted: 2024-10-12 | Pending for approximately 692 days
FRA-13620,Odisha,Sundargarh,DELAYED_CLAIM,HIGH,Pending claim has remained unresolved for more than one year.,Submitted: 2023-10-01 | Pending for approximately 1069 days
FRA-13622,Madhya Pradesh,Chhindwara,DELAYED_CLAIM,HIGH,Pending claim has remained unresolved for more than one year.,Submitted: 2024-01-08 | Pending for approximately 970 days
FRA-13626,Chhattisgarh,Dantewada,DELAYED_CLAIM,HIGH,Pending claim has remained unresolved for more than one year.,Submitted: 2023-11-20 | Pending for approximately 1019 days
FRA-13631,Maharashtra,Gadchiroli,DELAYED_CLAIM,HIGH,Pending claim has remained unresolved for more than one year.,Submitted: 2021-01-18 | Pending for approximately 2055 days
FRA-13636,Maharashtra,Nandurbar,DELAYED_CLAIM,HIGH,Pending claim has remained unresolved for more than one year.,Submitted: 2021-09-15 | Pending for approximately 1815 days
FRA-13639,Chhattisgarh,Bastar,DELAYED_CLAIM,HIGH,Pending claim has remained unresolved for more than one year.,Submitted: 2020-06-03 | Pending for approximately 2284 days
FRA-13641,Rajasthan,Sirohi,DELAYED_CLAIM,HIGH,Pending claim has remained unresolved for more than one year.,Submitted: 2022-02-18 | Pending for approximately 1659 days
FRA-13642,Madhya Pradesh,Balaghat,DELAYED_CLAIM,HIGH,Pending claim has remained unresolved for more than one year.,Submitted: 2022-07-08 | Pending for approximately 1519 days
FRA-13646,Jharkhand,West Singhbhum,DELAYED_CLAIM,HIGH,Pending claim has remained unresolved for more than one year.,Submitted: 2023-06-25 | Pending for approximately 1167 days
FRA-13649,Rajasthan,Sirohi,DELAYED_CLAIM,HIGH,Pending claim has remained unresolved for more than one year.,Submitted: 2020-11-10 | Pending for approximately 2124 days
FRA-13659,Chhattisgarh,Surguja,DELAYED_CLAIM,HIGH,Pending claim has remained unresolved for more than one year.,Submitted: 2022-07-08 | Pending for approximately 1519 days
FRA-13661,Chhattisgarh,Surguja,DELAYED_CLAIM,HIGH,Pending claim has remained unresolved for more than one year.,Submitted: 2024-02-23 | Pending for approximately 924 days
FRA-13669,Maharashtra,Gadchiroli,DELAYED_CLAIM,MEDIUM,Pending claim has remained unresolved for more than one year.,Submitted: 2025-04-24 | Pending for approximately 498 days
FRA-13671,Chhattisgarh,Dantewada,DELAYED_CLAIM,HIGH,Pending claim has remained unresolved for more than one year.,Submitted: 2021-07-21 | Pending for approximately 1871 days
FRA-13689,Rajasthan,Sirohi,DELAYED_CLAIM,MEDIUM,Pending claim has remained unresolved for more than one year.,Submitted: 2025-04-25 | Pending for approximately 497 days
FRA-13701,Rajasthan,Banswara,DELAYED_CLAIM,HIGH,Pending claim has remained unresolved for more than one year.,Submitted: 2020-09-09 | Pending for approximately 2186 days
FRA-13702,Madhya Pradesh,Balaghat,DELAYED_CLAIM,HIGH,Pending claim has remained unresolved for more than one year.,Submitted: 2020-10-21 | Pending for approximately 2144 days
FRA-13710,Rajasthan,Sirohi,DELAYED_CLAIM,HIGH,Pending claim has remained unresolved for more than one year.,Submitted: 2024-02-13 | Pending for approximately 934 days
FRA-13715,Odisha,Mayurbhanj,DELAYED_CLAIM,HIGH,Pending claim has remained unresolved for more than one year.,Submitted: 2022-12-12 | Pending for approximately 1362 days
FRA-13717,Chhattisgarh,Kanker,DELAYED_CLAIM,HIGH,Pending claim has remained unresolved for more than one year.,Submitted: 2023-03-01 | Pending for approximately 1283 days
FRA-13718,Rajasthan,Sirohi,DELAYED_CLAIM,MEDIUM,Pending claim has remained unresolved for more than one year.,Submitted: 2025-05-13 | Pending for approximately 479 days
FRA-13721,Chhattisgarh,Korba,DELAYED_CLAIM,HIGH,Pending claim has remained unresolved for more than one year.,Submitted: 2021-04-08 | Pending for approximately 1975 days
FRA-13722,Maharashtra,Nandurbar,DELAYED_CLAIM,MEDIUM,Pending claim has remained unresolved for more than one year.,Submitted: 2025-06-03 | Pending for approximately 458 days
FRA-13724,Rajasthan,Banswara,DELAYED_CLAIM,HIGH,Pending claim has remained unresolved for more than one year.,Submitted: 2021-12-18 | Pending for approximately 1721 days
FRA-13726,Maharashtra,Amravati,DELAYED_CLAIM,HIGH,Pending claim has remained unresolved for more than one year.,Submitted: 2021-12-29 | Pending for approximately 1710 days
FRA-13731,Jharkhand,Simdega,DELAYED_CLAIM,HIGH,Pending claim has remained unresolved for more than one year.,Submitted: 2022-08-20 | Pending for approximately 1476 days
FRA-13739,Rajasthan,Sirohi,DELAYED_CLAIM,HIGH,Pending claim has remained unresolved for more than one year.,Submitted: 2024-03-13 | Pending for approximately 905 days
FRA-13743,Rajasthan,Dungarpur,DELAYED_CLAIM,HIGH,Pending claim has remained unresolved for more than one year.,Submitted: 2020-05-14 | Pending for approximately 2304 days
FRA-13744,Maharashtra,Nandurbar,DELAYED_CLAIM,HIGH,Pending claim has remained unresolved for more than one year.,Submitted: 2023-09-23 | Pending for approximately 1077 days
FRA-13746,Madhya Pradesh,Mandla,DELAYED_CLAIM,HIGH,Pending claim has remained unresolved for more than one year.,Submitted: 2023-12-04 | Pending for approximately 1005 days
FRA-13749,Rajasthan,Sirohi,DELAYED_CLAIM,HIGH,Pending claim has remained unresolved for more than one year.,Submitted: 2021-05-09 | Pending for approximately 1944 days
FRA-13750,Chhattisgarh,Surguja,DELAYED_CLAIM,MEDIUM,Pending claim has remained unresolved for more than one year.,Submitted: 2024-10-16 | Pending for approximately 688 days
FRA-13751,Maharashtra,Amravati,DELAYED_CLAIM,HIGH,Pending claim has remained unresolved for more than one year.,Submitted: 2024-08-24 | Pending for approximately 741 days
FRA-13752,Chhattisgarh,Dantewada,DELAYED_CLAIM,HIGH,Pending claim has remained unresolved for more than one year.,Submitted: 2023-01-04 | Pending for approximately 1339 days
FRA-13756,Chhattisgarh,Dantewada,DELAYED_CLAIM,HIGH,Pending claim has remained unresolved for more than one year.,Submitted: 2024-01-31 | Pending for approximately 947 days
FRA-13765,Chhattisgarh,Surguja,DELAYED_CLAIM,MEDIUM,Pending claim has remained unresolved for more than one year.,Submitted: 2025-06-06 | Pending for approximately 455 days
FRA-13769,Madhya Pradesh,Dindori,DELAYED_CLAIM,HIGH,Pending claim has remained unresolved for more than one year.,Submitted: 2020-01-16 | Pending for approximately 2423 days
FRA-13773,Odisha,Koraput,DELAYED_CLAIM,MEDIUM,Pending claim has remained unresolved for more than one year.,Submitted: 2024-09-08 | Pending for approximately 726 days
FRA-13782,Chhattisgarh,Kanker,DELAYED_CLAIM,HIGH,Pending claim has remained unresolved for more than one year.,Submitted: 2021-02-15 | Pending for approximately 2027 days
FRA-13784,Gujarat,Bharuch,DELAYED_CLAIM,HIGH,Pending claim has remained unresolved for more than one year.,Submitted: 2024-05-07 | Pending for approximately 850 days
FRA-13786,Rajasthan,Sirohi,DELAYED_CLAIM,HIGH,Pending claim has remained unresolved for more than one year.,Submitted: 2022-11-24 | Pending for approximately 1380 days
FRA-13787,Chhattisgarh,Kanker,DELAYED_CLAIM,HIGH,Pending claim has remained unresolved for more than one year.,Submitted: 2024-05-20 | Pending for approximately 837 days
FRA-13799,Gujarat,Valsad,DELAYED_CLAIM,HIGH,Pending claim has remained unresolved for more than one year.,Submitted: 2022-07-24 | Pending for approximately 1503 days
FRA-13800,Madhya Pradesh,Chhindwara,DELAYED_CLAIM,HIGH,Pending claim has remained unresolved for more than one year.,Submitted: 2020-08-03 | Pending for approximately 2223 days
FRA-13802,Maharashtra,Nandurbar,DELAYED_CLAIM,HIGH,Pending claim has remained unresolved for more than one year.,Submitted: 2020-04-24 | Pending for approximately 2324 days
FRA-13804,Madhya Pradesh,Chhindwara,DELAYED_CLAIM,HIGH,Pending claim has remained unresolved for more than one year.,Submitted: 2023-04-06 | Pending for approximately 1247 days
FRA-13808,Rajasthan,Sirohi,DELAYED_CLAIM,HIGH,Pending claim has remained unresolved for more than one year.,Submitted: 2020-04-21 | Pending for approximately 2327 days
FRA-13811,Odisha,Mayurbhanj,DELAYED_CLAIM,HIGH,Pending claim has remained unresolved for more than one year.,Submitted: 2022-12-10 | Pending for approximately 1364 days
FRA-13815,Rajasthan,Dungarpur,DELAYED_CLAIM,HIGH,Pending claim has remained unresolved for more than one year.,Submitted: 2021-04-03 | Pending for approximately 1980 days
FRA-13816,Jharkhand,Simdega,DELAYED_CLAIM,MEDIUM,Pending claim has remained unresolved for more than one year.,Submitted: 2025-01-03 | Pending for approximately 609 days
FRA-13818,Madhya Pradesh,Mandla,DELAYED_CLAIM,HIGH,Pending claim has remained unresolved for more than one year.,Submitted: 2020-01-26 | Pending for approximately 2413 days
FRA-13826,Madhya Pradesh,Balaghat,DELAYED_CLAIM,HIGH,Pending claim has remained unresolved for more than one year.,Submitted: 2021-07-16 | Pending for approximately 1876 days
FRA-13828,Jharkhand,Gumla,DELAYED_CLAIM,HIGH,Pending claim has remained unresolved for more than one year.,Submitted: 2023-04-26 | Pending for approximately 1227 days
FRA-13835,Jharkhand,Latehar,DELAYED_CLAIM,HIGH,Pending claim has remained unresolved for more than one year.,Submitted: 2020-08-08 | Pending for approximately 2218 days
FRA-13837,Jharkhand,Simdega,DELAYED_CLAIM,HIGH,Pending claim has remained unresolved for more than one year.,Submitted: 2023-05-12 | Pending for approximately 1211 days
FRA-13840,Rajasthan,Pratapgarh,DELAYED_CLAIM,HIGH,Pending claim has remained unresolved for more than one year.,Submitted: 2024-02-04 | Pending for approximately 943 days
FRA-13841,Jharkhand,Simdega,DELAYED_CLAIM,MEDIUM,Pending claim has remained unresolved for more than one year.,Submitted: 2025-03-11 | Pending for approximately 542 days
FRA-13843,Odisha,Mayurbhanj,DELAYED_CLAIM,HIGH,Pending claim has remained unresolved for more than one year.,Submitted: 2022-11-26 | Pending for approximately 1378 days
FRA-13847,Rajasthan,Pratapgarh,DELAYED_CLAIM,HIGH,Pending claim has remained unresolved for more than one year.,Submitted: 2021-07-17 | Pending for approximately 1875 days
FRA-13849,Gujarat,Narmada,DELAYED_CLAIM,MEDIUM,Pending claim has remained unresolved for more than one year.,Submitted: 2025-07-03 | Pending for approximately 428 days
FRA-13852,Odisha,Koraput,DELAYED_CLAIM,HIGH,Pending claim has remained unresolved for more than one year.,Submitted: 2020-08-30 | Pending for approximately 2196 days
FRA-13858,Chhattisgarh,Dantewada,DELAYED_CLAIM,HIGH,Pending claim has remained unresolved for more than one year.,Submitted: 2021-07-08 | Pending for approximately 1884 days
FRA-13863,Odisha,Kandhamal,DELAYED_CLAIM,HIGH,Pending claim has remained unresolved for more than one year.,Submitted: 2021-04-18 | Pending for approximately 1965 days
FRA-13895,Madhya Pradesh,Dindori,DELAYED_CLAIM,HIGH,Pending claim has remained unresolved for more than one year.,Submitted: 2023-03-27 | Pending for approximately 1257 days
FRA-13899,Odisha,Keonjhar,DELAYED_CLAIM,HIGH,Pending claim has remained unresolved for more than one year.,Submitted: 2020-03-07 | Pending for approximately 2372 days
FRA-13904,Madhya Pradesh,Betul,DELAYED_CLAIM,HIGH,Pending claim has remained unresolved for more than one year.,Submitted: 2021-09-05 | Pending for approximately 1825 days
FRA-13908,Maharashtra,Nandurbar,DELAYED_CLAIM,HIGH,Pending claim has remained unresolved for more than one year.,Submitted: 2021-04-17 | Pending for approximately 1966 days
FRA-13909,Madhya Pradesh,Dindori,DELAYED_CLAIM,HIGH,Pending claim has remained unresolved for more than one year.,Submitted: 2022-04-25 | Pending for approximately 1593 days
FRA-13912,Odisha,Sundargarh,DELAYED_CLAIM,HIGH,Pending claim has remained unresolved for more than one year.,Submitted: 2021-11-23 | Pending for approximately 1746 days
FRA-13916,Rajasthan,Banswara,DELAYED_CLAIM,HIGH,Pending claim has remained unresolved for more than one year.,Submitted: 2020-05-03 | Pending for approximately 2315 days
FRA-13917,Maharashtra,Yavatmal,DELAYED_CLAIM,HIGH,Pending claim has remained unresolved for more than one year.,Submitted: 2022-05-30 | Pending for approximately 1558 days
FRA-13920,Chhattisgarh,Surguja,DELAYED_CLAIM,HIGH,Pending claim has remained unresolved for more than one year.,Submitted: 2023-06-26 | Pending for approximately 1166 days
FRA-13923,Madhya Pradesh,Chhindwara,DELAYED_CLAIM,HIGH,Pending claim has remained unresolved for more than one year.,Submitted: 2020-05-04 | Pending for approximately 2314 days
FRA-13930,Jharkhand,Latehar,DELAYED_CLAIM,HIGH,Pending claim has remained unresolved for more than one year.,Submitted: 2023-03-24 | Pending for approximately 1260 days
FRA-13935,Chhattisgarh,Kanker,DELAYED_CLAIM,HIGH,Pending claim has remained unresolved for more than one year.,Submitted: 2021-03-11 | Pending for approximately 2003 days
FRA-13937,Rajasthan,Sirohi,DELAYED_CLAIM,HIGH,Pending claim has remained unresolved for more than one year.,Submitted: 2020-08-19 | Pending for approximately 2207 days
FRA-13941,Jharkhand,Simdega,DELAYED_CLAIM,HIGH,Pending claim has remained unresolved for more than one year.,Submitted: 2020-11-18 | Pending for approximately 2116 days
FRA-13943,Gujarat,Tapi,DELAYED_CLAIM,HIGH,Pending claim has remained unresolved for more than one year.,Submitted: 2024-02-21 | Pending for approximately 926 days
FRA-13944,Madhya Pradesh,Dindori,DELAYED_CLAIM,MEDIUM,Pending claim has remained unresolved for more than one year.,Submitted: 2024-12-08 | Pending for approximately 635 days
FRA-13945,Odisha,Kandhamal,DELAYED_CLAIM,HIGH,Pending claim has remained unresolved for more than one year.,Submitted: 2021-02-16 | Pending for approximately 2026 days
FRA-13947,Gujarat,Narmada,DELAYED_CLAIM,HIGH,Pending claim has remained unresolved for more than one year.,Submitted: 2022-09-19 | Pending for approximately 1446 days
FRA-13948,Gujarat,Dangs,DELAYED_CLAIM,HIGH,Pending claim has remained unresolved for more than one year.,Submitted: 2023-10-10 | Pending for approximately 1060 days
FRA-13950,Odisha,Mayurbhanj,DELAYED_CLAIM,HIGH,Pending claim has remained unresolved for more than one year.,Submitted: 2022-01-09 | Pending for approximately 1699 days
FRA-13955,Rajasthan,Sirohi,DELAYED_CLAIM,HIGH,Pending claim has remained unresolved for more than one year.,Submitted: 2021-03-15 | Pending for approximately 1999 days
FRA-13958,Rajasthan,Banswara,DELAYED_CLAIM,HIGH,Pending claim has remained unresolved for more than one year.,Submitted: 2021-03-25 | Pending for approximately 1989 days
FRA-13959,Madhya Pradesh,Dindori,DELAYED_CLAIM,HIGH,Pending claim has remained unresolved for more than one year.,Submitted: 2023-09-29 | Pending for approximately 1071 days
FRA-13962,Gujarat,Dangs,DELAYED_CLAIM,HIGH,Pending claim has remained unresolved for more than one year.,Submitted: 2024-04-02 | Pending for approximately 885 days
FRA-13970,Madhya Pradesh,Balaghat,DELAYED_CLAIM,HIGH,Pending claim has remained unresolved for more than one year.,Submitted: 2023-04-18 | Pending for approximately 1235 days
FRA-13976,Chhattisgarh,Surguja,DELAYED_CLAIM,HIGH,Pending claim has remained unresolved for more than one year.,Submitted: 2022-03-14 | Pending for approximately 1635 days
FRA-13989,Rajasthan,Sirohi,DELAYED_CLAIM,HIGH,Pending claim has remained unresolved for more than one year.,Submitted: 2022-03-03 | Pending for approximately 1646 days
FRA-13993,Madhya Pradesh,Balaghat,DELAYED_CLAIM,MEDIUM,Pending claim has remained unresolved for more than one year.,Submitted: 2024-10-02 | Pending for approximately 702 days
FRA-13994,Jharkhand,Ranchi,DELAYED_CLAIM,HIGH,Pending claim has remained unresolved for more than one year.,Submitted: 2020-07-19 | Pending for approximately 2238 days
FRA-13995,Rajasthan,Pratapgarh,DELAYED_CLAIM,HIGH,Pending claim has remained unresolved for more than one year.,Submitted: 2024-05-12 | Pending for approximately 845 days
FRA-14000,Chhattisgarh,Surguja,DELAYED_CLAIM,HIGH,Pending claim has remained unresolved for more than one year.,Submitted: 2020-08-19 | Pending for approximately 2207 days
FRA-14005,Rajasthan,Sirohi,DELAYED_CLAIM,HIGH,Pending claim has remained unresolved for more than one year.,Submitted: 2021-07-26 | Pending for approximately 1866 days
FRA-14011,Rajasthan,Udaipur,DELAYED_CLAIM,HIGH,Pending claim has remained unresolved for more than one year.,Submitted: 2024-01-07 | Pending for approximately 971 days
FRA-14013,Maharashtra,Yavatmal,DELAYED_CLAIM,HIGH,Pending claim has remained unresolved for more than one year.,Submitted: 2021-08-11 | Pending for approximately 1850 days
FRA-14016,Madhya Pradesh,Betul,DELAYED_CLAIM,HIGH,Pending claim has remained unresolved for more than one year.,Submitted: 2021-04-03 | Pending for approximately 1980 days
FRA-14018,Jharkhand,Latehar,DELAYED_CLAIM,HIGH,Pending claim has remained unresolved for more than one year.,Submitted: 2022-02-05 | Pending for approximately 1672 days
FRA-14019,Maharashtra,Gadchiroli,DELAYED_CLAIM,HIGH,Pending claim has remained unresolved for more than one year.,Submitted: 2024-07-30 | Pending for approximately 766 days
FRA-14021,Madhya Pradesh,Chhindwara,DELAYED_CLAIM,HIGH,Pending claim has remained unresolved for more than one year.,Submitted: 2021-03-02 | Pending for approximately 2012 days
FRA-14028,Chhattisgarh,Surguja,DELAYED_CLAIM,HIGH,Pending claim has remained unresolved for more than one year.,Submitted: 2021-01-14 | Pending for approximately 2059 days
FRA-14037,Maharashtra,Amravati,DELAYED_CLAIM,HIGH,Pending claim has remained unresolved for more than one year.,Submitted: 2023-06-22 | Pending for approximately 1170 days
FRA-14038,Maharashtra,Nashik,DELAYED_CLAIM,HIGH,Pending claim has remained unresolved for more than one year.,Submitted: 2021-02-06 | Pending for approximately 2036 days
FRA-14042,Jharkhand,West Singhbhum,DELAYED_CLAIM,MEDIUM,Pending claim has remained unresolved for more than one year.,Submitted: 2025-01-23 | Pending for approximately 589 days
FRA-14044,Odisha,Kandhamal,DELAYED_CLAIM,HIGH,Pending claim has remained unresolved for more than one year.,Submitted: 2021-05-31 | Pending for approximately 1922 days
FRA-14045,Madhya Pradesh,Betul,DELAYED_CLAIM,MEDIUM,Pending claim has remained unresolved for more than one year.,Submitted: 2025-01-23 | Pending for approximately 589 days
FRA-14048,Rajasthan,Pratapgarh,DELAYED_CLAIM,HIGH,Pending claim has remained unresolved for more than one year.,Submitted: 2020-01-24 | Pending for approximately 2415 days
FRA-14050,Chhattisgarh,Surguja,DELAYED_CLAIM,HIGH,Pending claim has remained unresolved for more than one year.,Submitted: 2021-07-23 | Pending for approximately 1869 days
FRA-14053,Chhattisgarh,Dantewada,DELAYED_CLAIM,MEDIUM,Pending claim has remained unresolved for more than one year.,Submitted: 2025-07-12 | Pending for approximately 419 days
FRA-14059,Gujarat,Narmada,DELAYED_CLAIM,HIGH,Pending claim has remained unresolved for more than one year.,Submitted: 2021-06-04 | Pending for approximately 1918 days
FRA-14074,Rajasthan,Dungarpur,DELAYED_CLAIM,HIGH,Pending claim has remained unresolved for more than one year.,Submitted: 2022-01-16 | Pending for approximately 1692 days
FRA-14078,Chhattisgarh,Dantewada,DELAYED_CLAIM,MEDIUM,Pending claim has remained unresolved for more than one year.,Submitted: 2025-04-23 | Pending for approximately 499 days
FRA-14079,Odisha,Sundargarh,DELAYED_CLAIM,HIGH,Pending claim has remained unresolved for more than one year.,Submitted: 2020-10-12 | Pending for approximately 2153 days
FRA-14082,Chhattisgarh,Korba,DELAYED_CLAIM,HIGH,Pending claim has remained unresolved for more than one year.,Submitted: 2023-09-20 | Pending for approximately 1080 days
FRA-14084,Odisha,Mayurbhanj,DELAYED_CLAIM,HIGH,Pending claim has remained unresolved for more than one year.,Submitted: 2021-10-04 | Pending for approximately 1796 days
FRA-14085,Rajasthan,Udaipur,DELAYED_CLAIM,HIGH,Pending claim has remained unresolved for more than one year.,Submitted: 2021-12-20 | Pending for approximately 1719 days
FRA-14090,Gujarat,Tapi,DELAYED_CLAIM,MEDIUM,Pending claim has remained unresolved for more than one year.,Submitted: 2024-11-18 | Pending for approximately 655 days
FRA-14091,Chhattisgarh,Kanker,DELAYED_CLAIM,MEDIUM,Pending claim has remained unresolved for more than one year.,Submitted: 2024-12-06 | Pending for approximately 637 days
FRA-14093,Madhya Pradesh,Mandla,DELAYED_CLAIM,HIGH,Pending claim has remained unresolved for more than one year.,Submitted: 2020-04-11 | Pending for approximately 2337 days
FRA-14094,Chhattisgarh,Kanker,DELAYED_CLAIM,HIGH,Pending claim has remained unresolved for more than one year.,Submitted: 2022-08-24 | Pending for approximately 1472 days
FRA-14095,Maharashtra,Amravati,DELAYED_CLAIM,HIGH,Pending claim has remained unresolved for more than one year.,Submitted: 2024-02-16 | Pending for approximately 931 days
FRA-14097,Madhya Pradesh,Balaghat,DELAYED_CLAIM,HIGH,Pending claim has remained unresolved for more than one year.,Submitted: 2021-07-09 | Pending for approximately 1883 days
FRA-14100,Odisha,Mayurbhanj,DELAYED_CLAIM,MEDIUM,Pending claim has remained unresolved for more than one year.,Submitted: 2025-02-28 | Pending for approximately 553 days
FRA-14102,Gujarat,Tapi,DELAYED_CLAIM,HIGH,Pending claim has remained unresolved for more than one year.,Submitted: 2021-09-17 | Pending for approximately 1813 days
FRA-14104,Jharkhand,West Singhbhum,DELAYED_CLAIM,HIGH,Pending claim has remained unresolved for more than one year.,Submitted: 2020-12-30 | Pending for approximately 2074 days
FRA-14107,Madhya Pradesh,Betul,DELAYED_CLAIM,HIGH,Pending claim has remained unresolved for more than one year.,Submitted: 2021-10-07 | Pending for approximately 1793 days
FRA-14111,Rajasthan,Dungarpur,DELAYED_CLAIM,HIGH,Pending claim has remained unresolved for more than one year.,Submitted: 2020-05-24 | Pending for approximately 2294 days
FRA-14121,Maharashtra,Nandurbar,DELAYED_CLAIM,HIGH,Pending claim has remained unresolved for more than one year.,Submitted: 2020-02-27 | Pending for approximately 2381 days
FRA-14122,Maharashtra,Amravati,DELAYED_CLAIM,HIGH,Pending claim has remained unresolved for more than one year.,Submitted: 2021-09-18 | Pending for approximately 1812 days
FRA-14131,Gujarat,Valsad,DELAYED_CLAIM,HIGH,Pending claim has remained unresolved for more than one year.,Submitted: 2020-03-05 | Pending for approximately 2374 days
FRA-14132,Odisha,Kandhamal,DELAYED_CLAIM,HIGH,Pending claim has remained unresolved for more than one year.,Submitted: 2024-01-31 | Pending for approximately 947 days
FRA-14134,Madhya Pradesh,Chhindwara,DELAYED_CLAIM,HIGH,Pending claim has remained unresolved for more than one year.,Submitted: 2023-06-21 | Pending for approximately 1171 days
FRA-14135,Maharashtra,Nandurbar,DELAYED_CLAIM,HIGH,Pending claim has remained unresolved for more than one year.,Submitted: 2022-11-14 | Pending for approximately 1390 days
FRA-14141,Madhya Pradesh,Chhindwara,DELAYED_CLAIM,HIGH,Pending claim has remained unresolved for more than one year.,Submitted: 2023-10-14 | Pending for approximately 1056 days
FRA-14156,Gujarat,Tapi,DELAYED_CLAIM,HIGH,Pending claim has remained unresolved for more than one year.,Submitted: 2024-08-08 | Pending for approximately 757 days
FRA-14158,Jharkhand,West Singhbhum,DELAYED_CLAIM,MEDIUM,Pending claim has remained unresolved for more than one year.,Submitted: 2025-03-01 | Pending for approximately 552 days
FRA-14161,Jharkhand,Ranchi,DELAYED_CLAIM,HIGH,Pending claim has remained unresolved for more than one year.,Submitted: 2021-02-24 | Pending for approximately 2018 days
FRA-14172,Rajasthan,Banswara,DELAYED_CLAIM,HIGH,Pending claim has remained unresolved for more than one year.,Submitted: 2020-02-07 | Pending for approximately 2401 days
FRA-14173,Maharashtra,Gadchiroli,DELAYED_CLAIM,HIGH,Pending claim has remained unresolved for more than one year.,Submitted: 2024-07-24 | Pending for approximately 772 days
FRA-14175,Jharkhand,West Singhbhum,DELAYED_CLAIM,HIGH,Pending claim has remained unresolved for more than one year.,Submitted: 2022-11-04 | Pending for approximately 1400 days
FRA-14176,Maharashtra,Yavatmal,DELAYED_CLAIM,HIGH,Pending claim has remained unresolved for more than one year.,Submitted: 2023-10-03 | Pending for approximately 1067 days
FRA-14192,Odisha,Koraput,DELAYED_CLAIM,HIGH,Pending claim has remained unresolved for more than one year.,Submitted: 2020-11-23 | Pending for approximately 2111 days
FRA-14193,Madhya Pradesh,Betul,DELAYED_CLAIM,HIGH,Pending claim has remained unresolved for more than one year.,Submitted: 2021-06-06 | Pending for approximately 1916 days
FRA-14195,Jharkhand,West Singhbhum,DELAYED_CLAIM,HIGH,Pending claim has remained unresolved for more than one year.,Submitted: 2021-03-27 | Pending for approximately 1987 days
FRA-14207,Rajasthan,Pratapgarh,DELAYED_CLAIM,HIGH,Pending claim has remained unresolved for more than one year.,Submitted: 2023-07-09 | Pending for approximately 1153 days
FRA-14216,Jharkhand,Simdega,DELAYED_CLAIM,HIGH,Pending claim has remained unresolved for more than one year.,Submitted: 2021-12-26 | Pending for approximately 1713 days
FRA-14221,Maharashtra,Nashik,DELAYED_CLAIM,MEDIUM,Pending claim has remained unresolved for more than one year.,Submitted: 2025-07-12 | Pending for approximately 419 days
FRA-14224,Gujarat,Valsad,DELAYED_CLAIM,HIGH,Pending claim has remained unresolved for more than one year.,Submitted: 2020-02-14 | Pending for approximately 2394 days
FRA-14227,Jharkhand,Ranchi,DELAYED_CLAIM,MEDIUM,Pending claim has remained unresolved for more than one year.,Submitted: 2025-04-24 | Pending for approximately 498 days
FRA-14229,Jharkhand,Ranchi,DELAYED_CLAIM,HIGH,Pending claim has remained unresolved for more than one year.,Submitted: 2020-03-03 | Pending for approximately 2376 days
FRA-14230,Gujarat,Bharuch,DELAYED_CLAIM,HIGH,Pending claim has remained unresolved for more than one year.,Submitted: 2020-02-02 | Pending for approximately 2406 days
FRA-14234,Maharashtra,Yavatmal,DELAYED_CLAIM,HIGH,Pending claim has remained unresolved for more than one year.,Submitted: 2021-09-02 | Pending for approximately 1828 days
FRA-14238,Madhya Pradesh,Betul,DELAYED_CLAIM,HIGH,Pending claim has remained unresolved for more than one year.,Submitted: 2022-10-13 | Pending for approximately 1422 days
FRA-14251,Gujarat,Valsad,DELAYED_CLAIM,HIGH,Pending claim has remained unresolved for more than one year.,Submitted: 2024-08-09 | Pending for approximately 756 days
FRA-14253,Maharashtra,Amravati,DELAYED_CLAIM,HIGH,Pending claim has remained unresolved for more than one year.,Submitted: 2024-05-28 | Pending for approximately 829 days
FRA-14260,Jharkhand,Gumla,DELAYED_CLAIM,HIGH,Pending claim has remained unresolved for more than one year.,Submitted: 2021-12-10 | Pending for approximately 1729 days
FRA-14266,Gujarat,Tapi,DELAYED_CLAIM,HIGH,Pending claim has remained unresolved for more than one year.,Submitted: 2021-10-27 | Pending for approximately 1773 days
FRA-14267,Jharkhand,Ranchi,DELAYED_CLAIM,HIGH,Pending claim has remained unresolved for more than one year.,Submitted: 2023-04-17 | Pending for approximately 1236 days
FRA-14270,Madhya Pradesh,Chhindwara,DELAYED_CLAIM,HIGH,Pending claim has remained unresolved for more than one year.,Submitted: 2021-11-16 | Pending for approximately 1753 days
FRA-14271,Gujarat,Dangs,DELAYED_CLAIM,HIGH,Pending claim has remained unresolved for more than one year.,Submitted: 2021-02-09 | Pending for approximately 2033 days
FRA-14282,Odisha,Sundargarh,DELAYED_CLAIM,HIGH,Pending claim has remained unresolved for more than one year.,Submitted: 2021-06-11 | Pending for approximately 1911 days
FRA-14290,Gujarat,Tapi,DELAYED_CLAIM,HIGH,Pending claim has remained unresolved for more than one year.,Submitted: 2020-01-03 | Pending for approximately 2436 days
FRA-14291,Maharashtra,Nandurbar,DELAYED_CLAIM,HIGH,Pending claim has remained unresolved for more than one year.,Submitted: 2021-10-12 | Pending for approximately 1788 days
FRA-14296,Chhattisgarh,Kanker,DELAYED_CLAIM,HIGH,Pending claim has remained unresolved for more than one year.,Submitted: 2024-03-18 | Pending for approximately 900 days
FRA-14301,Rajasthan,Pratapgarh,DELAYED_CLAIM,HIGH,Pending claim has remained unresolved for more than one year.,Submitted: 2024-01-25 | Pending for approximately 953 days
FRA-14308,Chhattisgarh,Korba,DELAYED_CLAIM,HIGH,Pending claim has remained unresolved for more than one year.,Submitted: 2020-06-23 | Pending for approximately 2264 days
FRA-14309,Madhya Pradesh,Betul,DELAYED_CLAIM,HIGH,Pending claim has remained unresolved for more than one year.,Submitted: 2022-07-26 | Pending for approximately 1501 days
FRA-14311,Madhya Pradesh,Chhindwara,DELAYED_CLAIM,HIGH,Pending claim has remained unresolved for more than one year.,Submitted: 2021-06-27 | Pending for approximately 1895 days
FRA-14313,Chhattisgarh,Kanker,DELAYED_CLAIM,HIGH,Pending claim has remained unresolved for more than one year.,Submitted: 2024-08-25 | Pending for approximately 740 days
FRA-14315,Odisha,Sundargarh,DELAYED_CLAIM,HIGH,Pending claim has remained unresolved for more than one year.,Submitted: 2024-04-21 | Pending for approximately 866 days
FRA-14318,Madhya Pradesh,Betul,DELAYED_CLAIM,HIGH,Pending claim has remained unresolved for more than one year.,Submitted: 2023-05-30 | Pending for approximately 1193 days
FRA-14319,Gujarat,Tapi,DELAYED_CLAIM,MEDIUM,Pending claim has remained unresolved for more than one year.,Submitted: 2025-01-22 | Pending for approximately 590 days
FRA-14322,Rajasthan,Dungarpur,DELAYED_CLAIM,HIGH,Pending claim has remained unresolved for more than one year.,Submitted: 2023-07-21 | Pending for approximately 1141 days
FRA-14323,Chhattisgarh,Surguja,DELAYED_CLAIM,HIGH,Pending claim has remained unresolved for more than one year.,Submitted: 2020-07-13 | Pending for approximately 2244 days
FRA-14328,Jharkhand,Ranchi,DELAYED_CLAIM,HIGH,Pending claim has remained unresolved for more than one year.,Submitted: 2020-10-25 | Pending for approximately 2140 days
FRA-14329,Chhattisgarh,Bastar,DELAYED_CLAIM,MEDIUM,Pending claim has remained unresolved for more than one year.,Submitted: 2025-03-21 | Pending for approximately 532 days
FRA-14330,Odisha,Sundargarh,DELAYED_CLAIM,HIGH,Pending claim has remained unresolved for more than one year.,Submitted: 2023-05-22 | Pending for approximately 1201 days
FRA-14331,Odisha,Mayurbhanj,DELAYED_CLAIM,HIGH,Pending claim has remained unresolved for more than one year.,Submitted: 2024-02-16 | Pending for approximately 931 days
FRA-14332,Maharashtra,Nandurbar,DELAYED_CLAIM,HIGH,Pending claim has remained unresolved for more than one year.,Submitted: 2022-08-17 | Pending for approximately 1479 days
FRA-14333,Rajasthan,Sirohi,DELAYED_CLAIM,HIGH,Pending claim has remained unresolved for more than one year.,Submitted: 2021-08-26 | Pending for approximately 1835 days
FRA-14335,Chhattisgarh,Korba,DELAYED_CLAIM,MEDIUM,Pending claim has remained unresolved for more than one year.,Submitted: 2025-05-15 | Pending for approximately 477 days
FRA-14342,Jharkhand,Gumla,DELAYED_CLAIM,HIGH,Pending claim has remained unresolved for more than one year.,Submitted: 2020-06-11 | Pending for approximately 2276 days
FRA-14350,Jharkhand,Latehar,DELAYED_CLAIM,HIGH,Pending claim has remained unresolved for more than one year.,Submitted: 2024-06-26 | Pending for approximately 800 days
FRA-14351,Rajasthan,Dungarpur,DELAYED_CLAIM,HIGH,Pending claim has remained unresolved for more than one year.,Submitted: 2021-10-03 | Pending for approximately 1797 days
FRA-14352,Chhattisgarh,Bastar,DELAYED_CLAIM,HIGH,Pending claim has remained unresolved for more than one year.,Submitted: 2022-12-03 | Pending for approximately 1371 days
FRA-14358,Gujarat,Bharuch,DELAYED_CLAIM,HIGH,Pending claim has remained unresolved for more than one year.,Submitted: 2023-07-11 | Pending for approximately 1151 days
FRA-14366,Rajasthan,Banswara,DELAYED_CLAIM,HIGH,Pending claim has remained unresolved for more than one year.,Submitted: 2023-06-22 | Pending for approximately 1170 days
FRA-14367,Chhattisgarh,Surguja,DELAYED_CLAIM,HIGH,Pending claim has remained unresolved for more than one year.,Submitted: 2020-01-07 | Pending for approximately 2432 days
FRA-14398,Madhya Pradesh,Balaghat,DELAYED_CLAIM,HIGH,Pending claim has remained unresolved for more than one year.,Submitted: 2021-08-25 | Pending for approximately 1836 days
FRA-14408,Chhattisgarh,Bastar,DELAYED_CLAIM,HIGH,Pending claim has remained unresolved for more than one year.,Submitted: 2022-04-16 | Pending for approximately 1602 days
FRA-14409,Jharkhand,Ranchi,DELAYED_CLAIM,HIGH,Pending claim has remained unresolved for more than one year.,Submitted: 2021-10-22 | Pending for approximately 1778 days
FRA-14414,Odisha,Mayurbhanj,DELAYED_CLAIM,HIGH,Pending claim has remained unresolved for more than one year.,Submitted: 2021-07-14 | Pending for approximately 1878 days
FRA-14423,Odisha,Mayurbhanj,DELAYED_CLAIM,HIGH,Pending claim has remained unresolved for more than one year.,Submitted: 2020-11-23 | Pending for approximately 2111 days
FRA-14424,Odisha,Mayurbhanj,DELAYED_CLAIM,HIGH,Pending claim has remained unresolved for more than one year.,Submitted: 2022-01-05 | Pending for approximately 1703 days
FRA-14425,Maharashtra,Nashik,DELAYED_CLAIM,MEDIUM,Pending claim has remained unresolved for more than one year.,Submitted: 2025-06-20 | Pending for approximately 441 days
FRA-14426,Rajasthan,Udaipur,DELAYED_CLAIM,HIGH,Pending claim has remained unresolved for more than one year.,Submitted: 2020-05-16 | Pending for approximately 2302 days
FRA-14434,Chhattisgarh,Korba,DELAYED_CLAIM,HIGH,Pending claim has remained unresolved for more than one year.,Submitted: 2020-08-20 | Pending for approximately 2206 days
FRA-14441,Gujarat,Valsad,DELAYED_CLAIM,HIGH,Pending claim has remained unresolved for more than one year.,Submitted: 2020-09-12 | Pending for approximately 2183 days
FRA-14444,Chhattisgarh,Kanker,DELAYED_CLAIM,HIGH,Pending claim has remained unresolved for more than one year.,Submitted: 2022-06-24 | Pending for approximately 1533 days
FRA-14445,Jharkhand,Gumla,DELAYED_CLAIM,HIGH,Pending claim has remained unresolved for more than one year.,Submitted: 2022-04-19 | Pending for approximately 1599 days
FRA-14449,Jharkhand,Latehar,DELAYED_CLAIM,HIGH,Pending claim has remained unresolved for more than one year.,Submitted: 2021-07-03 | Pending for approximately 1889 days
FRA-14451,Odisha,Koraput,DELAYED_CLAIM,HIGH,Pending claim has remained unresolved for more than one year.,Submitted: 2021-07-14 | Pending for approximately 1878 days
FRA-14453,Maharashtra,Gadchiroli,DELAYED_CLAIM,HIGH,Pending claim has remained unresolved for more than one year.,Submitted: 2023-03-10 | Pending for approximately 1274 days
FRA-14459,Gujarat,Narmada,DELAYED_CLAIM,HIGH,Pending claim has remained unresolved for more than one year.,Submitted: 2022-08-23 | Pending for approximately 1473 days
FRA-14461,Madhya Pradesh,Dindori,DELAYED_CLAIM,HIGH,Pending claim has remained unresolved for more than one year.,Submitted: 2020-06-27 | Pending for approximately 2260 days
FRA-14462,Gujarat,Dangs,DELAYED_CLAIM,HIGH,Pending claim has remained unresolved for more than one year.,Submitted: 2022-09-15 | Pending for approximately 1450 days
FRA-14463,Jharkhand,Simdega,DELAYED_CLAIM,HIGH,Pending claim has remained unresolved for more than one year.,Submitted: 2021-01-03 | Pending for approximately 2070 days
FRA-14467,Chhattisgarh,Korba,DELAYED_CLAIM,HIGH,Pending claim has remained unresolved for more than one year.,Submitted: 2020-07-26 | Pending for approximately 2231 days
FRA-14468,Chhattisgarh,Kanker,DELAYED_CLAIM,HIGH,Pending claim has remained unresolved for more than one year.,Submitted: 2021-02-24 | Pending for approximately 2018 days
FRA-14470,Rajasthan,Sirohi,DELAYED_CLAIM,HIGH,Pending claim has remained unresolved for more than one year.,Submitted: 2020-04-26 | Pending for approximately 2322 days
FRA-14472,Madhya Pradesh,Balaghat,DELAYED_CLAIM,HIGH,Pending claim has remained unresolved for more than one year.,Submitted: 2023-11-22 | Pending for approximately 1017 days
FRA-14473,Jharkhand,West Singhbhum,DELAYED_CLAIM,HIGH,Pending claim has remained unresolved for more than one year.,Submitted: 2021-10-12 | Pending for approximately 1788 days
FRA-14483,Chhattisgarh,Korba,DELAYED_CLAIM,HIGH,Pending claim has remained unresolved for more than one year.,Submitted: 2023-04-25 | Pending for approximately 1228 days
FRA-14490,Madhya Pradesh,Dindori,DELAYED_CLAIM,MEDIUM,Pending claim has remained unresolved for more than one year.,Submitted: 2024-12-31 | Pending for approximately 612 days
FRA-14492,Rajasthan,Banswara,DELAYED_CLAIM,HIGH,Pending claim has remained unresolved for more than one year.,Submitted: 2023-02-25 | Pending for approximately 1287 days
FRA-14495,Rajasthan,Banswara,DELAYED_CLAIM,HIGH,Pending claim has remained unresolved for more than one year.,Submitted: 2022-06-19 | Pending for approximately 1538 days
FRA-14497,Chhattisgarh,Surguja,DELAYED_CLAIM,HIGH,Pending claim has remained unresolved for more than one year.,Submitted: 2023-05-11 | Pending for approximately 1212 days
FRA-14499,Gujarat,Tapi,DELAYED_CLAIM,MEDIUM,Pending claim has remained unresolved for more than one year.,Submitted: 2025-07-16 | Pending for approximately 415 days
FRA-14500,Madhya Pradesh,Betul,DELAYED_CLAIM,HIGH,Pending claim has remained unresolved for more than one year.,Submitted: 2021-02-19 | Pending for approximately 2023 days
FRA-14504,Rajasthan,Sirohi,DELAYED_CLAIM,HIGH,Pending claim has remained unresolved for more than one year.,Submitted: 2021-11-06 | Pending for approximately 1763 days
FRA-14506,Madhya Pradesh,Chhindwara,DELAYED_CLAIM,HIGH,Pending claim has remained unresolved for more than one year.,Submitted: 2022-11-03 | Pending for approximately 1401 days
FRA-14509,Maharashtra,Amravati,DELAYED_CLAIM,MEDIUM,Pending claim has remained unresolved for more than one year.,Submitted: 2024-12-23 | Pending for approximately 620 days
FRA-14510,Jharkhand,Gumla,DELAYED_CLAIM,HIGH,Pending claim has remained unresolved for more than one year.,Submitted: 2021-04-17 | Pending for approximately 1966 days
FRA-14513,Chhattisgarh,Surguja,DELAYED_CLAIM,HIGH,Pending claim has remained unresolved for more than one year.,Submitted: 2021-06-13 | Pending for approximately 1909 days
FRA-14522,Rajasthan,Banswara,DELAYED_CLAIM,HIGH,Pending claim has remained unresolved for more than one year.,Submitted: 2021-07-03 | Pending for approximately 1889 days
FRA-14523,Maharashtra,Amravati,DELAYED_CLAIM,MEDIUM,Pending claim has remained unresolved for more than one year.,Submitted: 2024-11-09 | Pending for approximately 664 days
FRA-14528,Madhya Pradesh,Dindori,DELAYED_CLAIM,HIGH,Pending claim has remained unresolved for more than one year.,Submitted: 2023-03-16 | Pending for approximately 1268 days
FRA-14529,Rajasthan,Banswara,DELAYED_CLAIM,HIGH,Pending claim has remained unresolved for more than one year.,Submitted: 2020-11-27 | Pending for approximately 2107 days
FRA-14538,Madhya Pradesh,Balaghat,DELAYED_CLAIM,HIGH,Pending claim has remained unresolved for more than one year.,Submitted: 2021-01-18 | Pending for approximately 2055 days
FRA-14541,Chhattisgarh,Korba,DELAYED_CLAIM,MEDIUM,Pending claim has remained unresolved for more than one year.,Submitted: 2024-09-04 | Pending for approximately 730 days
FRA-14547,Chhattisgarh,Surguja,DELAYED_CLAIM,HIGH,Pending claim has remained unresolved for more than one year.,Submitted: 2022-05-28 | Pending for approximately 1560 days
FRA-14549,Madhya Pradesh,Betul,DELAYED_CLAIM,HIGH,Pending claim has remained unresolved for more than one year.,Submitted: 2023-02-19 | Pending for approximately 1293 days
FRA-14551,Madhya Pradesh,Balaghat,DELAYED_CLAIM,HIGH,Pending claim has remained unresolved for more than one year.,Submitted: 2021-04-29 | Pending for approximately 1954 days
FRA-14553,Chhattisgarh,Dantewada,DELAYED_CLAIM,HIGH,Pending claim has remained unresolved for more than one year.,Submitted: 2022-04-18 | Pending for approximately 1600 days
FRA-14554,Madhya Pradesh,Dindori,DELAYED_CLAIM,HIGH,Pending claim has remained unresolved for more than one year.,Submitted: 2021-08-17 | Pending for approximately 1844 days
FRA-14557,Chhattisgarh,Bastar,DELAYED_CLAIM,HIGH,Pending claim has remained unresolved for more than one year.,Submitted: 2022-06-21 | Pending for approximately 1536 days
FRA-14558,Maharashtra,Gadchiroli,DELAYED_CLAIM,HIGH,Pending claim has remained unresolved for more than one year.,Submitted: 2022-09-14 | Pending for approximately 1451 days
FRA-14560,Gujarat,Valsad,DELAYED_CLAIM,HIGH,Pending claim has remained unresolved for more than one year.,Submitted: 2022-07-22 | Pending for approximately 1505 days
FRA-14562,Gujarat,Tapi,DELAYED_CLAIM,HIGH,Pending claim has remained unresolved for more than one year.,Submitted: 2023-05-20 | Pending for approximately 1203 days
FRA-14565,Odisha,Koraput,DELAYED_CLAIM,HIGH,Pending claim has remained unresolved for more than one year.,Submitted: 2021-04-02 | Pending for approximately 1981 days
FRA-14567,Maharashtra,Yavatmal,DELAYED_CLAIM,HIGH,Pending claim has remained unresolved for more than one year.,Submitted: 2023-05-12 | Pending for approximately 1211 days
FRA-14569,Madhya Pradesh,Chhindwara,DELAYED_CLAIM,HIGH,Pending claim has remained unresolved for more than one year.,Submitted: 2021-08-18 | Pending for approximately 1843 days
FRA-14573,Odisha,Sundargarh,DELAYED_CLAIM,HIGH,Pending claim has remained unresolved for more than one year.,Submitted: 2024-02-11 | Pending for approximately 936 days
FRA-14576,Gujarat,Narmada,DELAYED_CLAIM,HIGH,Pending claim has remained unresolved for more than one year.,Submitted: 2021-09-05 | Pending for approximately 1825 days
FRA-14577,Gujarat,Narmada,DELAYED_CLAIM,HIGH,Pending claim has remained unresolved for more than one year.,Submitted: 2023-08-10 | Pending for approximately 1121 days
FRA-14579,Gujarat,Tapi,DELAYED_CLAIM,HIGH,Pending claim has remained unresolved for more than one year.,Submitted: 2024-02-06 | Pending for approximately 941 days
FRA-14582,Maharashtra,Gadchiroli,DELAYED_CLAIM,HIGH,Pending claim has remained unresolved for more than one year.,Submitted: 2021-03-12 | Pending for approximately 2002 days
FRA-14587,Maharashtra,Nandurbar,DELAYED_CLAIM,MEDIUM,Pending claim has remained unresolved for more than one year.,Submitted: 2025-02-17 | Pending for approximately 564 days
FRA-14592,Maharashtra,Nashik,DELAYED_CLAIM,HIGH,Pending claim has remained unresolved for more than one year.,Submitted: 2020-07-15 | Pending for approximately 2242 days
FRA-14597,Maharashtra,Yavatmal,DELAYED_CLAIM,HIGH,Pending claim has remained unresolved for more than one year.,Submitted: 2021-03-06 | Pending for approximately 2008 days
FRA-14602,Chhattisgarh,Kanker,DELAYED_CLAIM,HIGH,Pending claim has remained unresolved for more than one year.,Submitted: 2023-07-14 | Pending for approximately 1148 days
FRA-14604,Gujarat,Valsad,DELAYED_CLAIM,HIGH,Pending claim has remained unresolved for more than one year.,Submitted: 2020-11-14 | Pending for approximately 2120 days
FRA-14606,Gujarat,Narmada,DELAYED_CLAIM,HIGH,Pending claim has remained unresolved for more than one year.,Submitted: 2022-10-13 | Pending for approximately 1422 days
FRA-14609,Gujarat,Bharuch,DELAYED_CLAIM,HIGH,Pending claim has remained unresolved for more than one year.,Submitted: 2021-12-24 | Pending for approximately 1715 days
FRA-14610,Rajasthan,Dungarpur,DELAYED_CLAIM,HIGH,Pending claim has remained unresolved for more than one year.,Submitted: 2022-03-15 | Pending for approximately 1634 days
FRA-14612,Madhya Pradesh,Balaghat,DELAYED_CLAIM,HIGH,Pending claim has remained unresolved for more than one year.,Submitted: 2021-01-28 | Pending for approximately 2045 days
FRA-14618,Gujarat,Narmada,DELAYED_CLAIM,HIGH,Pending claim has remained unresolved for more than one year.,Submitted: 2023-03-12 | Pending for approximately 1272 days
FRA-14624,Rajasthan,Sirohi,DELAYED_CLAIM,HIGH,Pending claim has remained unresolved for more than one year.,Submitted: 2021-11-04 | Pending for approximately 1765 days
FRA-14625,Maharashtra,Yavatmal,DELAYED_CLAIM,MEDIUM,Pending claim has remained unresolved for more than one year.,Submitted: 2024-12-13 | Pending for approximately 630 days
FRA-14630,Rajasthan,Banswara,DELAYED_CLAIM,HIGH,Pending claim has remained unresolved for more than one year.,Submitted: 2024-06-27 | Pending for approximately 799 days
FRA-14636,Maharashtra,Nashik,DELAYED_CLAIM,HIGH,Pending claim has remained unresolved for more than one year.,Submitted: 2024-01-04 | Pending for approximately 974 days
FRA-14637,Chhattisgarh,Dantewada,DELAYED_CLAIM,HIGH,Pending claim has remained unresolved for more than one year.,Submitted: 2021-02-02 | Pending for approximately 2040 days
FRA-14639,Madhya Pradesh,Mandla,DELAYED_CLAIM,MEDIUM,Pending claim has remained unresolved for more than one year.,Submitted: 2025-05-28 | Pending for approximately 464 days
FRA-14648,Maharashtra,Gadchiroli,DELAYED_CLAIM,HIGH,Pending claim has remained unresolved for more than one year.,Submitted: 2020-01-22 | Pending for approximately 2417 days
FRA-14649,Jharkhand,Gumla,DELAYED_CLAIM,HIGH,Pending claim has remained unresolved for more than one year.,Submitted: 2024-02-28 | Pending for approximately 919 days
FRA-14650,Gujarat,Tapi,DELAYED_CLAIM,HIGH,Pending claim has remained unresolved for more than one year.,Submitted: 2023-02-06 | Pending for approximately 1306 days
FRA-14658,Madhya Pradesh,Mandla,DELAYED_CLAIM,HIGH,Pending claim has remained unresolved for more than one year.,Submitted: 2021-07-16 | Pending for approximately 1876 days
FRA-14659,Madhya Pradesh,Dindori,DELAYED_CLAIM,HIGH,Pending claim has remained unresolved for more than one year.,Submitted: 2023-12-24 | Pending for approximately 985 days
FRA-14661,Gujarat,Narmada,DELAYED_CLAIM,MEDIUM,Pending claim has remained unresolved for more than one year.,Submitted: 2025-04-18 | Pending for approximately 504 days
FRA-14663,Odisha,Mayurbhanj,DELAYED_CLAIM,HIGH,Pending claim has remained unresolved for more than one year.,Submitted: 2023-02-10 | Pending for approximately 1302 days
FRA-14664,Madhya Pradesh,Balaghat,DELAYED_CLAIM,HIGH,Pending claim has remained unresolved for more than one year.,Submitted: 2023-07-17 | Pending for approximately 1145 days
FRA-14665,Rajasthan,Sirohi,DELAYED_CLAIM,HIGH,Pending claim has remained unresolved for more than one year.,Submitted: 2024-03-14 | Pending for approximately 904 days
FRA-14668,Gujarat,Dangs,DELAYED_CLAIM,HIGH,Pending claim has remained unresolved for more than one year.,Submitted: 2022-09-15 | Pending for approximately 1450 days
FRA-14685,Chhattisgarh,Bastar,DELAYED_CLAIM,HIGH,Pending claim has remained unresolved for more than one year.,Submitted: 2020-06-21 | Pending for approximately 2266 days
FRA-14692,Chhattisgarh,Bastar,DELAYED_CLAIM,HIGH,Pending claim has remained unresolved for more than one year.,Submitted: 2022-08-31 | Pending for approximately 1465 days
FRA-14693,Jharkhand,Simdega,DELAYED_CLAIM,HIGH,Pending claim has remained unresolved for more than one year.,Submitted: 2023-04-21 | Pending for approximately 1232 days
FRA-14695,Chhattisgarh,Surguja,DELAYED_CLAIM,HIGH,Pending claim has remained unresolved for more than one year.,Submitted: 2024-06-19 | Pending for approximately 807 days
FRA-14704,Maharashtra,Nashik,DELAYED_CLAIM,HIGH,Pending claim has remained unresolved for more than one year.,Submitted: 2021-09-16 | Pending for approximately 1814 days
FRA-14731,Madhya Pradesh,Chhindwara,DELAYED_CLAIM,HIGH,Pending claim has remained unresolved for more than one year.,Submitted: 2022-02-16 | Pending for approximately 1661 days
FRA-14734,Odisha,Keonjhar,DELAYED_CLAIM,HIGH,Pending claim has remained unresolved for more than one year.,Submitted: 2020-05-26 | Pending for approximately 2292 days
FRA-14737,Madhya Pradesh,Balaghat,DELAYED_CLAIM,HIGH,Pending claim has remained unresolved for more than one year.,Submitted: 2020-12-17 | Pending for approximately 2087 days
FRA-14738,Madhya Pradesh,Balaghat,DELAYED_CLAIM,HIGH,Pending claim has remained unresolved for more than one year.,Submitted: 2022-06-07 | Pending for approximately 1550 days
FRA-14740,Maharashtra,Nandurbar,DELAYED_CLAIM,HIGH,Pending claim has remained unresolved for more than one year.,Submitted: 2020-01-29 | Pending for approximately 2410 days
FRA-14743,Maharashtra,Amravati,DELAYED_CLAIM,HIGH,Pending claim has remained unresolved for more than one year.,Submitted: 2022-12-03 | Pending for approximately 1371 days
FRA-14744,Odisha,Koraput,DELAYED_CLAIM,HIGH,Pending claim has remained unresolved for more than one year.,Submitted: 2023-08-08 | Pending for approximately 1123 days
FRA-14745,Gujarat,Tapi,DELAYED_CLAIM,MEDIUM,Pending claim has remained unresolved for more than one year.,Submitted: 2025-06-17 | Pending for approximately 444 days
FRA-14747,Jharkhand,West Singhbhum,DELAYED_CLAIM,HIGH,Pending claim has remained unresolved for more than one year.,Submitted: 2022-10-21 | Pending for approximately 1414 days
FRA-14750,Jharkhand,Simdega,DELAYED_CLAIM,HIGH,Pending claim has remained unresolved for more than one year.,Submitted: 2020-04-10 | Pending for approximately 2338 days
FRA-14754,Odisha,Koraput,DELAYED_CLAIM,HIGH,Pending claim has remained unresolved for more than one year.,Submitted: 2023-03-21 | Pending for approximately 1263 days
FRA-14756,Odisha,Keonjhar,DELAYED_CLAIM,HIGH,Pending claim has remained unresolved for more than one year.,Submitted: 2023-08-29 | Pending for approximately 1102 days
FRA-14757,Odisha,Kandhamal,DELAYED_CLAIM,HIGH,Pending claim has remained unresolved for more than one year.,Submitted: 2023-08-06 | Pending for approximately 1125 days
FRA-14759,Maharashtra,Nashik,DELAYED_CLAIM,MEDIUM,Pending claim has remained unresolved for more than one year.,Submitted: 2025-02-18 | Pending for approximately 563 days
FRA-14762,Madhya Pradesh,Betul,DELAYED_CLAIM,HIGH,Pending claim has remained unresolved for more than one year.,Submitted: 2023-08-16 | Pending for approximately 1115 days
FRA-14763,Chhattisgarh,Dantewada,DELAYED_CLAIM,HIGH,Pending claim has remained unresolved for more than one year.,Submitted: 2022-05-16 | Pending for approximately 1572 days
FRA-14769,Chhattisgarh,Dantewada,DELAYED_CLAIM,HIGH,Pending claim has remained unresolved for more than one year.,Submitted: 2022-01-17 | Pending for approximately 1691 days
FRA-14775,Jharkhand,Latehar,DELAYED_CLAIM,HIGH,Pending claim has remained unresolved for more than one year.,Submitted: 2020-05-06 | Pending for approximately 2312 days
FRA-14777,Odisha,Sundargarh,DELAYED_CLAIM,HIGH,Pending claim has remained unresolved for more than one year.,Submitted: 2021-12-19 | Pending for approximately 1720 days
FRA-14781,Maharashtra,Yavatmal,DELAYED_CLAIM,HIGH,Pending claim has remained unresolved for more than one year.,Submitted: 2021-11-27 | Pending for approximately 1742 days
FRA-14786,Chhattisgarh,Korba,DELAYED_CLAIM,HIGH,Pending claim has remained unresolved for more than one year.,Submitted: 2020-12-20 | Pending for approximately 2084 days
FRA-14787,Madhya Pradesh,Balaghat,DELAYED_CLAIM,HIGH,Pending claim has remained unresolved for more than one year.,Submitted: 2022-07-01 | Pending for approximately 1526 days
FRA-14788,Madhya Pradesh,Betul,DELAYED_CLAIM,HIGH,Pending claim has remained unresolved for more than one year.,Submitted: 2022-03-04 | Pending for approximately 1645 days
FRA-14790,Gujarat,Bharuch,DELAYED_CLAIM,HIGH,Pending claim has remained unresolved for more than one year.,Submitted: 2022-06-06 | Pending for approximately 1551 days
FRA-14792,Gujarat,Dangs,DELAYED_CLAIM,HIGH,Pending claim has remained unresolved for more than one year.,Submitted: 2023-09-27 | Pending for approximately 1073 days
FRA-14793,Rajasthan,Sirohi,DELAYED_CLAIM,MEDIUM,Pending claim has remained unresolved for more than one year.,Submitted: 2025-03-24 | Pending for approximately 529 days
FRA-14796,Chhattisgarh,Korba,DELAYED_CLAIM,MEDIUM,Pending claim has remained unresolved for more than one year.,Submitted: 2024-10-08 | Pending for approximately 696 days
FRA-14797,Jharkhand,Simdega,DELAYED_CLAIM,HIGH,Pending claim has remained unresolved for more than one year.,Submitted: 2023-10-13 | Pending for approximately 1057 days
FRA-14798,Madhya Pradesh,Chhindwara,DELAYED_CLAIM,HIGH,Pending claim has remained unresolved for more than one year.,Submitted: 2024-04-07 | Pending for approximately 880 days
FRA-14799,Gujarat,Valsad,DELAYED_CLAIM,HIGH,Pending claim has remained unresolved for more than one year.,Submitted: 2024-07-11 | Pending for approximately 785 days
FRA-14807,Rajasthan,Pratapgarh,DELAYED_CLAIM,HIGH,Pending claim has remained unresolved for more than one year.,Submitted: 2022-12-02 | Pending for approximately 1372 days
FRA-14819,Chhattisgarh,Korba,DELAYED_CLAIM,HIGH,Pending claim has remained unresolved for more than one year.,Submitted: 2020-03-17 | Pending for approximately 2362 days
FRA-14821,Rajasthan,Pratapgarh,DELAYED_CLAIM,MEDIUM,Pending claim has remained unresolved for more than one year.,Submitted: 2025-02-18 | Pending for approximately 563 days
FRA-14823,Chhattisgarh,Dantewada,DELAYED_CLAIM,HIGH,Pending claim has remained unresolved for more than one year.,Submitted: 2020-10-30 | Pending for approximately 2135 days
FRA-14826,Rajasthan,Banswara,DELAYED_CLAIM,MEDIUM,Pending claim has remained unresolved for more than one year.,Submitted: 2025-08-14 | Pending for approximately 386 days
FRA-14830,Maharashtra,Nandurbar,DELAYED_CLAIM,HIGH,Pending claim has remained unresolved for more than one year.,Submitted: 2021-03-29 | Pending for approximately 1985 days
FRA-14832,Jharkhand,Gumla,DELAYED_CLAIM,HIGH,Pending claim has remained unresolved for more than one year.,Submitted: 2023-04-14 | Pending for approximately 1239 days
FRA-14835,Odisha,Koraput,DELAYED_CLAIM,HIGH,Pending claim has remained unresolved for more than one year.,Submitted: 2020-06-27 | Pending for approximately 2260 days
FRA-14838,Rajasthan,Banswara,DELAYED_CLAIM,HIGH,Pending claim has remained unresolved for more than one year.,Submitted: 2020-10-17 | Pending for approximately 2148 days
FRA-14840,Madhya Pradesh,Betul,DELAYED_CLAIM,HIGH,Pending claim has remained unresolved for more than one year.,Submitted: 2021-05-15 | Pending for approximately 1938 days
FRA-14845,Gujarat,Narmada,DELAYED_CLAIM,HIGH,Pending claim has remained unresolved for more than one year.,Submitted: 2022-09-28 | Pending for approximately 1437 days
FRA-14853,Gujarat,Valsad,DELAYED_CLAIM,HIGH,Pending claim has remained unresolved for more than one year.,Submitted: 2023-08-24 | Pending for approximately 1107 days
FRA-14859,Jharkhand,Simdega,DELAYED_CLAIM,HIGH,Pending claim has remained unresolved for more than one year.,Submitted: 2021-04-21 | Pending for approximately 1962 days
FRA-14861,Odisha,Kandhamal,DELAYED_CLAIM,HIGH,Pending claim has remained unresolved for more than one year.,Submitted: 2021-12-20 | Pending for approximately 1719 days
FRA-14863,Odisha,Keonjhar,DELAYED_CLAIM,MEDIUM,Pending claim has remained unresolved for more than one year.,Submitted: 2025-01-30 | Pending for approximately 582 days
FRA-14877,Gujarat,Valsad,DELAYED_CLAIM,HIGH,Pending claim has remained unresolved for more than one year.,Submitted: 2023-08-23 | Pending for approximately 1108 days
FRA-14883,Madhya Pradesh,Betul,DELAYED_CLAIM,HIGH,Pending claim has remained unresolved for more than one year.,Submitted: 2023-04-06 | Pending for approximately 1247 days
FRA-14891,Gujarat,Narmada,DELAYED_CLAIM,HIGH,Pending claim has remained unresolved for more than one year.,Submitted: 2021-03-29 | Pending for approximately 1985 days
FRA-14897,Rajasthan,Sirohi,DELAYED_CLAIM,MEDIUM,Pending claim has remained unresolved for more than one year.,Submitted: 2025-04-15 | Pending for approximately 507 days
FRA-14901,Jharkhand,West Singhbhum,DELAYED_CLAIM,HIGH,Pending claim has remained unresolved for more than one year.,Submitted: 2021-08-13 | Pending for approximately 1848 days
FRA-14916,Odisha,Sundargarh,DELAYED_CLAIM,HIGH,Pending claim has remained unresolved for more than one year.,Submitted: 2020-05-25 | Pending for approximately 2293 days
FRA-14918,Odisha,Keonjhar,DELAYED_CLAIM,HIGH,Pending claim has remained unresolved for more than one year.,Submitted: 2020-09-17 | Pending for approximately 2178 days
FRA-14922,Gujarat,Narmada,DELAYED_CLAIM,HIGH,Pending claim has remained unresolved for more than one year.,Submitted: 2022-09-10 | Pending for approximately 1455 days
FRA-14925,Odisha,Sundargarh,DELAYED_CLAIM,HIGH,Pending claim has remained unresolved for more than one year.,Submitted: 2022-08-27 | Pending for approximately 1469 days
FRA-14929,Maharashtra,Nashik,DELAYED_CLAIM,HIGH,Pending claim has remained unresolved for more than one year.,Submitted: 2021-09-13 | Pending for approximately 1817 days
FRA-14934,Chhattisgarh,Korba,DELAYED_CLAIM,MEDIUM,Pending claim has remained unresolved for more than one year.,Submitted: 2024-09-11 | Pending for approximately 723 days
FRA-14941,Madhya Pradesh,Betul,DELAYED_CLAIM,HIGH,Pending claim has remained unresolved for more than one year.,Submitted: 2020-02-28 | Pending for approximately 2380 days
FRA-14946,Odisha,Kandhamal,DELAYED_CLAIM,HIGH,Pending claim has remained unresolved for more than one year.,Submitted: 2021-10-06 | Pending for approximately 1794 days
FRA-14948,Gujarat,Narmada,DELAYED_CLAIM,HIGH,Pending claim has remained unresolved for more than one year.,Submitted: 2020-07-18 | Pending for approximately 2239 days
FRA-14950,Madhya Pradesh,Balaghat,DELAYED_CLAIM,HIGH,Pending claim has remained unresolved for more than one year.,Submitted: 2020-12-25 | Pending for approximately 2079 days
FRA-14960,Jharkhand,Gumla,DELAYED_CLAIM,HIGH,Pending claim has remained unresolved for more than one year.,Submitted: 2021-01-22 | Pending for approximately 2051 days
FRA-14965,Odisha,Kandhamal,DELAYED_CLAIM,HIGH,Pending claim has remained unresolved for more than one year.,Submitted: 2020-04-26 | Pending for approximately 2322 days
FRA-14969,Chhattisgarh,Bastar,DELAYED_CLAIM,HIGH,Pending claim has remained unresolved for more than one year.,Submitted: 2023-01-07 | Pending for approximately 1336 days
FRA-14972,Odisha,Sundargarh,DELAYED_CLAIM,HIGH,Pending claim has remained unresolved for more than one year.,Submitted: 2024-04-19 | Pending for approximately 868 days
FRA-14983,Chhattisgarh,Bastar,DELAYED_CLAIM,HIGH,Pending claim has remained unresolved for more than one year.,Submitted: 2023-06-26 | Pending for approximately 1166 days
FRA-14986,Rajasthan,Banswara,DELAYED_CLAIM,HIGH,Pending claim has remained unresolved for more than one year.,Submitted: 2021-08-02 | Pending for approximately 1859 days
FRA-14989,Madhya Pradesh,Betul,DELAYED_CLAIM,HIGH,Pending claim has remained unresolved for more than one year.,Submitted: 2024-06-27 | Pending for approximately 799 days
FRA-14992,Odisha,Sundargarh,DELAYED_CLAIM,MEDIUM,Pending claim has remained unresolved for more than one year.,Submitted: 2025-04-12 | Pending for approximately 510 days
FRA-14994,Madhya Pradesh,Dindori,DELAYED_CLAIM,HIGH,Pending claim has remained unresolved for more than one year.,Submitted: 2021-02-04 | Pending for approximately 2038 days
FRA-15002,Odisha,Keonjhar,DELAYED_CLAIM,HIGH,Pending claim has remained unresolved for more than one year.,Submitted: 2021-02-19 | Pending for approximately 2023 days
FRA-15010,Maharashtra,Nandurbar,DELAYED_CLAIM,HIGH,Pending claim has remained unresolved for more than one year.,Submitted: 2021-03-12 | Pending for approximately 2002 days
FRA-15013,Odisha,Mayurbhanj,DELAYED_CLAIM,HIGH,Pending claim has remained unresolved for more than one year.,Submitted: 2021-03-26 | Pending for approximately 1988 days
FRA-15019,Madhya Pradesh,Balaghat,DELAYED_CLAIM,HIGH,Pending claim has remained unresolved for more than one year.,Submitted: 2024-05-11 | Pending for approximately 846 days
FRA-15020,Odisha,Kandhamal,DELAYED_CLAIM,MEDIUM,Pending claim has remained unresolved for more than one year.,Submitted: 2024-09-13 | Pending for approximately 721 days
FRA-15027,Odisha,Mayurbhanj,DELAYED_CLAIM,HIGH,Pending claim has remained unresolved for more than one year.,Submitted: 2022-04-16 | Pending for approximately 1602 days
FRA-15028,Gujarat,Narmada,DELAYED_CLAIM,HIGH,Pending claim has remained unresolved for more than one year.,Submitted: 2024-02-23 | Pending for approximately 924 days
FRA-15038,Madhya Pradesh,Betul,DELAYED_CLAIM,MEDIUM,Pending claim has remained unresolved for more than one year.,Submitted: 2025-08-30 | Pending for approximately 370 days
FRA-15047,Rajasthan,Sirohi,DELAYED_CLAIM,HIGH,Pending claim has remained unresolved for more than one year.,Submitted: 2020-06-11 | Pending for approximately 2276 days
FRA-15051,Maharashtra,Gadchiroli,DELAYED_CLAIM,HIGH,Pending claim has remained unresolved for more than one year.,Submitted: 2021-07-07 | Pending for approximately 1885 days
FRA-15053,Maharashtra,Nandurbar,DELAYED_CLAIM,MEDIUM,Pending claim has remained unresolved for more than one year.,Submitted: 2024-09-11 | Pending for approximately 723 days
FRA-15054,Chhattisgarh,Dantewada,DELAYED_CLAIM,MEDIUM,Pending claim has remained unresolved for more than one year.,Submitted: 2025-06-27 | Pending for approximately 434 days
FRA-15056,Chhattisgarh,Dantewada,DELAYED_CLAIM,HIGH,Pending claim has remained unresolved for more than one year.,Submitted: 2021-07-05 | Pending for approximately 1887 days
FRA-15057,Madhya Pradesh,Chhindwara,DELAYED_CLAIM,HIGH,Pending claim has remained unresolved for more than one year.,Submitted: 2021-11-05 | Pending for approximately 1764 days
FRA-15060,Odisha,Sundargarh,DELAYED_CLAIM,HIGH,Pending claim has remained unresolved for more than one year.,Submitted: 2021-11-10 | Pending for approximately 1759 days
FRA-15063,Maharashtra,Nashik,DELAYED_CLAIM,HIGH,Pending claim has remained unresolved for more than one year.,Submitted: 2021-06-07 | Pending for approximately 1915 days
FRA-15067,Madhya Pradesh,Dindori,DELAYED_CLAIM,HIGH,Pending claim has remained unresolved for more than one year.,Submitted: 2020-07-11 | Pending for approximately 2246 days
FRA-15075,Madhya Pradesh,Dindori,DELAYED_CLAIM,HIGH,Pending claim has remained unresolved for more than one year.,Submitted: 2024-02-25 | Pending for approximately 922 days
FRA-15080,Jharkhand,Gumla,DELAYED_CLAIM,HIGH,Pending claim has remained unresolved for more than one year.,Submitted: 2022-01-19 | Pending for approximately 1689 days
FRA-15085,Chhattisgarh,Dantewada,DELAYED_CLAIM,MEDIUM,Pending claim has remained unresolved for more than one year.,Submitted: 2025-05-04 | Pending for approximately 488 days
FRA-15086,Rajasthan,Dungarpur,DELAYED_CLAIM,HIGH,Pending claim has remained unresolved for more than one year.,Submitted: 2020-07-09 | Pending for approximately 2248 days
FRA-15093,Jharkhand,West Singhbhum,DELAYED_CLAIM,HIGH,Pending claim has remained unresolved for more than one year.,Submitted: 2021-04-26 | Pending for approximately 1957 days
FRA-15099,Rajasthan,Sirohi,DELAYED_CLAIM,HIGH,Pending claim has remained unresolved for more than one year.,Submitted: 2023-07-02 | Pending for approximately 1160 days
FRA-15100,Odisha,Mayurbhanj,DELAYED_CLAIM,MEDIUM,Pending claim has remained unresolved for more than one year.,Submitted: 2024-10-30 | Pending for approximately 674 days
FRA-15101,Chhattisgarh,Korba,DELAYED_CLAIM,HIGH,Pending claim has remained unresolved for more than one year.,Submitted: 2024-08-28 | Pending for approximately 737 days
FRA-15102,Madhya Pradesh,Mandla,DELAYED_CLAIM,HIGH,Pending claim has remained unresolved for more than one year.,Submitted: 2021-03-14 | Pending for approximately 2000 days
FRA-15103,Rajasthan,Dungarpur,DELAYED_CLAIM,HIGH,Pending claim has remained unresolved for more than one year.,Submitted: 2022-03-25 | Pending for approximately 1624 days
FRA-15107,Maharashtra,Amravati,DELAYED_CLAIM,HIGH,Pending claim has remained unresolved for more than one year.,Submitted: 2021-07-04 | Pending for approximately 1888 days
FRA-15108,Madhya Pradesh,Chhindwara,DELAYED_CLAIM,HIGH,Pending claim has remained unresolved for more than one year.,Submitted: 2021-03-29 | Pending for approximately 1985 days
FRA-15115,Jharkhand,West Singhbhum,DELAYED_CLAIM,MEDIUM,Pending claim has remained unresolved for more than one year.,Submitted: 2025-03-27 | Pending for approximately 526 days
FRA-15116,Gujarat,Bharuch,DELAYED_CLAIM,HIGH,Pending claim has remained unresolved for more than one year.,Submitted: 2021-07-22 | Pending for approximately 1870 days
FRA-15121,Gujarat,Narmada,DELAYED_CLAIM,MEDIUM,Pending claim has remained unresolved for more than one year.,Submitted: 2025-01-20 | Pending for approximately 592 days
FRA-15132,Maharashtra,Gadchiroli,DELAYED_CLAIM,HIGH,Pending claim has remained unresolved for more than one year.,Submitted: 2020-02-02 | Pending for approximately 2406 days
FRA-15136,Rajasthan,Banswara,DELAYED_CLAIM,HIGH,Pending claim has remained unresolved for more than one year.,Submitted: 2022-01-19 | Pending for approximately 1689 days
FRA-15138,Chhattisgarh,Korba,DELAYED_CLAIM,MEDIUM,Pending claim has remained unresolved for more than one year.,Submitted: 2025-03-30 | Pending for approximately 523 days
FRA-15143,Madhya Pradesh,Dindori,DELAYED_CLAIM,MEDIUM,Pending claim has remained unresolved for more than one year.,Submitted: 2025-01-22 | Pending for approximately 590 days
FRA-15145,Jharkhand,West Singhbhum,DELAYED_CLAIM,HIGH,Pending claim has remained unresolved for more than one year.,Submitted: 2020-07-14 | Pending for approximately 2243 days
FRA-15162,Chhattisgarh,Dantewada,DELAYED_CLAIM,HIGH,Pending claim has remained unresolved for more than one year.,Submitted: 2022-09-30 | Pending for approximately 1435 days
FRA-15168,Jharkhand,Gumla,DELAYED_CLAIM,HIGH,Pending claim has remained unresolved for more than one year.,Submitted: 2022-11-05 | Pending for approximately 1399 days
FRA-15171,Rajasthan,Udaipur,DELAYED_CLAIM,HIGH,Pending claim has remained unresolved for more than one year.,Submitted: 2022-07-31 | Pending for approximately 1496 days
FRA-15181,Maharashtra,Amravati,DELAYED_CLAIM,HIGH,Pending claim has remained unresolved for more than one year.,Submitted: 2020-03-01 | Pending for approximately 2378 days
FRA-15183,Gujarat,Narmada,DELAYED_CLAIM,HIGH,Pending claim has remained unresolved for more than one year.,Submitted: 2021-10-02 | Pending for approximately 1798 days
FRA-15185,Madhya Pradesh,Balaghat,DELAYED_CLAIM,HIGH,Pending claim has remained unresolved for more than one year.,Submitted: 2024-08-26 | Pending for approximately 739 days
FRA-15193,Gujarat,Valsad,DELAYED_CLAIM,HIGH,Pending claim has remained unresolved for more than one year.,Submitted: 2023-01-25 | Pending for approximately 1318 days
FRA-15194,Madhya Pradesh,Mandla,DELAYED_CLAIM,HIGH,Pending claim has remained unresolved for more than one year.,Submitted: 2021-01-11 | Pending for approximately 2062 days
FRA-15204,Madhya Pradesh,Balaghat,DELAYED_CLAIM,MEDIUM,Pending claim has remained unresolved for more than one year.,Submitted: 2025-08-20 | Pending for approximately 380 days
FRA-15205,Chhattisgarh,Bastar,DELAYED_CLAIM,HIGH,Pending claim has remained unresolved for more than one year.,Submitted: 2022-03-29 | Pending for approximately 1620 days
FRA-15208,Gujarat,Bharuch,DELAYED_CLAIM,HIGH,Pending claim has remained unresolved for more than one year.,Submitted: 2020-04-20 | Pending for approximately 2328 days
FRA-15210,Madhya Pradesh,Betul,DELAYED_CLAIM,HIGH,Pending claim has remained unresolved for more than one year.,Submitted: 2024-08-18 | Pending for approximately 747 days
FRA-15211,Chhattisgarh,Korba,DELAYED_CLAIM,MEDIUM,Pending claim has remained unresolved for more than one year.,Submitted: 2024-12-16 | Pending for approximately 627 days
FRA-15212,Odisha,Kandhamal,DELAYED_CLAIM,HIGH,Pending claim has remained unresolved for more than one year.,Submitted: 2020-09-22 | Pending for approximately 2173 days
FRA-15215,Chhattisgarh,Bastar,DELAYED_CLAIM,HIGH,Pending claim has remained unresolved for more than one year.,Submitted: 2020-02-24 | Pending for approximately 2384 days
FRA-15216,Maharashtra,Nandurbar,DELAYED_CLAIM,HIGH,Pending claim has remained unresolved for more than one year.,Submitted: 2023-08-15 | Pending for approximately 1116 days
FRA-15219,Rajasthan,Sirohi,DELAYED_CLAIM,HIGH,Pending claim has remained unresolved for more than one year.,Submitted: 2020-03-08 | Pending for approximately 2371 days
FRA-15225,Maharashtra,Amravati,DELAYED_CLAIM,HIGH,Pending claim has remained unresolved for more than one year.,Submitted: 2023-01-27 | Pending for approximately 1316 days
FRA-15227,Jharkhand,Latehar,DELAYED_CLAIM,HIGH,Pending claim has remained unresolved for more than one year.,Submitted: 2021-08-23 | Pending for approximately 1838 days
FRA-15235,Gujarat,Tapi,DELAYED_CLAIM,MEDIUM,Pending claim has remained unresolved for more than one year.,Submitted: 2025-03-16 | Pending for approximately 537 days
FRA-15239,Jharkhand,West Singhbhum,DELAYED_CLAIM,HIGH,Pending claim has remained unresolved for more than one year.,Submitted: 2023-02-16 | Pending for approximately 1296 days
FRA-15240,Madhya Pradesh,Balaghat,DELAYED_CLAIM,HIGH,Pending claim has remained unresolved for more than one year.,Submitted: 2021-08-16 | Pending for approximately 1845 days
FRA-15241,Gujarat,Tapi,DELAYED_CLAIM,HIGH,Pending claim has remained unresolved for more than one year.,Submitted: 2024-03-04 | Pending for approximately 914 days
FRA-15244,Chhattisgarh,Dantewada,DELAYED_CLAIM,HIGH,Pending claim has remained unresolved for more than one year.,Submitted: 2020-04-26 | Pending for approximately 2322 days
FRA-15246,Rajasthan,Udaipur,DELAYED_CLAIM,HIGH,Pending claim has remained unresolved for more than one year.,Submitted: 2023-08-29 | Pending for approximately 1102 days
FRA-15248,Gujarat,Tapi,DELAYED_CLAIM,MEDIUM,Pending claim has remained unresolved for more than one year.,Submitted: 2024-09-05 | Pending for approximately 729 days
FRA-15249,Chhattisgarh,Dantewada,DELAYED_CLAIM,HIGH,Pending claim has remained unresolved for more than one year.,Submitted: 2021-04-19 | Pending for approximately 1964 days
FRA-15251,Chhattisgarh,Kanker,DELAYED_CLAIM,HIGH,Pending claim has remained unresolved for more than one year.,Submitted: 2020-06-28 | Pending for approximately 2259 days
FRA-15271,Madhya Pradesh,Betul,DELAYED_CLAIM,HIGH,Pending claim has remained unresolved for more than one year.,Submitted: 2024-01-29 | Pending for approximately 949 days
FRA-15273,Maharashtra,Nashik,DELAYED_CLAIM,HIGH,Pending claim has remained unresolved for more than one year.,Submitted: 2021-11-12 | Pending for approximately 1757 days
FRA-15276,Jharkhand,Ranchi,DELAYED_CLAIM,HIGH,Pending claim has remained unresolved for more than one year.,Submitted: 2024-01-04 | Pending for approximately 974 days
FRA-15278,Jharkhand,Gumla,DELAYED_CLAIM,HIGH,Pending claim has remained unresolved for more than one year.,Submitted: 2021-03-03 | Pending for approximately 2011 days
FRA-15282,Chhattisgarh,Surguja,DELAYED_CLAIM,HIGH,Pending claim has remained unresolved for more than one year.,Submitted: 2021-09-20 | Pending for approximately 1810 days
FRA-15283,Madhya Pradesh,Chhindwara,DELAYED_CLAIM,HIGH,Pending claim has remained unresolved for more than one year.,Submitted: 2022-12-02 | Pending for approximately 1372 days
FRA-15285,Maharashtra,Nandurbar,DELAYED_CLAIM,HIGH,Pending claim has remained unresolved for more than one year.,Submitted: 2021-10-10 | Pending for approximately 1790 days
FRA-15288,Jharkhand,Simdega,DELAYED_CLAIM,HIGH,Pending claim has remained unresolved for more than one year.,Submitted: 2021-05-04 | Pending for approximately 1949 days
FRA-15290,Maharashtra,Nashik,DELAYED_CLAIM,HIGH,Pending claim has remained unresolved for more than one year.,Submitted: 2023-03-03 | Pending for approximately 1281 days
FRA-15291,Madhya Pradesh,Dindori,DELAYED_CLAIM,HIGH,Pending claim has remained unresolved for more than one year.,Submitted: 2023-09-17 | Pending for approximately 1083 days
FRA-15292,Gujarat,Valsad,DELAYED_CLAIM,HIGH,Pending claim has remained unresolved for more than one year.,Submitted: 2021-01-20 | Pending for approximately 2053 days
FRA-15297,Madhya Pradesh,Dindori,DELAYED_CLAIM,HIGH,Pending claim has remained unresolved for more than one year.,Submitted: 2023-10-06 | Pending for approximately 1064 days
FRA-15303,Madhya Pradesh,Mandla,DELAYED_CLAIM,HIGH,Pending claim has remained unresolved for more than one year.,Submitted: 2023-05-25 | Pending for approximately 1198 days
FRA-15305,Odisha,Keonjhar,DELAYED_CLAIM,HIGH,Pending claim has remained unresolved for more than one year.,Submitted: 2024-08-08 | Pending for approximately 757 days
FRA-15307,Chhattisgarh,Bastar,DELAYED_CLAIM,HIGH,Pending claim has remained unresolved for more than one year.,Submitted: 2021-02-22 | Pending for approximately 2020 days
FRA-15316,Madhya Pradesh,Balaghat,DELAYED_CLAIM,HIGH,Pending claim has remained unresolved for more than one year.,Submitted: 2022-06-17 | Pending for approximately 1540 days
FRA-15319,Rajasthan,Pratapgarh,DELAYED_CLAIM,HIGH,Pending claim has remained unresolved for more than one year.,Submitted: 2023-04-30 | Pending for approximately 1223 days
FRA-15321,Madhya Pradesh,Chhindwara,DELAYED_CLAIM,HIGH,Pending claim has remained unresolved for more than one year.,Submitted: 2021-09-27 | Pending for approximately 1803 days
FRA-15325,Chhattisgarh,Surguja,DELAYED_CLAIM,MEDIUM,Pending claim has remained unresolved for more than one year.,Submitted: 2025-06-27 | Pending for approximately 434 days
FRA-15326,Chhattisgarh,Bastar,DELAYED_CLAIM,HIGH,Pending claim has remained unresolved for more than one year.,Submitted: 2020-09-17 | Pending for approximately 2178 days
FRA-15327,Gujarat,Valsad,DELAYED_CLAIM,HIGH,Pending claim has remained unresolved for more than one year.,Submitted: 2023-01-18 | Pending for approximately 1325 days
FRA-15331,Maharashtra,Gadchiroli,DELAYED_CLAIM,HIGH,Pending claim has remained unresolved for more than one year.,Submitted: 2021-12-10 | Pending for approximately 1729 days
FRA-15332,Odisha,Kandhamal,DELAYED_CLAIM,HIGH,Pending claim has remained unresolved for more than one year.,Submitted: 2021-01-04 | Pending for approximately 2069 days
FRA-15335,Madhya Pradesh,Betul,DELAYED_CLAIM,HIGH,Pending claim has remained unresolved for more than one year.,Submitted: 2023-11-09 | Pending for approximately 1030 days
FRA-15342,Odisha,Sundargarh,DELAYED_CLAIM,HIGH,Pending claim has remained unresolved for more than one year.,Submitted: 2022-05-05 | Pending for approximately 1583 days
FRA-15345,Chhattisgarh,Dantewada,DELAYED_CLAIM,HIGH,Pending claim has remained unresolved for more than one year.,Submitted: 2022-02-02 | Pending for approximately 1675 days
FRA-15346,Gujarat,Dangs,DELAYED_CLAIM,HIGH,Pending claim has remained unresolved for more than one year.,Submitted: 2020-06-01 | Pending for approximately 2286 days
FRA-15348,Odisha,Mayurbhanj,DELAYED_CLAIM,HIGH,Pending claim has remained unresolved for more than one year.,Submitted: 2024-06-09 | Pending for approximately 817 days
FRA-15350,Chhattisgarh,Kanker,DELAYED_CLAIM,HIGH,Pending claim has remained unresolved for more than one year.,Submitted: 2022-03-02 | Pending for approximately 1647 days
FRA-15354,Gujarat,Narmada,DELAYED_CLAIM,HIGH,Pending claim has remained unresolved for more than one year.,Submitted: 2022-01-17 | Pending for approximately 1691 days
FRA-15360,Jharkhand,West Singhbhum,DELAYED_CLAIM,HIGH,Pending claim has remained unresolved for more than one year.,Submitted: 2020-03-04 | Pending for approximately 2375 days
FRA-15364,Chhattisgarh,Surguja,DELAYED_CLAIM,HIGH,Pending claim has remained unresolved for more than one year.,Submitted: 2022-08-19 | Pending for approximately 1477 days
FRA-15367,Maharashtra,Gadchiroli,DELAYED_CLAIM,MEDIUM,Pending claim has remained unresolved for more than one year.,Submitted: 2025-07-27 | Pending for approximately 404 days
FRA-15368,Rajasthan,Sirohi,DELAYED_CLAIM,HIGH,Pending claim has remained unresolved for more than one year.,Submitted: 2021-10-26 | Pending for approximately 1774 days
FRA-15370,Madhya Pradesh,Mandla,DELAYED_CLAIM,HIGH,Pending claim has remained unresolved for more than one year.,Submitted: 2021-11-27 | Pending for approximately 1742 days
FRA-15371,Maharashtra,Amravati,DELAYED_CLAIM,MEDIUM,Pending claim has remained unresolved for more than one year.,Submitted: 2025-06-25 | Pending for approximately 436 days
FRA-15374,Madhya Pradesh,Dindori,DELAYED_CLAIM,HIGH,Pending claim has remained unresolved for more than one year.,Submitted: 2020-04-03 | Pending for approximately 2345 days
FRA-15375,Odisha,Kandhamal,DELAYED_CLAIM,HIGH,Pending claim has remained unresolved for more than one year.,Submitted: 2020-04-11 | Pending for approximately 2337 days
FRA-15378,Odisha,Mayurbhanj,DELAYED_CLAIM,HIGH,Pending claim has remained unresolved for more than one year.,Submitted: 2023-07-21 | Pending for approximately 1141 days
FRA-15379,Odisha,Sundargarh,DELAYED_CLAIM,HIGH,Pending claim has remained unresolved for more than one year.,Submitted: 2020-01-06 | Pending for approximately 2433 days
FRA-15391,Chhattisgarh,Surguja,DELAYED_CLAIM,HIGH,Pending claim has remained unresolved for more than one year.,Submitted: 2021-02-17 | Pending for approximately 2025 days
FRA-15398,Jharkhand,Gumla,DELAYED_CLAIM,MEDIUM,Pending claim has remained unresolved for more than one year.,Submitted: 2025-01-14 | Pending for approximately 598 days
FRA-15399,Maharashtra,Nandurbar,DELAYED_CLAIM,HIGH,Pending claim has remained unresolved for more than one year.,Submitted: 2021-06-14 | Pending for approximately 1908 days
FRA-15402,Gujarat,Valsad,DELAYED_CLAIM,HIGH,Pending claim has remained unresolved for more than one year.,Submitted: 2021-10-11 | Pending for approximately 1789 days
FRA-15411,Madhya Pradesh,Dindori,DELAYED_CLAIM,HIGH,Pending claim has remained unresolved for more than one year.,Submitted: 2022-07-23 | Pending for approximately 1504 days
FRA-15412,Jharkhand,Ranchi,DELAYED_CLAIM,HIGH,Pending claim has remained unresolved for more than one year.,Submitted: 2020-10-30 | Pending for approximately 2135 days
FRA-15415,Maharashtra,Nashik,DELAYED_CLAIM,MEDIUM,Pending claim has remained unresolved for more than one year.,Submitted: 2025-07-28 | Pending for approximately 403 days
FRA-15426,Maharashtra,Gadchiroli,DELAYED_CLAIM,HIGH,Pending claim has remained unresolved for more than one year.,Submitted: 2024-04-18 | Pending for approximately 869 days
FRA-15437,Gujarat,Bharuch,DELAYED_CLAIM,HIGH,Pending claim has remained unresolved for more than one year.,Submitted: 2023-11-11 | Pending for approximately 1028 days
FRA-15444,Madhya Pradesh,Chhindwara,DELAYED_CLAIM,MEDIUM,Pending claim has remained unresolved for more than one year.,Submitted: 2025-04-27 | Pending for approximately 495 days
FRA-15447,Odisha,Sundargarh,DELAYED_CLAIM,HIGH,Pending claim has remained unresolved for more than one year.,Submitted: 2023-09-02 | Pending for approximately 1098 days
FRA-15448,Madhya Pradesh,Mandla,DELAYED_CLAIM,HIGH,Pending claim has remained unresolved for more than one year.,Submitted: 2023-11-29 | Pending for approximately 1010 days
FRA-15455,Chhattisgarh,Surguja,DELAYED_CLAIM,HIGH,Pending claim has remained unresolved for more than one year.,Submitted: 2024-05-14 | Pending for approximately 843 days
FRA-15457,Chhattisgarh,Kanker,DELAYED_CLAIM,HIGH,Pending claim has remained unresolved for more than one year.,Submitted: 2020-11-10 | Pending for approximately 2124 days
FRA-15462,Rajasthan,Sirohi,DELAYED_CLAIM,HIGH,Pending claim has remained unresolved for more than one year.,Submitted: 2021-08-11 | Pending for approximately 1850 days
FRA-15464,Gujarat,Dangs,DELAYED_CLAIM,HIGH,Pending claim has remained unresolved for more than one year.,Submitted: 2023-07-22 | Pending for approximately 1140 days
FRA-15470,Jharkhand,West Singhbhum,DELAYED_CLAIM,HIGH,Pending claim has remained unresolved for more than one year.,Submitted: 2023-06-18 | Pending for approximately 1174 days
FRA-15473,Chhattisgarh,Bastar,DELAYED_CLAIM,HIGH,Pending claim has remained unresolved for more than one year.,Submitted: 2021-05-08 | Pending for approximately 1945 days
FRA-15477,Odisha,Koraput,DELAYED_CLAIM,HIGH,Pending claim has remained unresolved for more than one year.,Submitted: 2023-09-02 | Pending for approximately 1098 days
FRA-15480,Maharashtra,Gadchiroli,DELAYED_CLAIM,HIGH,Pending claim has remained unresolved for more than one year.,Submitted: 2021-11-11 | Pending for approximately 1758 days
FRA-15491,Odisha,Mayurbhanj,DELAYED_CLAIM,HIGH,Pending claim has remained unresolved for more than one year.,Submitted: 2022-10-16 | Pending for approximately 1419 days
FRA-15493,Jharkhand,West Singhbhum,DELAYED_CLAIM,HIGH,Pending claim has remained unresolved for more than one year.,Submitted: 2024-04-15 | Pending for approximately 872 days
FRA-15501,Jharkhand,Latehar,DELAYED_CLAIM,HIGH,Pending claim has remained unresolved for more than one year.,Submitted: 2023-05-19 | Pending for approximately 1204 days
FRA-15503,Chhattisgarh,Bastar,DELAYED_CLAIM,HIGH,Pending claim has remained unresolved for more than one year.,Submitted: 2023-01-05 | Pending for approximately 1338 days
FRA-15506,Jharkhand,West Singhbhum,DELAYED_CLAIM,MEDIUM,Pending claim has remained unresolved for more than one year.,Submitted: 2025-03-12 | Pending for approximately 541 days
FRA-15508,Gujarat,Narmada,DELAYED_CLAIM,HIGH,Pending claim has remained unresolved for more than one year.,Submitted: 2021-08-05 | Pending for approximately 1856 days
FRA-15510,Maharashtra,Gadchiroli,DELAYED_CLAIM,HIGH,Pending claim has remained unresolved for more than one year.,Submitted: 2021-09-02 | Pending for approximately 1828 days
FRA-15515,Rajasthan,Udaipur,DELAYED_CLAIM,HIGH,Pending claim has remained unresolved for more than one year.,Submitted: 2022-11-14 | Pending for approximately 1390 days
FRA-15519,Odisha,Mayurbhanj,DELAYED_CLAIM,HIGH,Pending claim has remained unresolved for more than one year.,Submitted: 2021-12-02 | Pending for approximately 1737 days
FRA-15523,Jharkhand,Latehar,DELAYED_CLAIM,HIGH,Pending claim has remained unresolved for more than one year.,Submitted: 2022-01-14 | Pending for approximately 1694 days
FRA-15529,Gujarat,Valsad,DELAYED_CLAIM,HIGH,Pending claim has remained unresolved for more than one year.,Submitted: 2021-06-15 | Pending for approximately 1907 days
FRA-15530,Jharkhand,Gumla,DELAYED_CLAIM,MEDIUM,Pending claim has remained unresolved for more than one year.,Submitted: 2025-03-09 | Pending for approximately 544 days
FRA-15536,Odisha,Kandhamal,DELAYED_CLAIM,HIGH,Pending claim has remained unresolved for more than one year.,Submitted: 2021-07-21 | Pending for approximately 1871 days
FRA-15539,Madhya Pradesh,Betul,DELAYED_CLAIM,HIGH,Pending claim has remained unresolved for more than one year.,Submitted: 2023-09-19 | Pending for approximately 1081 days
FRA-15547,Chhattisgarh,Surguja,DELAYED_CLAIM,MEDIUM,Pending claim has remained unresolved for more than one year.,Submitted: 2024-11-06 | Pending for approximately 667 days
FRA-15548,Maharashtra,Nandurbar,DELAYED_CLAIM,HIGH,Pending claim has remained unresolved for more than one year.,Submitted: 2023-11-11 | Pending for approximately 1028 days
FRA-15550,Chhattisgarh,Kanker,DELAYED_CLAIM,HIGH,Pending claim has remained unresolved for more than one year.,Submitted: 2023-09-18 | Pending for approximately 1082 days
FRA-15554,Jharkhand,Ranchi,DELAYED_CLAIM,HIGH,Pending claim has remained unresolved for more than one year.,Submitted: 2020-02-04 | Pending for approximately 2404 days
FRA-15556,Chhattisgarh,Bastar,DELAYED_CLAIM,MEDIUM,Pending claim has remained unresolved for more than one year.,Submitted: 2025-01-27 | Pending for approximately 585 days
FRA-15560,Rajasthan,Sirohi,DELAYED_CLAIM,HIGH,Pending claim has remained unresolved for more than one year.,Submitted: 2023-04-06 | Pending for approximately 1247 days
FRA-15561,Madhya Pradesh,Chhindwara,DELAYED_CLAIM,HIGH,Pending claim has remained unresolved for more than one year.,Submitted: 2020-04-17 | Pending for approximately 2331 days
FRA-15562,Gujarat,Dangs,DELAYED_CLAIM,HIGH,Pending claim has remained unresolved for more than one year.,Submitted: 2024-08-04 | Pending for approximately 761 days
FRA-15564,Gujarat,Bharuch,DELAYED_CLAIM,HIGH,Pending claim has remained unresolved for more than one year.,Submitted: 2023-10-27 | Pending for approximately 1043 days
FRA-15565,Madhya Pradesh,Chhindwara,DELAYED_CLAIM,HIGH,Pending claim has remained unresolved for more than one year.,Submitted: 2021-04-13 | Pending for approximately 1970 days
FRA-15580,Rajasthan,Sirohi,DELAYED_CLAIM,HIGH,Pending claim has remained unresolved for more than one year.,Submitted: 2020-05-18 | Pending for approximately 2300 days
FRA-15584,Madhya Pradesh,Mandla,DELAYED_CLAIM,HIGH,Pending claim has remained unresolved for more than one year.,Submitted: 2022-05-25 | Pending for approximately 1563 days
FRA-15591,Maharashtra,Amravati,DELAYED_CLAIM,HIGH,Pending claim has remained unresolved for more than one year.,Submitted: 2021-07-26 | Pending for approximately 1866 days
FRA-15598,Maharashtra,Yavatmal,DELAYED_CLAIM,HIGH,Pending claim has remained unresolved for more than one year.,Submitted: 2023-05-23 | Pending for approximately 1200 days
FRA-15601,Odisha,Kandhamal,DELAYED_CLAIM,HIGH,Pending claim has remained unresolved for more than one year.,Submitted: 2022-05-18 | Pending for approximately 1570 days
FRA-15603,Chhattisgarh,Dantewada,DELAYED_CLAIM,MEDIUM,Pending claim has remained unresolved for more than one year.,Submitted: 2025-01-29 | Pending for approximately 583 days
FRA-15610,Madhya Pradesh,Dindori,DELAYED_CLAIM,HIGH,Pending claim has remained unresolved for more than one year.,Submitted: 2023-03-20 | Pending for approximately 1264 days
FRA-15611,Odisha,Sundargarh,DELAYED_CLAIM,MEDIUM,Pending claim has remained unresolved for more than one year.,Submitted: 2025-05-07 | Pending for approximately 485 days
FRA-15613,Chhattisgarh,Korba,DELAYED_CLAIM,MEDIUM,Pending claim has remained unresolved for more than one year.,Submitted: 2024-10-09 | Pending for approximately 695 days
FRA-15614,Odisha,Kandhamal,DELAYED_CLAIM,MEDIUM,Pending claim has remained unresolved for more than one year.,Submitted: 2024-10-22 | Pending for approximately 682 days
FRA-15618,Rajasthan,Pratapgarh,DELAYED_CLAIM,MEDIUM,Pending claim has remained unresolved for more than one year.,Submitted: 2024-10-22 | Pending for approximately 682 days
FRA-15625,Gujarat,Tapi,DELAYED_CLAIM,HIGH,Pending claim has remained unresolved for more than one year.,Submitted: 2024-04-27 | Pending for approximately 860 days
FRA-15627,Rajasthan,Sirohi,DELAYED_CLAIM,HIGH,Pending claim has remained unresolved for more than one year.,Submitted: 2021-03-29 | Pending for approximately 1985 days
FRA-15630,Odisha,Mayurbhanj,DELAYED_CLAIM,HIGH,Pending claim has remained unresolved for more than one year.,Submitted: 2020-11-02 | Pending for approximately 2132 days
FRA-15631,Jharkhand,Simdega,DELAYED_CLAIM,HIGH,Pending claim has remained unresolved for more than one year.,Submitted: 2021-07-08 | Pending for approximately 1884 days
FRA-15639,Maharashtra,Nashik,DELAYED_CLAIM,HIGH,Pending claim has remained unresolved for more than one year.,Submitted: 2021-04-25 | Pending for approximately 1958 days
FRA-15641,Rajasthan,Udaipur,DELAYED_CLAIM,HIGH,Pending claim has remained unresolved for more than one year.,Submitted: 2022-05-09 | Pending for approximately 1579 days
FRA-15642,Jharkhand,West Singhbhum,DELAYED_CLAIM,MEDIUM,Pending claim has remained unresolved for more than one year.,Submitted: 2024-10-21 | Pending for approximately 683 days
FRA-15643,Chhattisgarh,Bastar,DELAYED_CLAIM,HIGH,Pending claim has remained unresolved for more than one year.,Submitted: 2021-09-20 | Pending for approximately 1810 days
FRA-15648,Gujarat,Narmada,DELAYED_CLAIM,HIGH,Pending claim has remained unresolved for more than one year.,Submitted: 2021-08-21 | Pending for approximately 1840 days
FRA-15654,Chhattisgarh,Dantewada,DELAYED_CLAIM,MEDIUM,Pending claim has remained unresolved for more than one year.,Submitted: 2024-10-07 | Pending for approximately 697 days
FRA-15656,Madhya Pradesh,Mandla,DELAYED_CLAIM,HIGH,Pending claim has remained unresolved for more than one year.,Submitted: 2023-05-08 | Pending for approximately 1215 days
FRA-15659,Madhya Pradesh,Chhindwara,DELAYED_CLAIM,HIGH,Pending claim has remained unresolved for more than one year.,Submitted: 2024-01-10 | Pending for approximately 968 days
FRA-15662,Rajasthan,Banswara,DELAYED_CLAIM,HIGH,Pending claim has remained unresolved for more than one year.,Submitted: 2023-06-13 | Pending for approximately 1179 days
FRA-15672,Madhya Pradesh,Dindori,DELAYED_CLAIM,HIGH,Pending claim has remained unresolved for more than one year.,Submitted: 2020-05-07 | Pending for approximately 2311 days
FRA-15673,Maharashtra,Nandurbar,DELAYED_CLAIM,HIGH,Pending claim has remained unresolved for more than one year.,Submitted: 2020-01-01 | Pending for approximately 2438 days
FRA-15675,Gujarat,Valsad,DELAYED_CLAIM,HIGH,Pending claim has remained unresolved for more than one year.,Submitted: 2021-03-07 | Pending for approximately 2007 days
FRA-15680,Jharkhand,Latehar,DELAYED_CLAIM,HIGH,Pending claim has remained unresolved for more than one year.,Submitted: 2021-01-26 | Pending for approximately 2047 days
FRA-15683,Chhattisgarh,Kanker,DELAYED_CLAIM,HIGH,Pending claim has remained unresolved for more than one year.,Submitted: 2021-04-19 | Pending for approximately 1964 days
FRA-15691,Rajasthan,Sirohi,DELAYED_CLAIM,HIGH,Pending claim has remained unresolved for more than one year.,Submitted: 2022-12-18 | Pending for approximately 1356 days
FRA-15696,Odisha,Mayurbhanj,DELAYED_CLAIM,MEDIUM,Pending claim has remained unresolved for more than one year.,Submitted: 2025-08-10 | Pending for approximately 390 days
FRA-15697,Gujarat,Tapi,DELAYED_CLAIM,HIGH,Pending claim has remained unresolved for more than one year.,Submitted: 2023-08-12 | Pending for approximately 1119 days
FRA-15699,Chhattisgarh,Bastar,DELAYED_CLAIM,HIGH,Pending claim has remained unresolved for more than one year.,Submitted: 2023-09-15 | Pending for approximately 1085 days
FRA-15702,Gujarat,Dangs,DELAYED_CLAIM,HIGH,Pending claim has remained unresolved for more than one year.,Submitted: 2022-05-31 | Pending for approximately 1557 days
FRA-15708,Jharkhand,Ranchi,DELAYED_CLAIM,HIGH,Pending claim has remained unresolved for more than one year.,Submitted: 2021-01-23 | Pending for approximately 2050 days
FRA-15709,Odisha,Koraput,DELAYED_CLAIM,MEDIUM,Pending claim has remained unresolved for more than one year.,Submitted: 2025-01-05 | Pending for approximately 607 days
FRA-15716,Odisha,Sundargarh,DELAYED_CLAIM,HIGH,Pending claim has remained unresolved for more than one year.,Submitted: 2021-05-27 | Pending for approximately 1926 days
FRA-15718,Jharkhand,West Singhbhum,DELAYED_CLAIM,HIGH,Pending claim has remained unresolved for more than one year.,Submitted: 2021-04-22 | Pending for approximately 1961 days
FRA-15719,Madhya Pradesh,Dindori,DELAYED_CLAIM,HIGH,Pending claim has remained unresolved for more than one year.,Submitted: 2021-03-10 | Pending for approximately 2004 days
FRA-15721,Rajasthan,Udaipur,DELAYED_CLAIM,HIGH,Pending claim has remained unresolved for more than one year.,Submitted: 2021-05-25 | Pending for approximately 1928 days
FRA-15725,Chhattisgarh,Surguja,DELAYED_CLAIM,HIGH,Pending claim has remained unresolved for more than one year.,Submitted: 2021-03-20 | Pending for approximately 1994 days
FRA-15728,Odisha,Koraput,DELAYED_CLAIM,HIGH,Pending claim has remained unresolved for more than one year.,Submitted: 2024-01-12 | Pending for approximately 966 days
FRA-15730,Odisha,Sundargarh,DELAYED_CLAIM,HIGH,Pending claim has remained unresolved for more than one year.,Submitted: 2021-04-10 | Pending for approximately 1973 days
FRA-15731,Chhattisgarh,Kanker,DELAYED_CLAIM,HIGH,Pending claim has remained unresolved for more than one year.,Submitted: 2022-01-23 | Pending for approximately 1685 days
FRA-15739,Jharkhand,West Singhbhum,DELAYED_CLAIM,MEDIUM,Pending claim has remained unresolved for more than one year.,Submitted: 2025-04-27 | Pending for approximately 495 days
FRA-15742,Maharashtra,Nandurbar,DELAYED_CLAIM,MEDIUM,Pending claim has remained unresolved for more than one year.,Submitted: 2025-04-21 | Pending for approximately 501 days
FRA-15749,Chhattisgarh,Korba,DELAYED_CLAIM,HIGH,Pending claim has remained unresolved for more than one year.,Submitted: 2020-03-01 | Pending for approximately 2378 days
FRA-15752,Madhya Pradesh,Betul,DELAYED_CLAIM,HIGH,Pending claim has remained unresolved for more than one year.,Submitted: 2022-12-12 | Pending for approximately 1362 days
FRA-15755,Maharashtra,Gadchiroli,DELAYED_CLAIM,HIGH,Pending claim has remained unresolved for more than one year.,Submitted: 2022-10-20 | Pending for approximately 1415 days
FRA-15759,Odisha,Keonjhar,DELAYED_CLAIM,HIGH,Pending claim has remained unresolved for more than one year.,Submitted: 2020-01-18 | Pending for approximately 2421 days
FRA-15762,Chhattisgarh,Bastar,DELAYED_CLAIM,HIGH,Pending claim has remained unresolved for more than one year.,Submitted: 2024-08-27 | Pending for approximately 738 days
FRA-15763,Odisha,Koraput,DELAYED_CLAIM,HIGH,Pending claim has remained unresolved for more than one year.,Submitted: 2023-11-10 | Pending for approximately 1029 days
FRA-15767,Jharkhand,Simdega,DELAYED_CLAIM,HIGH,Pending claim has remained unresolved for more than one year.,Submitted: 2021-06-21 | Pending for approximately 1901 days
FRA-15769,Rajasthan,Banswara,DELAYED_CLAIM,HIGH,Pending claim has remained unresolved for more than one year.,Submitted: 2023-08-18 | Pending for approximately 1113 days
FRA-15774,Madhya Pradesh,Balaghat,DELAYED_CLAIM,HIGH,Pending claim has remained unresolved for more than one year.,Submitted: 2024-02-16 | Pending for approximately 931 days
FRA-15776,Odisha,Sundargarh,DELAYED_CLAIM,MEDIUM,Pending claim has remained unresolved for more than one year.,Submitted: 2025-05-13 | Pending for approximately 479 days
FRA-15778,Rajasthan,Banswara,DELAYED_CLAIM,HIGH,Pending claim has remained unresolved for more than one year.,Submitted: 2023-03-20 | Pending for approximately 1264 days
FRA-15780,Maharashtra,Yavatmal,DELAYED_CLAIM,HIGH,Pending claim has remained unresolved for more than one year.,Submitted: 2024-04-19 | Pending for approximately 868 days
FRA-15788,Chhattisgarh,Korba,DELAYED_CLAIM,MEDIUM,Pending claim has remained unresolved for more than one year.,Submitted: 2025-08-10 | Pending for approximately 390 days
FRA-15791,Odisha,Kandhamal,DELAYED_CLAIM,HIGH,Pending claim has remained unresolved for more than one year.,Submitted: 2022-12-05 | Pending for approximately 1369 days
FRA-15794,Maharashtra,Nandurbar,DELAYED_CLAIM,HIGH,Pending claim has remained unresolved for more than one year.,Submitted: 2022-09-20 | Pending for approximately 1445 days
FRA-15797,Jharkhand,Simdega,DELAYED_CLAIM,HIGH,Pending claim has remained unresolved for more than one year.,Submitted: 2022-05-10 | Pending for approximately 1578 days
FRA-15801,Jharkhand,Simdega,DELAYED_CLAIM,HIGH,Pending claim has remained unresolved for more than one year.,Submitted: 2024-07-30 | Pending for approximately 766 days
FRA-15802,Madhya Pradesh,Dindori,DELAYED_CLAIM,HIGH,Pending claim has remained unresolved for more than one year.,Submitted: 2024-01-09 | Pending for approximately 969 days
FRA-15803,Gujarat,Valsad,DELAYED_CLAIM,MEDIUM,Pending claim has remained unresolved for more than one year.,Submitted: 2024-09-06 | Pending for approximately 728 days
FRA-15805,Rajasthan,Udaipur,DELAYED_CLAIM,HIGH,Pending claim has remained unresolved for more than one year.,Submitted: 2021-10-15 | Pending for approximately 1785 days
FRA-15811,Maharashtra,Nashik,DELAYED_CLAIM,HIGH,Pending claim has remained unresolved for more than one year.,Submitted: 2023-01-31 | Pending for approximately 1312 days
FRA-15818,Maharashtra,Nashik,DELAYED_CLAIM,MEDIUM,Pending claim has remained unresolved for more than one year.,Submitted: 2025-05-20 | Pending for approximately 472 days
FRA-15819,Maharashtra,Yavatmal,DELAYED_CLAIM,MEDIUM,Pending claim has remained unresolved for more than one year.,Submitted: 2025-03-22 | Pending for approximately 531 days
FRA-15821,Jharkhand,Simdega,DELAYED_CLAIM,HIGH,Pending claim has remained unresolved for more than one year.,Submitted: 2023-08-17 | Pending for approximately 1114 days
FRA-15827,Jharkhand,Gumla,DELAYED_CLAIM,MEDIUM,Pending claim has remained unresolved for more than one year.,Submitted: 2025-01-23 | Pending for approximately 589 days
FRA-15831,Maharashtra,Amravati,DELAYED_CLAIM,HIGH,Pending claim has remained unresolved for more than one year.,Submitted: 2024-05-31 | Pending for approximately 826 days
FRA-15832,Rajasthan,Pratapgarh,DELAYED_CLAIM,MEDIUM,Pending claim has remained unresolved for more than one year.,Submitted: 2025-08-11 | Pending for approximately 389 days
FRA-15839,Jharkhand,West Singhbhum,DELAYED_CLAIM,HIGH,Pending claim has remained unresolved for more than one year.,Submitted: 2020-06-26 | Pending for approximately 2261 days
FRA-15840,Chhattisgarh,Surguja,DELAYED_CLAIM,HIGH,Pending claim has remained unresolved for more than one year.,Submitted: 2021-12-25 | Pending for approximately 1714 days
FRA-15842,Gujarat,Valsad,DELAYED_CLAIM,HIGH,Pending claim has remained unresolved for more than one year.,Submitted: 2022-07-19 | Pending for approximately 1508 days
FRA-15845,Jharkhand,Simdega,DELAYED_CLAIM,HIGH,Pending claim has remained unresolved for more than one year.,Submitted: 2022-05-19 | Pending for approximately 1569 days
FRA-15847,Rajasthan,Banswara,DELAYED_CLAIM,MEDIUM,Pending claim has remained unresolved for more than one year.,Submitted: 2025-05-02 | Pending for approximately 490 days
FRA-15859,Odisha,Kandhamal,DELAYED_CLAIM,HIGH,Pending claim has remained unresolved for more than one year.,Submitted: 2020-03-02 | Pending for approximately 2377 days
FRA-15862,Chhattisgarh,Surguja,DELAYED_CLAIM,HIGH,Pending claim has remained unresolved for more than one year.,Submitted: 2022-01-27 | Pending for approximately 1681 days
FRA-15865,Jharkhand,Ranchi,DELAYED_CLAIM,HIGH,Pending claim has remained unresolved for more than one year.,Submitted: 2023-01-19 | Pending for approximately 1324 days
FRA-15872,Madhya Pradesh,Balaghat,DELAYED_CLAIM,HIGH,Pending claim has remained unresolved for more than one year.,Submitted: 2024-05-24 | Pending for approximately 833 days
FRA-15879,Jharkhand,West Singhbhum,DELAYED_CLAIM,HIGH,Pending claim has remained unresolved for more than one year.,Submitted: 2023-09-01 | Pending for approximately 1099 days
FRA-15883,Chhattisgarh,Bastar,DELAYED_CLAIM,HIGH,Pending claim has remained unresolved for more than one year.,Submitted: 2021-09-18 | Pending for approximately 1812 days
FRA-15885,Chhattisgarh,Korba,DELAYED_CLAIM,HIGH,Pending claim has remained unresolved for more than one year.,Submitted: 2024-08-24 | Pending for approximately 741 days
FRA-15887,Rajasthan,Pratapgarh,DELAYED_CLAIM,HIGH,Pending claim has remained unresolved for more than one year.,Submitted: 2021-01-15 | Pending for approximately 2058 days
FRA-15893,Rajasthan,Banswara,DELAYED_CLAIM,HIGH,Pending claim has remained unresolved for more than one year.,Submitted: 2022-01-21 | Pending for approximately 1687 days
FRA-15895,Chhattisgarh,Korba,DELAYED_CLAIM,HIGH,Pending claim has remained unresolved for more than one year.,Submitted: 2021-08-17 | Pending for approximately 1844 days
FRA-15901,Madhya Pradesh,Mandla,DELAYED_CLAIM,HIGH,Pending claim has remained unresolved for more than one year.,Submitted: 2020-01-24 | Pending for approximately 2415 days
FRA-15904,Rajasthan,Banswara,DELAYED_CLAIM,HIGH,Pending claim has remained unresolved for more than one year.,Submitted: 2021-02-04 | Pending for approximately 2038 days
FRA-15905,Jharkhand,Latehar,DELAYED_CLAIM,HIGH,Pending claim has remained unresolved for more than one year.,Submitted: 2023-06-11 | Pending for approximately 1181 days
FRA-15917,Rajasthan,Pratapgarh,DELAYED_CLAIM,MEDIUM,Pending claim has remained unresolved for more than one year.,Submitted: 2024-11-28 | Pending for approximately 645 days
FRA-15923,Gujarat,Valsad,DELAYED_CLAIM,HIGH,Pending claim has remained unresolved for more than one year.,Submitted: 2024-01-18 | Pending for approximately 960 days
FRA-15925,Odisha,Sundargarh,DELAYED_CLAIM,MEDIUM,Pending claim has remained unresolved for more than one year.,Submitted: 2025-08-23 | Pending for approximately 377 days
FRA-15932,Rajasthan,Udaipur,DELAYED_CLAIM,HIGH,Pending claim has remained unresolved for more than one year.,Submitted: 2024-05-10 | Pending for approximately 847 days
FRA-15935,Rajasthan,Sirohi,DELAYED_CLAIM,HIGH,Pending claim has remained unresolved for more than one year.,Submitted: 2023-06-15 | Pending for approximately 1177 days
FRA-15937,Madhya Pradesh,Dindori,DELAYED_CLAIM,HIGH,Pending claim has remained unresolved for more than one year.,Submitted: 2023-08-31 | Pending for approximately 1100 days
FRA-15940,Rajasthan,Udaipur,DELAYED_CLAIM,HIGH,Pending claim has remained unresolved for more than one year.,Submitted: 2021-02-13 | Pending for approximately 2029 days
FRA-15941,Gujarat,Dangs,DELAYED_CLAIM,HIGH,Pending claim has remained unresolved for more than one year.,Submitted: 2021-04-24 | Pending for approximately 1959 days
FRA-15946,Rajasthan,Sirohi,DELAYED_CLAIM,HIGH,Pending claim has remained unresolved for more than one year.,Submitted: 2023-09-30 | Pending for approximately 1070 days
FRA-15949,Jharkhand,Latehar,DELAYED_CLAIM,HIGH,Pending claim has remained unresolved for more than one year.,Submitted: 2023-10-21 | Pending for approximately 1049 days
FRA-15955,Odisha,Mayurbhanj,DELAYED_CLAIM,MEDIUM,Pending claim has remained unresolved for more than one year.,Submitted: 2025-03-09 | Pending for approximately 544 days
FRA-15956,Gujarat,Narmada,DELAYED_CLAIM,HIGH,Pending claim has remained unresolved for more than one year.,Submitted: 2023-10-28 | Pending for approximately 1042 days
FRA-15961,Maharashtra,Nandurbar,DELAYED_CLAIM,HIGH,Pending claim has remained unresolved for more than one year.,Submitted: 2024-07-28 | Pending for approximately 768 days
FRA-15966,Madhya Pradesh,Dindori,DELAYED_CLAIM,HIGH,Pending claim has remained unresolved for more than one year.,Submitted: 2020-12-26 | Pending for approximately 2078 days
FRA-15969,Jharkhand,Latehar,DELAYED_CLAIM,HIGH,Pending claim has remained unresolved for more than one year.,Submitted: 2022-10-07 | Pending for approximately 1428 days
FRA-15970,Gujarat,Dangs,DELAYED_CLAIM,HIGH,Pending claim has remained unresolved for more than one year.,Submitted: 2020-11-04 | Pending for approximately 2130 days
FRA-15974,Maharashtra,Nandurbar,DELAYED_CLAIM,MEDIUM,Pending claim has remained unresolved for more than one year.,Submitted: 2025-05-19 | Pending for approximately 473 days
FRA-15979,Gujarat,Bharuch,DELAYED_CLAIM,MEDIUM,Pending claim has remained unresolved for more than one year.,Submitted: 2024-09-28 | Pending for approximately 706 days
FRA-15983,Madhya Pradesh,Balaghat,DELAYED_CLAIM,HIGH,Pending claim has remained unresolved for more than one year.,Submitted: 2023-05-12 | Pending for approximately 1211 days
FRA-15984,Odisha,Koraput,DELAYED_CLAIM,HIGH,Pending claim has remained unresolved for more than one year.,Submitted: 2020-10-12 | Pending for approximately 2153 days
FRA-15985,Rajasthan,Udaipur,DELAYED_CLAIM,HIGH,Pending claim has remained unresolved for more than one year.,Submitted: 2023-11-14 | Pending for approximately 1025 days
FRA-15993,Gujarat,Narmada,DELAYED_CLAIM,HIGH,Pending claim has remained unresolved for more than one year.,Submitted: 2023-09-06 | Pending for approximately 1094 days
FRA-15994,Maharashtra,Amravati,DELAYED_CLAIM,HIGH,Pending claim has remained unresolved for more than one year.,Submitted: 2021-04-13 | Pending for approximately 1970 days
FRA-15995,Odisha,Sundargarh,DELAYED_CLAIM,HIGH,Pending claim has remained unresolved for more than one year.,Submitted: 2024-05-06 | Pending for approximately 851 days
FRA-16006,Madhya Pradesh,Chhindwara,DELAYED_CLAIM,MEDIUM,Pending claim has remained unresolved for more than one year.,Submitted: 2024-11-07 | Pending for approximately 666 days
FRA-16008,Chhattisgarh,Kanker,DELAYED_CLAIM,HIGH,Pending claim has remained unresolved for more than one year.,Submitted: 2022-05-06 | Pending for approximately 1582 days
FRA-16013,Jharkhand,Latehar,DELAYED_CLAIM,HIGH,Pending claim has remained unresolved for more than one year.,Submitted: 2020-03-20 | Pending for approximately 2359 days
FRA-16015,Chhattisgarh,Surguja,DELAYED_CLAIM,HIGH,Pending claim has remained unresolved for more than one year.,Submitted: 2020-10-13 | Pending for approximately 2152 days
FRA-16018,Gujarat,Tapi,DELAYED_CLAIM,HIGH,Pending claim has remained unresolved for more than one year.,Submitted: 2024-01-21 | Pending for approximately 957 days
FRA-16020,Jharkhand,Latehar,DELAYED_CLAIM,HIGH,Pending claim has remained unresolved for more than one year.,Submitted: 2022-09-29 | Pending for approximately 1436 days
FRA-16023,Maharashtra,Amravati,DELAYED_CLAIM,MEDIUM,Pending claim has remained unresolved for more than one year.,Submitted: 2024-12-18 | Pending for approximately 625 days
FRA-16033,Maharashtra,Amravati,DELAYED_CLAIM,HIGH,Pending claim has remained unresolved for more than one year.,Submitted: 2022-02-02 | Pending for approximately 1675 days
FRA-16034,Odisha,Koraput,DELAYED_CLAIM,HIGH,Pending claim has remained unresolved for more than one year.,Submitted: 2023-09-20 | Pending for approximately 1080 days
FRA-16036,Chhattisgarh,Surguja,DELAYED_CLAIM,HIGH,Pending claim has remained unresolved for more than one year.,Submitted: 2022-01-20 | Pending for approximately 1688 days
FRA-16040,Jharkhand,West Singhbhum,DELAYED_CLAIM,MEDIUM,Pending claim has remained unresolved for more than one year.,Submitted: 2025-05-08 | Pending for approximately 484 days
FRA-16041,Madhya Pradesh,Dindori,DELAYED_CLAIM,HIGH,Pending claim has remained unresolved for more than one year.,Submitted: 2020-08-28 | Pending for approximately 2198 days
FRA-16044,Jharkhand,Simdega,DELAYED_CLAIM,HIGH,Pending claim has remained unresolved for more than one year.,Submitted: 2021-07-01 | Pending for approximately 1891 days
FRA-16046,Gujarat,Bharuch,DELAYED_CLAIM,HIGH,Pending claim has remained unresolved for more than one year.,Submitted: 2021-09-08 | Pending for approximately 1822 days
FRA-16047,Maharashtra,Gadchiroli,DELAYED_CLAIM,HIGH,Pending claim has remained unresolved for more than one year.,Submitted: 2021-03-12 | Pending for approximately 2002 days
FRA-16052,Odisha,Mayurbhanj,DELAYED_CLAIM,HIGH,Pending claim has remained unresolved for more than one year.,Submitted: 2021-06-05 | Pending for approximately 1917 days
FRA-16055,Chhattisgarh,Korba,DELAYED_CLAIM,HIGH,Pending claim has remained unresolved for more than one year.,Submitted: 2020-06-24 | Pending for approximately 2263 days
FRA-16062,Rajasthan,Udaipur,DELAYED_CLAIM,HIGH,Pending claim has remained unresolved for more than one year.,Submitted: 2021-04-14 | Pending for approximately 1969 days
FRA-16064,Madhya Pradesh,Balaghat,DELAYED_CLAIM,HIGH,Pending claim has remained unresolved for more than one year.,Submitted: 2023-07-31 | Pending for approximately 1131 days
FRA-16065,Gujarat,Bharuch,DELAYED_CLAIM,MEDIUM,Pending claim has remained unresolved for more than one year.,Submitted: 2025-02-10 | Pending for approximately 571 days
FRA-16073,Jharkhand,Ranchi,DELAYED_CLAIM,HIGH,Pending claim has remained unresolved for more than one year.,Submitted: 2023-06-29 | Pending for approximately 1163 days
FRA-16074,Odisha,Sundargarh,DELAYED_CLAIM,HIGH,Pending claim has remained unresolved for more than one year.,Submitted: 2020-12-17 | Pending for approximately 2087 days
FRA-16076,Odisha,Mayurbhanj,DELAYED_CLAIM,HIGH,Pending claim has remained unresolved for more than one year.,Submitted: 2024-03-23 | Pending for approximately 895 days
FRA-16079,Gujarat,Dangs,DELAYED_CLAIM,HIGH,Pending claim has remained unresolved for more than one year.,Submitted: 2021-09-29 | Pending for approximately 1801 days
FRA-16081,Madhya Pradesh,Chhindwara,DELAYED_CLAIM,HIGH,Pending claim has remained unresolved for more than one year.,Submitted: 2022-09-15 | Pending for approximately 1450 days
FRA-16083,Maharashtra,Nashik,DELAYED_CLAIM,HIGH,Pending claim has remained unresolved for more than one year.,Submitted: 2021-05-12 | Pending for approximately 1941 days
FRA-16086,Maharashtra,Gadchiroli,DELAYED_CLAIM,HIGH,Pending claim has remained unresolved for more than one year.,Submitted: 2023-10-13 | Pending for approximately 1057 days
FRA-16088,Odisha,Koraput,DELAYED_CLAIM,HIGH,Pending claim has remained unresolved for more than one year.,Submitted: 2022-12-11 | Pending for approximately 1363 days
FRA-16098,Jharkhand,Ranchi,DELAYED_CLAIM,HIGH,Pending claim has remained unresolved for more than one year.,Submitted: 2021-04-26 | Pending for approximately 1957 days
FRA-16103,Maharashtra,Amravati,DELAYED_CLAIM,HIGH,Pending claim has remained unresolved for more than one year.,Submitted: 2022-07-11 | Pending for approximately 1516 days
FRA-16109,Odisha,Sundargarh,DELAYED_CLAIM,HIGH,Pending claim has remained unresolved for more than one year.,Submitted: 2024-03-15 | Pending for approximately 903 days
FRA-16111,Odisha,Keonjhar,DELAYED_CLAIM,HIGH,Pending claim has remained unresolved for more than one year.,Submitted: 2023-11-21 | Pending for approximately 1018 days
FRA-16117,Chhattisgarh,Bastar,DELAYED_CLAIM,HIGH,Pending claim has remained unresolved for more than one year.,Submitted: 2021-10-12 | Pending for approximately 1788 days
FRA-16126,Odisha,Mayurbhanj,DELAYED_CLAIM,HIGH,Pending claim has remained unresolved for more than one year.,Submitted: 2024-04-22 | Pending for approximately 865 days
FRA-16129,Madhya Pradesh,Chhindwara,DELAYED_CLAIM,HIGH,Pending claim has remained unresolved for more than one year.,Submitted: 2023-03-29 | Pending for approximately 1255 days
FRA-16135,Gujarat,Valsad,DELAYED_CLAIM,HIGH,Pending claim has remained unresolved for more than one year.,Submitted: 2021-12-05 | Pending for approximately 1734 days
FRA-16140,Gujarat,Dangs,DELAYED_CLAIM,MEDIUM,Pending claim has remained unresolved for more than one year.,Submitted: 2025-04-10 | Pending for approximately 512 days
FRA-16141,Jharkhand,Latehar,DELAYED_CLAIM,HIGH,Pending claim has remained unresolved for more than one year.,Submitted: 2021-05-04 | Pending for approximately 1949 days
FRA-16150,Chhattisgarh,Korba,DELAYED_CLAIM,HIGH,Pending claim has remained unresolved for more than one year.,Submitted: 2023-02-03 | Pending for approximately 1309 days
FRA-16151,Maharashtra,Gadchiroli,DELAYED_CLAIM,HIGH,Pending claim has remained unresolved for more than one year.,Submitted: 2024-06-29 | Pending for approximately 797 days
FRA-16152,Odisha,Keonjhar,DELAYED_CLAIM,HIGH,Pending claim has remained unresolved for more than one year.,Submitted: 2021-07-17 | Pending for approximately 1875 days
FRA-16156,Odisha,Mayurbhanj,DELAYED_CLAIM,HIGH,Pending claim has remained unresolved for more than one year.,Submitted: 2021-10-17 | Pending for approximately 1783 days
FRA-16157,Odisha,Koraput,DELAYED_CLAIM,HIGH,Pending claim has remained unresolved for more than one year.,Submitted: 2020-03-01 | Pending for approximately 2378 days
FRA-16159,Odisha,Sundargarh,DELAYED_CLAIM,HIGH,Pending claim has remained unresolved for more than one year.,Submitted: 2020-01-05 | Pending for approximately 2434 days
FRA-16160,Odisha,Keonjhar,DELAYED_CLAIM,HIGH,Pending claim has remained unresolved for more than one year.,Submitted: 2022-11-09 | Pending for approximately 1395 days
FRA-16167,Gujarat,Bharuch,DELAYED_CLAIM,MEDIUM,Pending claim has remained unresolved for more than one year.,Submitted: 2025-03-29 | Pending for approximately 524 days
FRA-16171,Jharkhand,Gumla,DELAYED_CLAIM,HIGH,Pending claim has remained unresolved for more than one year.,Submitted: 2022-10-07 | Pending for approximately 1428 days
FRA-16172,Rajasthan,Pratapgarh,DELAYED_CLAIM,HIGH,Pending claim has remained unresolved for more than one year.,Submitted: 2021-03-31 | Pending for approximately 1983 days
FRA-16180,Chhattisgarh,Surguja,DELAYED_CLAIM,HIGH,Pending claim has remained unresolved for more than one year.,Submitted: 2022-02-28 | Pending for approximately 1649 days
FRA-16183,Madhya Pradesh,Dindori,DELAYED_CLAIM,HIGH,Pending claim has remained unresolved for more than one year.,Submitted: 2022-04-08 | Pending for approximately 1610 days
FRA-16184,Jharkhand,Simdega,DELAYED_CLAIM,HIGH,Pending claim has remained unresolved for more than one year.,Submitted: 2021-02-17 | Pending for approximately 2025 days
FRA-16190,Madhya Pradesh,Dindori,DELAYED_CLAIM,HIGH,Pending claim has remained unresolved for more than one year.,Submitted: 2021-07-22 | Pending for approximately 1870 days
FRA-16191,Chhattisgarh,Surguja,DELAYED_CLAIM,HIGH,Pending claim has remained unresolved for more than one year.,Submitted: 2020-12-23 | Pending for approximately 2081 days
FRA-16199,Chhattisgarh,Dantewada,DELAYED_CLAIM,HIGH,Pending claim has remained unresolved for more than one year.,Submitted: 2021-07-10 | Pending for approximately 1882 days
FRA-16200,Gujarat,Tapi,DELAYED_CLAIM,HIGH,Pending claim has remained unresolved for more than one year.,Submitted: 2024-03-19 | Pending for approximately 899 days
FRA-16202,Maharashtra,Gadchiroli,DELAYED_CLAIM,HIGH,Pending claim has remained unresolved for more than one year.,Submitted: 2020-02-13 | Pending for approximately 2395 days
FRA-16203,Gujarat,Dangs,DELAYED_CLAIM,HIGH,Pending claim has remained unresolved for more than one year.,Submitted: 2021-08-30 | Pending for approximately 1831 days
FRA-16205,Gujarat,Dangs,DELAYED_CLAIM,MEDIUM,Pending claim has remained unresolved for more than one year.,Submitted: 2025-07-18 | Pending for approximately 413 days
FRA-16207,Madhya Pradesh,Betul,DELAYED_CLAIM,HIGH,Pending claim has remained unresolved for more than one year.,Submitted: 2022-09-19 | Pending for approximately 1446 days
FRA-16211,Jharkhand,Gumla,DELAYED_CLAIM,HIGH,Pending claim has remained unresolved for more than one year.,Submitted: 2023-02-06 | Pending for approximately 1306 days
FRA-16212,Rajasthan,Banswara,DELAYED_CLAIM,HIGH,Pending claim has remained unresolved for more than one year.,Submitted: 2021-12-23 | Pending for approximately 1716 days
FRA-16213,Chhattisgarh,Bastar,DELAYED_CLAIM,HIGH,Pending claim has remained unresolved for more than one year.,Submitted: 2022-07-13 | Pending for approximately 1514 days
FRA-16220,Gujarat,Valsad,DELAYED_CLAIM,MEDIUM,Pending claim has remained unresolved for more than one year.,Submitted: 2025-06-27 | Pending for approximately 434 days
FRA-16227,Rajasthan,Pratapgarh,DELAYED_CLAIM,HIGH,Pending claim has remained unresolved for more than one year.,Submitted: 2021-02-05 | Pending for approximately 2037 days
FRA-16228,Odisha,Kandhamal,DELAYED_CLAIM,HIGH,Pending claim has remained unresolved for more than one year.,Submitted: 2020-04-13 | Pending for approximately 2335 days
FRA-16229,Jharkhand,Ranchi,DELAYED_CLAIM,HIGH,Pending claim has remained unresolved for more than one year.,Submitted: 2021-02-24 | Pending for approximately 2018 days
FRA-16230,Odisha,Sundargarh,DELAYED_CLAIM,HIGH,Pending claim has remained unresolved for more than one year.,Submitted: 2021-10-23 | Pending for approximately 1777 days
FRA-16231,Maharashtra,Amravati,DELAYED_CLAIM,HIGH,Pending claim has remained unresolved for more than one year.,Submitted: 2021-07-10 | Pending for approximately 1882 days
FRA-16232,Chhattisgarh,Surguja,DELAYED_CLAIM,HIGH,Pending claim has remained unresolved for more than one year.,Submitted: 2022-01-16 | Pending for approximately 1692 days
FRA-16239,Rajasthan,Dungarpur,DELAYED_CLAIM,HIGH,Pending claim has remained unresolved for more than one year.,Submitted: 2022-02-18 | Pending for approximately 1659 days
FRA-16240,Gujarat,Narmada,DELAYED_CLAIM,HIGH,Pending claim has remained unresolved for more than one year.,Submitted: 2020-01-25 | Pending for approximately 2414 days
FRA-16246,Jharkhand,Gumla,DELAYED_CLAIM,MEDIUM,Pending claim has remained unresolved for more than one year.,Submitted: 2025-03-06 | Pending for approximately 547 days
FRA-16248,Rajasthan,Udaipur,DELAYED_CLAIM,HIGH,Pending claim has remained unresolved for more than one year.,Submitted: 2021-05-27 | Pending for approximately 1926 days
FRA-16252,Rajasthan,Pratapgarh,DELAYED_CLAIM,HIGH,Pending claim has remained unresolved for more than one year.,Submitted: 2021-05-30 | Pending for approximately 1923 days
FRA-16253,Gujarat,Dangs,DELAYED_CLAIM,HIGH,Pending claim has remained unresolved for more than one year.,Submitted: 2023-07-30 | Pending for approximately 1132 days
FRA-16259,Jharkhand,Latehar,DELAYED_CLAIM,HIGH,Pending claim has remained unresolved for more than one year.,Submitted: 2020-07-20 | Pending for approximately 2237 days
FRA-16260,Chhattisgarh,Bastar,DELAYED_CLAIM,HIGH,Pending claim has remained unresolved for more than one year.,Submitted: 2022-07-17 | Pending for approximately 1510 days
FRA-16263,Madhya Pradesh,Betul,DELAYED_CLAIM,HIGH,Pending claim has remained unresolved for more than one year.,Submitted: 2021-03-14 | Pending for approximately 2000 days
FRA-16264,Gujarat,Dangs,DELAYED_CLAIM,HIGH,Pending claim has remained unresolved for more than one year.,Submitted: 2021-08-16 | Pending for approximately 1845 days
FRA-16265,Madhya Pradesh,Mandla,DELAYED_CLAIM,MEDIUM,Pending claim has remained unresolved for more than one year.,Submitted: 2024-10-24 | Pending for approximately 680 days
FRA-16269,Madhya Pradesh,Mandla,DELAYED_CLAIM,HIGH,Pending claim has remained unresolved for more than one year.,Submitted: 2022-01-01 | Pending for approximately 1707 days
FRA-16270,Gujarat,Valsad,DELAYED_CLAIM,HIGH,Pending claim has remained unresolved for more than one year.,Submitted: 2021-05-07 | Pending for approximately 1946 days
FRA-16275,Maharashtra,Nandurbar,DELAYED_CLAIM,HIGH,Pending claim has remained unresolved for more than one year.,Submitted: 2021-05-16 | Pending for approximately 1937 days
FRA-16283,Odisha,Koraput,DELAYED_CLAIM,MEDIUM,Pending claim has remained unresolved for more than one year.,Submitted: 2024-11-27 | Pending for approximately 646 days
FRA-16284,Rajasthan,Dungarpur,DELAYED_CLAIM,HIGH,Pending claim has remained unresolved for more than one year.,Submitted: 2021-09-30 | Pending for approximately 1800 days
FRA-16286,Jharkhand,Latehar,DELAYED_CLAIM,HIGH,Pending claim has remained unresolved for more than one year.,Submitted: 2021-09-15 | Pending for approximately 1815 days
FRA-16287,Madhya Pradesh,Betul,DELAYED_CLAIM,HIGH,Pending claim has remained unresolved for more than one year.,Submitted: 2021-03-20 | Pending for approximately 1994 days
FRA-16297,Maharashtra,Nashik,DELAYED_CLAIM,HIGH,Pending claim has remained unresolved for more than one year.,Submitted: 2021-09-21 | Pending for approximately 1809 days
FRA-16305,Odisha,Mayurbhanj,DELAYED_CLAIM,MEDIUM,Pending claim has remained unresolved for more than one year.,Submitted: 2025-01-30 | Pending for approximately 582 days
FRA-16309,Odisha,Koraput,DELAYED_CLAIM,HIGH,Pending claim has remained unresolved for more than one year.,Submitted: 2020-02-13 | Pending for approximately 2395 days
FRA-16310,Odisha,Sundargarh,DELAYED_CLAIM,MEDIUM,Pending claim has remained unresolved for more than one year.,Submitted: 2025-06-25 | Pending for approximately 436 days
FRA-16312,Madhya Pradesh,Balaghat,DELAYED_CLAIM,HIGH,Pending claim has remained unresolved for more than one year.,Submitted: 2021-04-07 | Pending for approximately 1976 days
FRA-16313,Rajasthan,Udaipur,DELAYED_CLAIM,HIGH,Pending claim has remained unresolved for more than one year.,Submitted: 2022-12-28 | Pending for approximately 1346 days
FRA-16316,Gujarat,Bharuch,DELAYED_CLAIM,HIGH,Pending claim has remained unresolved for more than one year.,Submitted: 2020-07-08 | Pending for approximately 2249 days
FRA-16321,Odisha,Mayurbhanj,DELAYED_CLAIM,HIGH,Pending claim has remained unresolved for more than one year.,Submitted: 2023-11-27 | Pending for approximately 1012 days
FRA-16341,Odisha,Sundargarh,DELAYED_CLAIM,HIGH,Pending claim has remained unresolved for more than one year.,Submitted: 2021-10-07 | Pending for approximately 1793 days
FRA-16343,Jharkhand,Simdega,DELAYED_CLAIM,HIGH,Pending claim has remained unresolved for more than one year.,Submitted: 2023-02-22 | Pending for approximately 1290 days
FRA-16344,Odisha,Keonjhar,DELAYED_CLAIM,HIGH,Pending claim has remained unresolved for more than one year.,Submitted: 2020-11-23 | Pending for approximately 2111 days
FRA-16345,Maharashtra,Nandurbar,DELAYED_CLAIM,HIGH,Pending claim has remained unresolved for more than one year.,Submitted: 2021-08-20 | Pending for approximately 1841 days
FRA-16348,Chhattisgarh,Korba,DELAYED_CLAIM,HIGH,Pending claim has remained unresolved for more than one year.,Submitted: 2020-01-11 | Pending for approximately 2428 days
FRA-16350,Chhattisgarh,Dantewada,DELAYED_CLAIM,MEDIUM,Pending claim has remained unresolved for more than one year.,Submitted: 2025-04-13 | Pending for approximately 509 days
FRA-16364,Maharashtra,Gadchiroli,DELAYED_CLAIM,HIGH,Pending claim has remained unresolved for more than one year.,Submitted: 2020-06-30 | Pending for approximately 2257 days
FRA-16371,Gujarat,Tapi,DELAYED_CLAIM,HIGH,Pending claim has remained unresolved for more than one year.,Submitted: 2020-11-17 | Pending for approximately 2117 days
FRA-16372,Rajasthan,Udaipur,DELAYED_CLAIM,HIGH,Pending claim has remained unresolved for more than one year.,Submitted: 2020-06-05 | Pending for approximately 2282 days
FRA-16379,Madhya Pradesh,Balaghat,DELAYED_CLAIM,HIGH,Pending claim has remained unresolved for more than one year.,Submitted: 2021-02-10 | Pending for approximately 2032 days
FRA-16382,Maharashtra,Nandurbar,DELAYED_CLAIM,HIGH,Pending claim has remained unresolved for more than one year.,Submitted: 2021-10-05 | Pending for approximately 1795 days
FRA-16383,Odisha,Sundargarh,DELAYED_CLAIM,HIGH,Pending claim has remained unresolved for more than one year.,Submitted: 2022-11-21 | Pending for approximately 1383 days
FRA-16388,Rajasthan,Udaipur,DELAYED_CLAIM,HIGH,Pending claim has remained unresolved for more than one year.,Submitted: 2021-11-17 | Pending for approximately 1752 days
FRA-16391,Maharashtra,Amravati,DELAYED_CLAIM,HIGH,Pending claim has remained unresolved for more than one year.,Submitted: 2022-03-05 | Pending for approximately 1644 days
FRA-16393,Chhattisgarh,Kanker,DELAYED_CLAIM,HIGH,Pending claim has remained unresolved for more than one year.,Submitted: 2021-03-25 | Pending for approximately 1989 days
FRA-16399,Jharkhand,Gumla,DELAYED_CLAIM,MEDIUM,Pending claim has remained unresolved for more than one year.,Submitted: 2025-06-28 | Pending for approximately 433 days
FRA-16403,Madhya Pradesh,Mandla,DELAYED_CLAIM,HIGH,Pending claim has remained unresolved for more than one year.,Submitted: 2024-01-31 | Pending for approximately 947 days
FRA-16404,Maharashtra,Nandurbar,DELAYED_CLAIM,HIGH,Pending claim has remained unresolved for more than one year.,Submitted: 2020-11-28 | Pending for approximately 2106 days
FRA-16406,Rajasthan,Dungarpur,DELAYED_CLAIM,MEDIUM,Pending claim has remained unresolved for more than one year.,Submitted: 2024-12-31 | Pending for approximately 612 days
FRA-16409,Maharashtra,Gadchiroli,DELAYED_CLAIM,HIGH,Pending claim has remained unresolved for more than one year.,Submitted: 2022-02-09 | Pending for approximately 1668 days
FRA-16410,Jharkhand,Gumla,DELAYED_CLAIM,HIGH,Pending claim has remained unresolved for more than one year.,Submitted: 2024-02-23 | Pending for approximately 924 days
FRA-16413,Gujarat,Bharuch,DELAYED_CLAIM,HIGH,Pending claim has remained unresolved for more than one year.,Submitted: 2021-03-07 | Pending for approximately 2007 days
FRA-16417,Jharkhand,Simdega,DELAYED_CLAIM,HIGH,Pending claim has remained unresolved for more than one year.,Submitted: 2021-04-26 | Pending for approximately 1957 days
FRA-16419,Gujarat,Tapi,DELAYED_CLAIM,HIGH,Pending claim has remained unresolved for more than one year.,Submitted: 2024-04-04 | Pending for approximately 883 days
FRA-16420,Gujarat,Narmada,DELAYED_CLAIM,MEDIUM,Pending claim has remained unresolved for more than one year.,Submitted: 2024-11-15 | Pending for approximately 658 days
FRA-16421,Jharkhand,Latehar,DELAYED_CLAIM,HIGH,Pending claim has remained unresolved for more than one year.,Submitted: 2023-03-25 | Pending for approximately 1259 days
FRA-16426,Jharkhand,Latehar,DELAYED_CLAIM,HIGH,Pending claim has remained unresolved for more than one year.,Submitted: 2022-10-19 | Pending for approximately 1416 days
FRA-16428,Chhattisgarh,Bastar,DELAYED_CLAIM,HIGH,Pending claim has remained unresolved for more than one year.,Submitted: 2020-04-07 | Pending for approximately 2341 days
FRA-16429,Madhya Pradesh,Balaghat,DELAYED_CLAIM,MEDIUM,Pending claim has remained unresolved for more than one year.,Submitted: 2024-11-07 | Pending for approximately 666 days
FRA-16431,Rajasthan,Sirohi,DELAYED_CLAIM,HIGH,Pending claim has remained unresolved for more than one year.,Submitted: 2022-04-06 | Pending for approximately 1612 days
FRA-16437,Rajasthan,Sirohi,DELAYED_CLAIM,HIGH,Pending claim has remained unresolved for more than one year.,Submitted: 2022-02-09 | Pending for approximately 1668 days
FRA-16439,Chhattisgarh,Dantewada,DELAYED_CLAIM,MEDIUM,Pending claim has remained unresolved for more than one year.,Submitted: 2025-02-15 | Pending for approximately 566 days
FRA-16447,Jharkhand,Gumla,DELAYED_CLAIM,HIGH,Pending claim has remained unresolved for more than one year.,Submitted: 2022-07-12 | Pending for approximately 1515 days
FRA-16452,Rajasthan,Dungarpur,DELAYED_CLAIM,HIGH,Pending claim has remained unresolved for more than one year.,Submitted: 2020-07-11 | Pending for approximately 2246 days
FRA-16456,Rajasthan,Banswara,DELAYED_CLAIM,HIGH,Pending claim has remained unresolved for more than one year.,Submitted: 2021-05-10 | Pending for approximately 1943 days
FRA-16457,Jharkhand,Ranchi,DELAYED_CLAIM,HIGH,Pending claim has remained unresolved for more than one year.,Submitted: 2023-05-22 | Pending for approximately 1201 days
FRA-16458,Madhya Pradesh,Balaghat,DELAYED_CLAIM,HIGH,Pending claim has remained unresolved for more than one year.,Submitted: 2024-05-09 | Pending for approximately 848 days
FRA-16462,Maharashtra,Nashik,DELAYED_CLAIM,HIGH,Pending claim has remained unresolved for more than one year.,Submitted: 2023-04-27 | Pending for approximately 1226 days
FRA-16468,Rajasthan,Dungarpur,DELAYED_CLAIM,HIGH,Pending claim has remained unresolved for more than one year.,Submitted: 2022-02-21 | Pending for approximately 1656 days
FRA-16474,Gujarat,Tapi,DELAYED_CLAIM,MEDIUM,Pending claim has remained unresolved for more than one year.,Submitted: 2025-05-27 | Pending for approximately 465 days
FRA-16479,Madhya Pradesh,Dindori,DELAYED_CLAIM,HIGH,Pending claim has remained unresolved for more than one year.,Submitted: 2021-06-11 | Pending for approximately 1911 days
FRA-16482,Maharashtra,Nashik,DELAYED_CLAIM,HIGH,Pending claim has remained unresolved for more than one year.,Submitted: 2024-09-03 | Pending for approximately 731 days
FRA-16487,Odisha,Sundargarh,DELAYED_CLAIM,HIGH,Pending claim has remained unresolved for more than one year.,Submitted: 2024-01-04 | Pending for approximately 974 days
FRA-16488,Gujarat,Tapi,DELAYED_CLAIM,MEDIUM,Pending claim has remained unresolved for more than one year.,Submitted: 2024-12-11 | Pending for approximately 632 days
FRA-16499,Chhattisgarh,Dantewada,DELAYED_CLAIM,HIGH,Pending claim has remained unresolved for more than one year.,Submitted: 2024-02-25 | Pending for approximately 922 days
FRA-16504,Odisha,Keonjhar,DELAYED_CLAIM,HIGH,Pending claim has remained unresolved for more than one year.,Submitted: 2024-03-10 | Pending for approximately 908 days
FRA-16515,Maharashtra,Amravati,DELAYED_CLAIM,HIGH,Pending claim has remained unresolved for more than one year.,Submitted: 2021-05-23 | Pending for approximately 1930 days
FRA-16518,Jharkhand,Ranchi,DELAYED_CLAIM,HIGH,Pending claim has remained unresolved for more than one year.,Submitted: 2024-07-21 | Pending for approximately 775 days
FRA-16526,Chhattisgarh,Dantewada,DELAYED_CLAIM,MEDIUM,Pending claim has remained unresolved for more than one year.,Submitted: 2025-03-26 | Pending for approximately 527 days
FRA-16529,Madhya Pradesh,Mandla,DELAYED_CLAIM,HIGH,Pending claim has remained unresolved for more than one year.,Submitted: 2022-09-17 | Pending for approximately 1448 days
FRA-16533,Odisha,Sundargarh,DELAYED_CLAIM,HIGH,Pending claim has remained unresolved for more than one year.,Submitted: 2024-01-21 | Pending for approximately 957 days
FRA-16534,Madhya Pradesh,Chhindwara,DELAYED_CLAIM,HIGH,Pending claim has remained unresolved for more than one year.,Submitted: 2021-05-25 | Pending for approximately 1928 days
FRA-16538,Chhattisgarh,Dantewada,DELAYED_CLAIM,HIGH,Pending claim has remained unresolved for more than one year.,Submitted: 2022-08-27 | Pending for approximately 1469 days
FRA-16540,Maharashtra,Amravati,DELAYED_CLAIM,HIGH,Pending claim has remained unresolved for more than one year.,Submitted: 2021-07-22 | Pending for approximately 1870 days
FRA-16541,Maharashtra,Yavatmal,DELAYED_CLAIM,HIGH,Pending claim has remained unresolved for more than one year.,Submitted: 2020-12-05 | Pending for approximately 2099 days
FRA-16543,Maharashtra,Gadchiroli,DELAYED_CLAIM,MEDIUM,Pending claim has remained unresolved for more than one year.,Submitted: 2025-08-10 | Pending for approximately 390 days
FRA-16548,Madhya Pradesh,Dindori,DELAYED_CLAIM,HIGH,Pending claim has remained unresolved for more than one year.,Submitted: 2021-04-13 | Pending for approximately 1970 days
FRA-16553,Chhattisgarh,Kanker,DELAYED_CLAIM,HIGH,Pending claim has remained unresolved for more than one year.,Submitted: 2021-06-05 | Pending for approximately 1917 days
FRA-16555,Jharkhand,Simdega,DELAYED_CLAIM,HIGH,Pending claim has remained unresolved for more than one year.,Submitted: 2023-03-30 | Pending for approximately 1254 days
FRA-16556,Madhya Pradesh,Mandla,DELAYED_CLAIM,HIGH,Pending claim has remained unresolved for more than one year.,Submitted: 2021-08-29 | Pending for approximately 1832 days
FRA-16559,Maharashtra,Nandurbar,DELAYED_CLAIM,HIGH,Pending claim has remained unresolved for more than one year.,Submitted: 2021-01-07 | Pending for approximately 2066 days
FRA-16560,Rajasthan,Pratapgarh,DELAYED_CLAIM,MEDIUM,Pending claim has remained unresolved for more than one year.,Submitted: 2024-09-22 | Pending for approximately 712 days
FRA-16564,Maharashtra,Nandurbar,DELAYED_CLAIM,HIGH,Pending claim has remained unresolved for more than one year.,Submitted: 2020-07-04 | Pending for approximately 2253 days
FRA-16565,Odisha,Keonjhar,DELAYED_CLAIM,HIGH,Pending claim has remained unresolved for more than one year.,Submitted: 2023-07-18 | Pending for approximately 1144 days
FRA-16568,Rajasthan,Banswara,DELAYED_CLAIM,MEDIUM,Pending claim has remained unresolved for more than one year.,Submitted: 2025-08-03 | Pending for approximately 397 days
FRA-16577,Gujarat,Dangs,DELAYED_CLAIM,HIGH,Pending claim has remained unresolved for more than one year.,Submitted: 2020-02-23 | Pending for approximately 2385 days
FRA-16578,Madhya Pradesh,Betul,DELAYED_CLAIM,MEDIUM,Pending claim has remained unresolved for more than one year.,Submitted: 2025-04-16 | Pending for approximately 506 days
FRA-16581,Chhattisgarh,Dantewada,DELAYED_CLAIM,HIGH,Pending claim has remained unresolved for more than one year.,Submitted: 2021-07-03 | Pending for approximately 1889 days
FRA-16585,Gujarat,Bharuch,DELAYED_CLAIM,HIGH,Pending claim has remained unresolved for more than one year.,Submitted: 2024-07-31 | Pending for approximately 765 days
FRA-16587,Gujarat,Valsad,DELAYED_CLAIM,HIGH,Pending claim has remained unresolved for more than one year.,Submitted: 2021-11-26 | Pending for approximately 1743 days
FRA-16590,Rajasthan,Udaipur,DELAYED_CLAIM,HIGH,Pending claim has remained unresolved for more than one year.,Submitted: 2022-01-27 | Pending for approximately 1681 days
FRA-16592,Chhattisgarh,Bastar,DELAYED_CLAIM,MEDIUM,Pending claim has remained unresolved for more than one year.,Submitted: 2025-07-20 | Pending for approximately 411 days
FRA-16595,Jharkhand,Simdega,DELAYED_CLAIM,HIGH,Pending claim has remained unresolved for more than one year.,Submitted: 2024-08-05 | Pending for approximately 760 days
FRA-16598,Chhattisgarh,Korba,DELAYED_CLAIM,HIGH,Pending claim has remained unresolved for more than one year.,Submitted: 2021-04-06 | Pending for approximately 1977 days
FRA-16607,Odisha,Mayurbhanj,DELAYED_CLAIM,HIGH,Pending claim has remained unresolved for more than one year.,Submitted: 2021-06-26 | Pending for approximately 1896 days
FRA-16610,Jharkhand,Simdega,DELAYED_CLAIM,MEDIUM,Pending claim has remained unresolved for more than one year.,Submitted: 2025-08-31 | Pending for approximately 369 days
FRA-16615,Maharashtra,Nashik,DELAYED_CLAIM,HIGH,Pending claim has remained unresolved for more than one year.,Submitted: 2020-10-05 | Pending for approximately 2160 days
FRA-16616,Maharashtra,Gadchiroli,DELAYED_CLAIM,HIGH,Pending claim has remained unresolved for more than one year.,Submitted: 2021-12-02 | Pending for approximately 1737 days
FRA-16617,Maharashtra,Gadchiroli,DELAYED_CLAIM,MEDIUM,Pending claim has remained unresolved for more than one year.,Submitted: 2025-05-22 | Pending for approximately 470 days
FRA-16619,Gujarat,Valsad,DELAYED_CLAIM,HIGH,Pending claim has remained unresolved for more than one year.,Submitted: 2022-01-02 | Pending for approximately 1706 days
FRA-16623,Chhattisgarh,Bastar,DELAYED_CLAIM,HIGH,Pending claim has remained unresolved for more than one year.,Submitted: 2020-02-13 | Pending for approximately 2395 days
FRA-16627,Rajasthan,Dungarpur,DELAYED_CLAIM,HIGH,Pending claim has remained unresolved for more than one year.,Submitted: 2020-01-17 | Pending for approximately 2422 days
FRA-16629,Madhya Pradesh,Betul,DELAYED_CLAIM,HIGH,Pending claim has remained unresolved for more than one year.,Submitted: 2024-08-13 | Pending for approximately 752 days
FRA-16630,Odisha,Keonjhar,DELAYED_CLAIM,MEDIUM,Pending claim has remained unresolved for more than one year.,Submitted: 2024-10-02 | Pending for approximately 702 days
FRA-16631,Odisha,Kandhamal,DELAYED_CLAIM,HIGH,Pending claim has remained unresolved for more than one year.,Submitted: 2021-11-13 | Pending for approximately 1756 days
FRA-16633,Rajasthan,Dungarpur,DELAYED_CLAIM,HIGH,Pending claim has remained unresolved for more than one year.,Submitted: 2020-05-23 | Pending for approximately 2295 days
FRA-16639,Odisha,Mayurbhanj,DELAYED_CLAIM,HIGH,Pending claim has remained unresolved for more than one year.,Submitted: 2023-04-25 | Pending for approximately 1228 days
FRA-16645,Madhya Pradesh,Betul,DELAYED_CLAIM,HIGH,Pending claim has remained unresolved for more than one year.,Submitted: 2022-06-22 | Pending for approximately 1535 days
FRA-16649,Chhattisgarh,Bastar,DELAYED_CLAIM,HIGH,Pending claim has remained unresolved for more than one year.,Submitted: 2023-09-23 | Pending for approximately 1077 days
FRA-16651,Madhya Pradesh,Chhindwara,DELAYED_CLAIM,HIGH,Pending claim has remained unresolved for more than one year.,Submitted: 2023-01-01 | Pending for approximately 1342 days
FRA-16657,Jharkhand,Ranchi,DELAYED_CLAIM,MEDIUM,Pending claim has remained unresolved for more than one year.,Submitted: 2025-02-19 | Pending for approximately 562 days
FRA-16660,Madhya Pradesh,Mandla,DELAYED_CLAIM,HIGH,Pending claim has remained unresolved for more than one year.,Submitted: 2020-12-20 | Pending for approximately 2084 days
FRA-16663,Chhattisgarh,Dantewada,DELAYED_CLAIM,MEDIUM,Pending claim has remained unresolved for more than one year.,Submitted: 2024-12-31 | Pending for approximately 612 days
FRA-16667,Gujarat,Dangs,DELAYED_CLAIM,MEDIUM,Pending claim has remained unresolved for more than one year.,Submitted: 2024-11-30 | Pending for approximately 643 days
FRA-16673,Maharashtra,Nashik,DELAYED_CLAIM,HIGH,Pending claim has remained unresolved for more than one year.,Submitted: 2022-11-04 | Pending for approximately 1400 days
FRA-16676,Chhattisgarh,Kanker,DELAYED_CLAIM,HIGH,Pending claim has remained unresolved for more than one year.,Submitted: 2024-02-06 | Pending for approximately 941 days
FRA-16679,Rajasthan,Dungarpur,DELAYED_CLAIM,HIGH,Pending claim has remained unresolved for more than one year.,Submitted: 2021-05-12 | Pending for approximately 1941 days
FRA-16685,Odisha,Sundargarh,DELAYED_CLAIM,MEDIUM,Pending claim has remained unresolved for more than one year.,Submitted: 2024-12-14 | Pending for approximately 629 days
FRA-16686,Maharashtra,Nandurbar,DELAYED_CLAIM,HIGH,Pending claim has remained unresolved for more than one year.,Submitted: 2023-02-03 | Pending for approximately 1309 days
FRA-16693,Rajasthan,Udaipur,DELAYED_CLAIM,HIGH,Pending claim has remained unresolved for more than one year.,Submitted: 2022-01-25 | Pending for approximately 1683 days
FRA-16694,Gujarat,Tapi,DELAYED_CLAIM,MEDIUM,Pending claim has remained unresolved for more than one year.,Submitted: 2024-10-13 | Pending for approximately 691 days
FRA-16697,Odisha,Keonjhar,DELAYED_CLAIM,MEDIUM,Pending claim has remained unresolved for more than one year.,Submitted: 2025-05-31 | Pending for approximately 461 days
FRA-16701,Gujarat,Valsad,DELAYED_CLAIM,HIGH,Pending claim has remained unresolved for more than one year.,Submitted: 2023-09-22 | Pending for approximately 1078 days
FRA-16707,Jharkhand,West Singhbhum,DELAYED_CLAIM,HIGH,Pending claim has remained unresolved for more than one year.,Submitted: 2020-07-06 | Pending for approximately 2251 days
FRA-16710,Jharkhand,Simdega,DELAYED_CLAIM,HIGH,Pending claim has remained unresolved for more than one year.,Submitted: 2020-01-05 | Pending for approximately 2434 days
FRA-16712,Chhattisgarh,Kanker,DELAYED_CLAIM,HIGH,Pending claim has remained unresolved for more than one year.,Submitted: 2021-05-05 | Pending for approximately 1948 days
FRA-16718,Odisha,Koraput,DELAYED_CLAIM,MEDIUM,Pending claim has remained unresolved for more than one year.,Submitted: 2024-10-24 | Pending for approximately 680 days
FRA-16731,Odisha,Sundargarh,DELAYED_CLAIM,HIGH,Pending claim has remained unresolved for more than one year.,Submitted: 2023-04-28 | Pending for approximately 1225 days
FRA-16734,Maharashtra,Amravati,DELAYED_CLAIM,HIGH,Pending claim has remained unresolved for more than one year.,Submitted: 2020-02-02 | Pending for approximately 2406 days
FRA-16735,Gujarat,Valsad,DELAYED_CLAIM,HIGH,Pending claim has remained unresolved for more than one year.,Submitted: 2021-05-04 | Pending for approximately 1949 days
FRA-16736,Jharkhand,Ranchi,DELAYED_CLAIM,HIGH,Pending claim has remained unresolved for more than one year.,Submitted: 2023-02-25 | Pending for approximately 1287 days
FRA-16739,Maharashtra,Gadchiroli,DELAYED_CLAIM,HIGH,Pending claim has remained unresolved for more than one year.,Submitted: 2024-08-05 | Pending for approximately 760 days
FRA-16744,Jharkhand,West Singhbhum,DELAYED_CLAIM,HIGH,Pending claim has remained unresolved for more than one year.,Submitted: 2020-08-19 | Pending for approximately 2207 days
FRA-16746,Gujarat,Dangs,DELAYED_CLAIM,HIGH,Pending claim has remained unresolved for more than one year.,Submitted: 2024-07-06 | Pending for approximately 790 days
FRA-16749,Madhya Pradesh,Betul,DELAYED_CLAIM,HIGH,Pending claim has remained unresolved for more than one year.,Submitted: 2022-02-06 | Pending for approximately 1671 days
FRA-16756,Madhya Pradesh,Dindori,DELAYED_CLAIM,HIGH,Pending claim has remained unresolved for more than one year.,Submitted: 2021-05-06 | Pending for approximately 1947 days
FRA-16758,Gujarat,Bharuch,DELAYED_CLAIM,HIGH,Pending claim has remained unresolved for more than one year.,Submitted: 2021-03-14 | Pending for approximately 2000 days
FRA-16762,Odisha,Mayurbhanj,DELAYED_CLAIM,HIGH,Pending claim has remained unresolved for more than one year.,Submitted: 2023-04-24 | Pending for approximately 1229 days
FRA-16766,Madhya Pradesh,Balaghat,DELAYED_CLAIM,HIGH,Pending claim has remained unresolved for more than one year.,Submitted: 2020-08-02 | Pending for approximately 2224 days
FRA-16776,Jharkhand,Latehar,DELAYED_CLAIM,HIGH,Pending claim has remained unresolved for more than one year.,Submitted: 2021-04-08 | Pending for approximately 1975 days
FRA-16780,Maharashtra,Gadchiroli,DELAYED_CLAIM,HIGH,Pending claim has remained unresolved for more than one year.,Submitted: 2021-11-23 | Pending for approximately 1746 days
FRA-16787,Chhattisgarh,Kanker,DELAYED_CLAIM,HIGH,Pending claim has remained unresolved for more than one year.,Submitted: 2021-06-07 | Pending for approximately 1915 days
FRA-16790,Odisha,Sundargarh,DELAYED_CLAIM,HIGH,Pending claim has remained unresolved for more than one year.,Submitted: 2021-11-09 | Pending for approximately 1760 days
FRA-16793,Maharashtra,Amravati,DELAYED_CLAIM,HIGH,Pending claim has remained unresolved for more than one year.,Submitted: 2024-03-31 | Pending for approximately 887 days
FRA-16795,Jharkhand,Simdega,DELAYED_CLAIM,HIGH,Pending claim has remained unresolved for more than one year.,Submitted: 2022-11-12 | Pending for approximately 1392 days
FRA-16799,Madhya Pradesh,Betul,DELAYED_CLAIM,HIGH,Pending claim has remained unresolved for more than one year.,Submitted: 2024-05-06 | Pending for approximately 851 days
FRA-16802,Chhattisgarh,Bastar,DELAYED_CLAIM,HIGH,Pending claim has remained unresolved for more than one year.,Submitted: 2021-01-11 | Pending for approximately 2062 days
FRA-16804,Gujarat,Bharuch,DELAYED_CLAIM,HIGH,Pending claim has remained unresolved for more than one year.,Submitted: 2023-09-20 | Pending for approximately 1080 days
FRA-16806,Maharashtra,Amravati,DELAYED_CLAIM,HIGH,Pending claim has remained unresolved for more than one year.,Submitted: 2024-06-11 | Pending for approximately 815 days
FRA-16809,Gujarat,Valsad,DELAYED_CLAIM,HIGH,Pending claim has remained unresolved for more than one year.,Submitted: 2020-05-02 | Pending for approximately 2316 days
FRA-16810,Chhattisgarh,Korba,DELAYED_CLAIM,HIGH,Pending claim has remained unresolved for more than one year.,Submitted: 2020-04-08 | Pending for approximately 2340 days
FRA-16812,Gujarat,Tapi,DELAYED_CLAIM,HIGH,Pending claim has remained unresolved for more than one year.,Submitted: 2021-04-23 | Pending for approximately 1960 days
FRA-16815,Rajasthan,Banswara,DELAYED_CLAIM,HIGH,Pending claim has remained unresolved for more than one year.,Submitted: 2020-02-17 | Pending for approximately 2391 days
FRA-16825,Chhattisgarh,Korba,DELAYED_CLAIM,HIGH,Pending claim has remained unresolved for more than one year.,Submitted: 2020-07-07 | Pending for approximately 2250 days
FRA-16828,Maharashtra,Nandurbar,DELAYED_CLAIM,HIGH,Pending claim has remained unresolved for more than one year.,Submitted: 2020-05-22 | Pending for approximately 2296 days
FRA-16834,Chhattisgarh,Surguja,DELAYED_CLAIM,HIGH,Pending claim has remained unresolved for more than one year.,Submitted: 2023-03-06 | Pending for approximately 1278 days
FRA-16835,Rajasthan,Banswara,DELAYED_CLAIM,HIGH,Pending claim has remained unresolved for more than one year.,Submitted: 2022-07-05 | Pending for approximately 1522 days
FRA-16841,Rajasthan,Dungarpur,DELAYED_CLAIM,HIGH,Pending claim has remained unresolved for more than one year.,Submitted: 2023-01-05 | Pending for approximately 1338 days
FRA-16844,Odisha,Mayurbhanj,DELAYED_CLAIM,HIGH,Pending claim has remained unresolved for more than one year.,Submitted: 2024-07-16 | Pending for approximately 780 days
FRA-16847,Rajasthan,Pratapgarh,DELAYED_CLAIM,HIGH,Pending claim has remained unresolved for more than one year.,Submitted: 2020-01-25 | Pending for approximately 2414 days
FRA-16848,Madhya Pradesh,Dindori,DELAYED_CLAIM,HIGH,Pending claim has remained unresolved for more than one year.,Submitted: 2020-10-31 | Pending for approximately 2134 days
FRA-16850,Jharkhand,Latehar,DELAYED_CLAIM,HIGH,Pending claim has remained unresolved for more than one year.,Submitted: 2022-08-11 | Pending for approximately 1485 days
FRA-16851,Jharkhand,Gumla,DELAYED_CLAIM,HIGH,Pending claim has remained unresolved for more than one year.,Submitted: 2020-04-09 | Pending for approximately 2339 days
FRA-16853,Madhya Pradesh,Dindori,DELAYED_CLAIM,MEDIUM,Pending claim has remained unresolved for more than one year.,Submitted: 2024-09-23 | Pending for approximately 711 days
FRA-16863,Jharkhand,Latehar,DELAYED_CLAIM,HIGH,Pending claim has remained unresolved for more than one year.,Submitted: 2021-06-26 | Pending for approximately 1896 days
FRA-16865,Rajasthan,Sirohi,DELAYED_CLAIM,MEDIUM,Pending claim has remained unresolved for more than one year.,Submitted: 2024-12-06 | Pending for approximately 637 days
FRA-16879,Rajasthan,Udaipur,DELAYED_CLAIM,HIGH,Pending claim has remained unresolved for more than one year.,Submitted: 2021-09-13 | Pending for approximately 1817 days
FRA-16885,Gujarat,Dangs,DELAYED_CLAIM,HIGH,Pending claim has remained unresolved for more than one year.,Submitted: 2023-01-07 | Pending for approximately 1336 days
FRA-16888,Madhya Pradesh,Mandla,DELAYED_CLAIM,HIGH,Pending claim has remained unresolved for more than one year.,Submitted: 2021-12-03 | Pending for approximately 1736 days
FRA-16889,Jharkhand,Ranchi,DELAYED_CLAIM,HIGH,Pending claim has remained unresolved for more than one year.,Submitted: 2021-10-31 | Pending for approximately 1769 days
FRA-16892,Odisha,Sundargarh,DELAYED_CLAIM,HIGH,Pending claim has remained unresolved for more than one year.,Submitted: 2023-10-13 | Pending for approximately 1057 days
FRA-16901,Maharashtra,Gadchiroli,DELAYED_CLAIM,HIGH,Pending claim has remained unresolved for more than one year.,Submitted: 2020-05-06 | Pending for approximately 2312 days
FRA-16903,Gujarat,Tapi,DELAYED_CLAIM,HIGH,Pending claim has remained unresolved for more than one year.,Submitted: 2022-05-20 | Pending for approximately 1568 days
FRA-16908,Gujarat,Tapi,DELAYED_CLAIM,HIGH,Pending claim has remained unresolved for more than one year.,Submitted: 2023-02-27 | Pending for approximately 1285 days
FRA-16909,Gujarat,Tapi,DELAYED_CLAIM,MEDIUM,Pending claim has remained unresolved for more than one year.,Submitted: 2024-12-03 | Pending for approximately 640 days
FRA-16914,Chhattisgarh,Kanker,DELAYED_CLAIM,MEDIUM,Pending claim has remained unresolved for more than one year.,Submitted: 2025-02-01 | Pending for approximately 580 days
FRA-16915,Madhya Pradesh,Mandla,DELAYED_CLAIM,HIGH,Pending claim has remained unresolved for more than one year.,Submitted: 2023-10-02 | Pending for approximately 1068 days
FRA-16921,Maharashtra,Nashik,DELAYED_CLAIM,HIGH,Pending claim has remained unresolved for more than one year.,Submitted: 2021-03-07 | Pending for approximately 2007 days
FRA-16930,Chhattisgarh,Surguja,DELAYED_CLAIM,HIGH,Pending claim has remained unresolved for more than one year.,Submitted: 2023-06-29 | Pending for approximately 1163 days
FRA-16936,Madhya Pradesh,Balaghat,DELAYED_CLAIM,HIGH,Pending claim has remained unresolved for more than one year.,Submitted: 2021-09-25 | Pending for approximately 1805 days
FRA-16940,Chhattisgarh,Surguja,DELAYED_CLAIM,HIGH,Pending claim has remained unresolved for more than one year.,Submitted: 2024-01-20 | Pending for approximately 958 days
FRA-16941,Rajasthan,Sirohi,DELAYED_CLAIM,HIGH,Pending claim has remained unresolved for more than one year.,Submitted: 2021-06-04 | Pending for approximately 1918 days
FRA-16948,Madhya Pradesh,Balaghat,DELAYED_CLAIM,HIGH,Pending claim has remained unresolved for more than one year.,Submitted: 2021-12-23 | Pending for approximately 1716 days
FRA-16949,Madhya Pradesh,Betul,DELAYED_CLAIM,HIGH,Pending claim has remained unresolved for more than one year.,Submitted: 2023-02-25 | Pending for approximately 1287 days
FRA-16953,Jharkhand,Ranchi,DELAYED_CLAIM,HIGH,Pending claim has remained unresolved for more than one year.,Submitted: 2024-06-24 | Pending for approximately 802 days
FRA-16956,Odisha,Keonjhar,DELAYED_CLAIM,HIGH,Pending claim has remained unresolved for more than one year.,Submitted: 2023-06-04 | Pending for approximately 1188 days
FRA-16961,Jharkhand,West Singhbhum,DELAYED_CLAIM,HIGH,Pending claim has remained unresolved for more than one year.,Submitted: 2021-11-01 | Pending for approximately 1768 days
FRA-16963,Chhattisgarh,Surguja,DELAYED_CLAIM,HIGH,Pending claim has remained unresolved for more than one year.,Submitted: 2020-03-07 | Pending for approximately 2372 days
FRA-16968,Gujarat,Tapi,DELAYED_CLAIM,MEDIUM,Pending claim has remained unresolved for more than one year.,Submitted: 2024-11-10 | Pending for approximately 663 days
FRA-16973,Maharashtra,Nandurbar,DELAYED_CLAIM,HIGH,Pending claim has remained unresolved for more than one year.,Submitted: 2024-02-01 | Pending for approximately 946 days
FRA-16975,Maharashtra,Yavatmal,DELAYED_CLAIM,HIGH,Pending claim has remained unresolved for more than one year.,Submitted: 2021-02-07 | Pending for approximately 2035 days
FRA-16976,Rajasthan,Sirohi,DELAYED_CLAIM,HIGH,Pending claim has remained unresolved for more than one year.,Submitted: 2024-06-16 | Pending for approximately 810 days
FRA-16979,Madhya Pradesh,Betul,DELAYED_CLAIM,HIGH,Pending claim has remained unresolved for more than one year.,Submitted: 2022-11-28 | Pending for approximately 1376 days
FRA-16986,Gujarat,Tapi,DELAYED_CLAIM,HIGH,Pending claim has remained unresolved for more than one year.,Submitted: 2020-04-11 | Pending for approximately 2337 days
FRA-16989,Chhattisgarh,Dantewada,DELAYED_CLAIM,HIGH,Pending claim has remained unresolved for more than one year.,Submitted: 2021-10-11 | Pending for approximately 1789 days
FRA-16993,Chhattisgarh,Dantewada,DELAYED_CLAIM,HIGH,Pending claim has remained unresolved for more than one year.,Submitted: 2020-12-25 | Pending for approximately 2079 days
FRA-16999,Maharashtra,Yavatmal,DELAYED_CLAIM,HIGH,Pending claim has remained unresolved for more than one year.,Submitted: 2023-06-29 | Pending for approximately 1163 days
FRA-17005,Chhattisgarh,Bastar,DELAYED_CLAIM,HIGH,Pending claim has remained unresolved for more than one year.,Submitted: 2021-05-08 | Pending for approximately 1945 days
FRA-17013,Madhya Pradesh,Mandla,DELAYED_CLAIM,HIGH,Pending claim has remained unresolved for more than one year.,Submitted: 2020-10-04 | Pending for approximately 2161 days
FRA-17014,Madhya Pradesh,Dindori,DELAYED_CLAIM,MEDIUM,Pending claim has remained unresolved for more than one year.,Submitted: 2025-01-21 | Pending for approximately 591 days
FRA-17015,Chhattisgarh,Surguja,DELAYED_CLAIM,HIGH,Pending claim has remained unresolved for more than one year.,Submitted: 2020-11-19 | Pending for approximately 2115 days
FRA-17016,Chhattisgarh,Bastar,DELAYED_CLAIM,HIGH,Pending claim has remained unresolved for more than one year.,Submitted: 2023-02-14 | Pending for approximately 1298 days
FRA-17022,Madhya Pradesh,Balaghat,DELAYED_CLAIM,HIGH,Pending claim has remained unresolved for more than one year.,Submitted: 2022-03-21 | Pending for approximately 1628 days
FRA-17031,Chhattisgarh,Bastar,DELAYED_CLAIM,HIGH,Pending claim has remained unresolved for more than one year.,Submitted: 2021-07-31 | Pending for approximately 1861 days
FRA-17038,Madhya Pradesh,Balaghat,DELAYED_CLAIM,HIGH,Pending claim has remained unresolved for more than one year.,Submitted: 2022-01-21 | Pending for approximately 1687 days
FRA-17042,Odisha,Sundargarh,DELAYED_CLAIM,HIGH,Pending claim has remained unresolved for more than one year.,Submitted: 2023-04-22 | Pending for approximately 1231 days
FRA-17047,Rajasthan,Pratapgarh,DELAYED_CLAIM,HIGH,Pending claim has remained unresolved for more than one year.,Submitted: 2022-04-05 | Pending for approximately 1613 days
FRA-17052,Chhattisgarh,Bastar,DELAYED_CLAIM,MEDIUM,Pending claim has remained unresolved for more than one year.,Submitted: 2025-08-12 | Pending for approximately 388 days
FRA-17061,Maharashtra,Yavatmal,DELAYED_CLAIM,MEDIUM,Pending claim has remained unresolved for more than one year.,Submitted: 2025-05-06 | Pending for approximately 486 days
FRA-17063,Madhya Pradesh,Betul,DELAYED_CLAIM,MEDIUM,Pending claim has remained unresolved for more than one year.,Submitted: 2025-07-11 | Pending for approximately 420 days
FRA-17067,Rajasthan,Sirohi,DELAYED_CLAIM,HIGH,Pending claim has remained unresolved for more than one year.,Submitted: 2022-06-06 | Pending for approximately 1551 days
FRA-17070,Gujarat,Tapi,DELAYED_CLAIM,HIGH,Pending claim has remained unresolved for more than one year.,Submitted: 2020-10-13 | Pending for approximately 2152 days
FRA-17075,Madhya Pradesh,Dindori,DELAYED_CLAIM,HIGH,Pending claim has remained unresolved for more than one year.,Submitted: 2021-07-31 | Pending for approximately 1861 days
FRA-17076,Odisha,Kandhamal,DELAYED_CLAIM,HIGH,Pending claim has remained unresolved for more than one year.,Submitted: 2020-06-19 | Pending for approximately 2268 days
FRA-17080,Odisha,Koraput,DELAYED_CLAIM,HIGH,Pending claim has remained unresolved for more than one year.,Submitted: 2023-06-09 | Pending for approximately 1183 days
FRA-17081,Madhya Pradesh,Mandla,DELAYED_CLAIM,HIGH,Pending claim has remained unresolved for more than one year.,Submitted: 2021-02-24 | Pending for approximately 2018 days
FRA-17087,Maharashtra,Nashik,DELAYED_CLAIM,HIGH,Pending claim has remained unresolved for more than one year.,Submitted: 2024-06-20 | Pending for approximately 806 days
FRA-17088,Chhattisgarh,Korba,DELAYED_CLAIM,HIGH,Pending claim has remained unresolved for more than one year.,Submitted: 2021-06-18 | Pending for approximately 1904 days
FRA-17089,Odisha,Koraput,DELAYED_CLAIM,HIGH,Pending claim has remained unresolved for more than one year.,Submitted: 2020-09-15 | Pending for approximately 2180 days
FRA-17091,Madhya Pradesh,Dindori,DELAYED_CLAIM,HIGH,Pending claim has remained unresolved for more than one year.,Submitted: 2023-01-03 | Pending for approximately 1340 days
FRA-17093,Gujarat,Bharuch,DELAYED_CLAIM,HIGH,Pending claim has remained unresolved for more than one year.,Submitted: 2021-02-18 | Pending for approximately 2024 days
FRA-17094,Rajasthan,Dungarpur,DELAYED_CLAIM,MEDIUM,Pending claim has remained unresolved for more than one year.,Submitted: 2025-07-01 | Pending for approximately 430 days
FRA-17104,Jharkhand,Latehar,DELAYED_CLAIM,HIGH,Pending claim has remained unresolved for more than one year.,Submitted: 2021-05-29 | Pending for approximately 1924 days
FRA-17111,Maharashtra,Yavatmal,DELAYED_CLAIM,HIGH,Pending claim has remained unresolved for more than one year.,Submitted: 2022-03-13 | Pending for approximately 1636 days
FRA-17114,Jharkhand,Simdega,DELAYED_CLAIM,HIGH,Pending claim has remained unresolved for more than one year.,Submitted: 2024-06-08 | Pending for approximately 818 days
FRA-17119,Maharashtra,Nashik,DELAYED_CLAIM,HIGH,Pending claim has remained unresolved for more than one year.,Submitted: 2021-04-30 | Pending for approximately 1953 days
FRA-17122,Chhattisgarh,Kanker,DELAYED_CLAIM,HIGH,Pending claim has remained unresolved for more than one year.,Submitted: 2023-09-13 | Pending for approximately 1087 days
FRA-17123,Madhya Pradesh,Chhindwara,DELAYED_CLAIM,MEDIUM,Pending claim has remained unresolved for more than one year.,Submitted: 2024-11-14 | Pending for approximately 659 days
FRA-17128,Rajasthan,Sirohi,DELAYED_CLAIM,HIGH,Pending claim has remained unresolved for more than one year.,Submitted: 2021-02-12 | Pending for approximately 2030 days
FRA-17133,Gujarat,Tapi,DELAYED_CLAIM,HIGH,Pending claim has remained unresolved for more than one year.,Submitted: 2020-07-30 | Pending for approximately 2227 days
FRA-17142,Madhya Pradesh,Balaghat,DELAYED_CLAIM,HIGH,Pending claim has remained unresolved for more than one year.,Submitted: 2021-06-20 | Pending for approximately 1902 days
FRA-17151,Maharashtra,Nashik,DELAYED_CLAIM,HIGH,Pending claim has remained unresolved for more than one year.,Submitted: 2022-06-14 | Pending for approximately 1543 days
FRA-17159,Madhya Pradesh,Balaghat,DELAYED_CLAIM,HIGH,Pending claim has remained unresolved for more than one year.,Submitted: 2023-10-23 | Pending for approximately 1047 days
FRA-17162,Gujarat,Valsad,DELAYED_CLAIM,HIGH,Pending claim has remained unresolved for more than one year.,Submitted: 2020-08-07 | Pending for approximately 2219 days
FRA-17165,Chhattisgarh,Korba,DELAYED_CLAIM,HIGH,Pending claim has remained unresolved for more than one year.,Submitted: 2022-11-15 | Pending for approximately 1389 days
FRA-17166,Jharkhand,Simdega,DELAYED_CLAIM,HIGH,Pending claim has remained unresolved for more than one year.,Submitted: 2022-03-24 | Pending for approximately 1625 days
FRA-17167,Jharkhand,Latehar,DELAYED_CLAIM,HIGH,Pending claim has remained unresolved for more than one year.,Submitted: 2020-04-09 | Pending for approximately 2339 days
FRA-17168,Gujarat,Narmada,DELAYED_CLAIM,HIGH,Pending claim has remained unresolved for more than one year.,Submitted: 2023-12-10 | Pending for approximately 999 days
FRA-17170,Rajasthan,Sirohi,DELAYED_CLAIM,HIGH,Pending claim has remained unresolved for more than one year.,Submitted: 2021-06-29 | Pending for approximately 1893 days
FRA-17171,Rajasthan,Dungarpur,DELAYED_CLAIM,HIGH,Pending claim has remained unresolved for more than one year.,Submitted: 2024-03-21 | Pending for approximately 897 days
FRA-17176,Chhattisgarh,Surguja,DELAYED_CLAIM,HIGH,Pending claim has remained unresolved for more than one year.,Submitted: 2023-01-02 | Pending for approximately 1341 days
FRA-17180,Madhya Pradesh,Chhindwara,DELAYED_CLAIM,HIGH,Pending claim has remained unresolved for more than one year.,Submitted: 2021-04-03 | Pending for approximately 1980 days
FRA-17181,Odisha,Kandhamal,DELAYED_CLAIM,HIGH,Pending claim has remained unresolved for more than one year.,Submitted: 2022-09-29 | Pending for approximately 1436 days
FRA-17182,Jharkhand,Ranchi,DELAYED_CLAIM,HIGH,Pending claim has remained unresolved for more than one year.,Submitted: 2023-05-25 | Pending for approximately 1198 days
FRA-17191,Rajasthan,Sirohi,DELAYED_CLAIM,HIGH,Pending claim has remained unresolved for more than one year.,Submitted: 2024-02-04 | Pending for approximately 943 days
FRA-17192,Rajasthan,Pratapgarh,DELAYED_CLAIM,HIGH,Pending claim has remained unresolved for more than one year.,Submitted: 2020-11-05 | Pending for approximately 2129 days
FRA-17195,Maharashtra,Nashik,DELAYED_CLAIM,HIGH,Pending claim has remained unresolved for more than one year.,Submitted: 2021-10-22 | Pending for approximately 1778 days
FRA-17201,Chhattisgarh,Bastar,DELAYED_CLAIM,HIGH,Pending claim has remained unresolved for more than one year.,Submitted: 2020-04-20 | Pending for approximately 2328 days
FRA-17207,Gujarat,Narmada,DELAYED_CLAIM,HIGH,Pending claim has remained unresolved for more than one year.,Submitted: 2023-08-12 | Pending for approximately 1119 days
FRA-17208,Odisha,Koraput,DELAYED_CLAIM,HIGH,Pending claim has remained unresolved for more than one year.,Submitted: 2024-07-05 | Pending for approximately 791 days
FRA-17212,Odisha,Sundargarh,DELAYED_CLAIM,HIGH,Pending claim has remained unresolved for more than one year.,Submitted: 2022-12-15 | Pending for approximately 1359 days
FRA-17214,Madhya Pradesh,Balaghat,DELAYED_CLAIM,HIGH,Pending claim has remained unresolved for more than one year.,Submitted: 2021-09-16 | Pending for approximately 1814 days
FRA-17215,Maharashtra,Nandurbar,DELAYED_CLAIM,HIGH,Pending claim has remained unresolved for more than one year.,Submitted: 2022-02-03 | Pending for approximately 1674 days
FRA-17218,Maharashtra,Nashik,DELAYED_CLAIM,HIGH,Pending claim has remained unresolved for more than one year.,Submitted: 2021-02-19 | Pending for approximately 2023 days
FRA-17223,Maharashtra,Gadchiroli,DELAYED_CLAIM,HIGH,Pending claim has remained unresolved for more than one year.,Submitted: 2021-10-24 | Pending for approximately 1776 days
FRA-17225,Maharashtra,Gadchiroli,DELAYED_CLAIM,MEDIUM,Pending claim has remained unresolved for more than one year.,Submitted: 2025-01-28 | Pending for approximately 584 days
FRA-17236,Rajasthan,Udaipur,DELAYED_CLAIM,HIGH,Pending claim has remained unresolved for more than one year.,Submitted: 2024-03-08 | Pending for approximately 910 days
FRA-17242,Maharashtra,Gadchiroli,DELAYED_CLAIM,HIGH,Pending claim has remained unresolved for more than one year.,Submitted: 2020-02-19 | Pending for approximately 2389 days
FRA-17243,Maharashtra,Yavatmal,DELAYED_CLAIM,HIGH,Pending claim has remained unresolved for more than one year.,Submitted: 2022-12-03 | Pending for approximately 1371 days
FRA-17249,Jharkhand,West Singhbhum,DELAYED_CLAIM,HIGH,Pending claim has remained unresolved for more than one year.,Submitted: 2022-07-12 | Pending for approximately 1515 days
FRA-17253,Gujarat,Valsad,DELAYED_CLAIM,HIGH,Pending claim has remained unresolved for more than one year.,Submitted: 2020-12-22 | Pending for approximately 2082 days
FRA-17254,Chhattisgarh,Bastar,DELAYED_CLAIM,MEDIUM,Pending claim has remained unresolved for more than one year.,Submitted: 2025-07-14 | Pending for approximately 417 days
FRA-17261,Chhattisgarh,Bastar,DELAYED_CLAIM,HIGH,Pending claim has remained unresolved for more than one year.,Submitted: 2023-11-04 | Pending for approximately 1035 days
FRA-17264,Jharkhand,West Singhbhum,DELAYED_CLAIM,HIGH,Pending claim has remained unresolved for more than one year.,Submitted: 2020-06-10 | Pending for approximately 2277 days
FRA-17266,Madhya Pradesh,Betul,DELAYED_CLAIM,HIGH,Pending claim has remained unresolved for more than one year.,Submitted: 2020-12-03 | Pending for approximately 2101 days
FRA-17270,Gujarat,Dangs,DELAYED_CLAIM,HIGH,Pending claim has remained unresolved for more than one year.,Submitted: 2021-07-26 | Pending for approximately 1866 days
FRA-17273,Madhya Pradesh,Chhindwara,DELAYED_CLAIM,MEDIUM,Pending claim has remained unresolved for more than one year.,Submitted: 2024-12-14 | Pending for approximately 629 days
FRA-17275,Madhya Pradesh,Dindori,DELAYED_CLAIM,HIGH,Pending claim has remained unresolved for more than one year.,Submitted: 2020-02-27 | Pending for approximately 2381 days
FRA-17277,Rajasthan,Banswara,DELAYED_CLAIM,MEDIUM,Pending claim has remained unresolved for more than one year.,Submitted: 2025-06-25 | Pending for approximately 436 days
FRA-17281,Rajasthan,Dungarpur,DELAYED_CLAIM,HIGH,Pending claim has remained unresolved for more than one year.,Submitted: 2024-02-02 | Pending for approximately 945 days
FRA-17285,Madhya Pradesh,Mandla,DELAYED_CLAIM,HIGH,Pending claim has remained unresolved for more than one year.,Submitted: 2023-04-06 | Pending for approximately 1247 days
FRA-17300,Madhya Pradesh,Balaghat,DELAYED_CLAIM,HIGH,Pending claim has remained unresolved for more than one year.,Submitted: 2021-04-25 | Pending for approximately 1958 days
FRA-17303,Madhya Pradesh,Balaghat,DELAYED_CLAIM,HIGH,Pending claim has remained unresolved for more than one year.,Submitted: 2024-04-19 | Pending for approximately 868 days
FRA-17310,Madhya Pradesh,Balaghat,DELAYED_CLAIM,MEDIUM,Pending claim has remained unresolved for more than one year.,Submitted: 2025-06-09 | Pending for approximately 452 days
FRA-17313,Jharkhand,West Singhbhum,DELAYED_CLAIM,HIGH,Pending claim has remained unresolved for more than one year.,Submitted: 2023-04-26 | Pending for approximately 1227 days
FRA-17315,Madhya Pradesh,Dindori,DELAYED_CLAIM,MEDIUM,Pending claim has remained unresolved for more than one year.,Submitted: 2024-12-21 | Pending for approximately 622 days
FRA-17320,Rajasthan,Pratapgarh,DELAYED_CLAIM,HIGH,Pending claim has remained unresolved for more than one year.,Submitted: 2021-01-26 | Pending for approximately 2047 days
FRA-17323,Maharashtra,Amravati,DELAYED_CLAIM,HIGH,Pending claim has remained unresolved for more than one year.,Submitted: 2021-11-03 | Pending for approximately 1766 days
FRA-17329,Rajasthan,Udaipur,DELAYED_CLAIM,HIGH,Pending claim has remained unresolved for more than one year.,Submitted: 2023-03-07 | Pending for approximately 1277 days
FRA-17332,Chhattisgarh,Dantewada,DELAYED_CLAIM,HIGH,Pending claim has remained unresolved for more than one year.,Submitted: 2022-04-17 | Pending for approximately 1601 days
FRA-17341,Gujarat,Bharuch,DELAYED_CLAIM,HIGH,Pending claim has remained unresolved for more than one year.,Submitted: 2022-12-08 | Pending for approximately 1366 days
FRA-17344,Gujarat,Narmada,DELAYED_CLAIM,HIGH,Pending claim has remained unresolved for more than one year.,Submitted: 2020-05-04 | Pending for approximately 2314 days
FRA-17347,Madhya Pradesh,Chhindwara,DELAYED_CLAIM,HIGH,Pending claim has remained unresolved for more than one year.,Submitted: 2024-07-02 | Pending for approximately 794 days
FRA-17350,Chhattisgarh,Korba,DELAYED_CLAIM,HIGH,Pending claim has remained unresolved for more than one year.,Submitted: 2020-05-26 | Pending for approximately 2292 days
FRA-17352,Chhattisgarh,Korba,DELAYED_CLAIM,HIGH,Pending claim has remained unresolved for more than one year.,Submitted: 2021-06-13 | Pending for approximately 1909 days
FRA-17354,Jharkhand,Gumla,DELAYED_CLAIM,HIGH,Pending claim has remained unresolved for more than one year.,Submitted: 2020-05-27 | Pending for approximately 2291 days
FRA-17355,Chhattisgarh,Surguja,DELAYED_CLAIM,MEDIUM,Pending claim has remained unresolved for more than one year.,Submitted: 2025-08-19 | Pending for approximately 381 days
FRA-17356,Gujarat,Narmada,DELAYED_CLAIM,HIGH,Pending claim has remained unresolved for more than one year.,Submitted: 2021-10-19 | Pending for approximately 1781 days
FRA-17357,Rajasthan,Pratapgarh,DELAYED_CLAIM,HIGH,Pending claim has remained unresolved for more than one year.,Submitted: 2021-01-28 | Pending for approximately 2045 days
FRA-17361,Rajasthan,Sirohi,DELAYED_CLAIM,HIGH,Pending claim has remained unresolved for more than one year.,Submitted: 2024-08-20 | Pending for approximately 745 days
FRA-17366,Rajasthan,Udaipur,DELAYED_CLAIM,HIGH,Pending claim has remained unresolved for more than one year.,Submitted: 2020-12-16 | Pending for approximately 2088 days
FRA-17375,Gujarat,Valsad,DELAYED_CLAIM,HIGH,Pending claim has remained unresolved for more than one year.,Submitted: 2023-03-22 | Pending for approximately 1262 days
FRA-17383,Rajasthan,Pratapgarh,DELAYED_CLAIM,HIGH,Pending claim has remained unresolved for more than one year.,Submitted: 2023-07-21 | Pending for approximately 1141 days
FRA-17388,Gujarat,Dangs,DELAYED_CLAIM,HIGH,Pending claim has remained unresolved for more than one year.,Submitted: 2021-11-07 | Pending for approximately 1762 days
FRA-17393,Maharashtra,Nandurbar,DELAYED_CLAIM,HIGH,Pending claim has remained unresolved for more than one year.,Submitted: 2024-03-22 | Pending for approximately 896 days
FRA-17404,Madhya Pradesh,Balaghat,DELAYED_CLAIM,HIGH,Pending claim has remained unresolved for more than one year.,Submitted: 2020-04-28 | Pending for approximately 2320 days
FRA-17406,Chhattisgarh,Korba,DELAYED_CLAIM,HIGH,Pending claim has remained unresolved for more than one year.,Submitted: 2020-04-05 | Pending for approximately 2343 days
FRA-17418,Rajasthan,Pratapgarh,DELAYED_CLAIM,HIGH,Pending claim has remained unresolved for more than one year.,Submitted: 2021-11-20 | Pending for approximately 1749 days
FRA-17423,Jharkhand,Latehar,DELAYED_CLAIM,MEDIUM,Pending claim has remained unresolved for more than one year.,Submitted: 2024-11-08 | Pending for approximately 665 days
FRA-17431,Odisha,Keonjhar,DELAYED_CLAIM,HIGH,Pending claim has remained unresolved for more than one year.,Submitted: 2021-09-29 | Pending for approximately 1801 days
FRA-17432,Gujarat,Valsad,DELAYED_CLAIM,MEDIUM,Pending claim has remained unresolved for more than one year.,Submitted: 2025-01-27 | Pending for approximately 585 days
FRA-17433,Gujarat,Valsad,DELAYED_CLAIM,HIGH,Pending claim has remained unresolved for more than one year.,Submitted: 2020-04-27 | Pending for approximately 2321 days
FRA-17434,Rajasthan,Udaipur,DELAYED_CLAIM,HIGH,Pending claim has remained unresolved for more than one year.,Submitted: 2021-04-10 | Pending for approximately 1973 days
FRA-17440,Gujarat,Valsad,DELAYED_CLAIM,HIGH,Pending claim has remained unresolved for more than one year.,Submitted: 2024-02-26 | Pending for approximately 921 days
FRA-17445,Rajasthan,Dungarpur,DELAYED_CLAIM,HIGH,Pending claim has remained unresolved for more than one year.,Submitted: 2022-12-06 | Pending for approximately 1368 days
FRA-17448,Maharashtra,Amravati,DELAYED_CLAIM,HIGH,Pending claim has remained unresolved for more than one year.,Submitted: 2021-03-27 | Pending for approximately 1987 days
FRA-17451,Chhattisgarh,Surguja,DELAYED_CLAIM,HIGH,Pending claim has remained unresolved for more than one year.,Submitted: 2021-10-18 | Pending for approximately 1782 days
FRA-17457,Madhya Pradesh,Mandla,DELAYED_CLAIM,HIGH,Pending claim has remained unresolved for more than one year.,Submitted: 2021-01-12 | Pending for approximately 2061 days
FRA-17463,Maharashtra,Amravati,DELAYED_CLAIM,MEDIUM,Pending claim has remained unresolved for more than one year.,Submitted: 2025-08-07 | Pending for approximately 393 days
FRA-17464,Rajasthan,Banswara,DELAYED_CLAIM,HIGH,Pending claim has remained unresolved for more than one year.,Submitted: 2021-05-17 | Pending for approximately 1936 days
FRA-17465,Madhya Pradesh,Mandla,DELAYED_CLAIM,HIGH,Pending claim has remained unresolved for more than one year.,Submitted: 2021-05-01 | Pending for approximately 1952 days
FRA-17475,Maharashtra,Gadchiroli,DELAYED_CLAIM,HIGH,Pending claim has remained unresolved for more than one year.,Submitted: 2021-08-24 | Pending for approximately 1837 days
FRA-17481,Chhattisgarh,Korba,DELAYED_CLAIM,HIGH,Pending claim has remained unresolved for more than one year.,Submitted: 2020-12-02 | Pending for approximately 2102 days
FRA-17485,Jharkhand,West Singhbhum,DELAYED_CLAIM,HIGH,Pending claim has remained unresolved for more than one year.,Submitted: 2024-03-17 | Pending for approximately 901 days
FRA-17492,Chhattisgarh,Korba,DELAYED_CLAIM,HIGH,Pending claim has remained unresolved for more than one year.,Submitted: 2022-08-16 | Pending for approximately 1480 days
FRA-17493,Chhattisgarh,Kanker,DELAYED_CLAIM,HIGH,Pending claim has remained unresolved for more than one year.,Submitted: 2024-05-09 | Pending for approximately 848 days
FRA-17495,Rajasthan,Dungarpur,DELAYED_CLAIM,HIGH,Pending claim has remained unresolved for more than one year.,Submitted: 2022-08-29 | Pending for approximately 1467 days
FRA-17500,Odisha,Kandhamal,DELAYED_CLAIM,HIGH,Pending claim has remained unresolved for more than one year.,Submitted: 2023-12-30 | Pending for approximately 979 days
FRA-17503,Chhattisgarh,Kanker,DELAYED_CLAIM,MEDIUM,Pending claim has remained unresolved for more than one year.,Submitted: 2025-02-08 | Pending for approximately 573 days
FRA-17504,Odisha,Koraput,DELAYED_CLAIM,MEDIUM,Pending claim has remained unresolved for more than one year.,Submitted: 2025-08-31 | Pending for approximately 369 days
FRA-17505,Chhattisgarh,Kanker,DELAYED_CLAIM,HIGH,Pending claim has remained unresolved for more than one year.,Submitted: 2022-12-09 | Pending for approximately 1365 days
FRA-17510,Rajasthan,Pratapgarh,DELAYED_CLAIM,HIGH,Pending claim has remained unresolved for more than one year.,Submitted: 2021-10-23 | Pending for approximately 1777 days
FRA-17515,Maharashtra,Gadchiroli,DELAYED_CLAIM,HIGH,Pending claim has remained unresolved for more than one year.,Submitted: 2021-02-16 | Pending for approximately 2026 days
FRA-17521,Jharkhand,Latehar,DELAYED_CLAIM,MEDIUM,Pending claim has remained unresolved for more than one year.,Submitted: 2025-08-16 | Pending for approximately 384 days
FRA-17528,Maharashtra,Gadchiroli,DELAYED_CLAIM,HIGH,Pending claim has remained unresolved for more than one year.,Submitted: 2021-11-09 | Pending for approximately 1760 days
FRA-17531,Madhya Pradesh,Betul,DELAYED_CLAIM,HIGH,Pending claim has remained unresolved for more than one year.,Submitted: 2023-03-14 | Pending for approximately 1270 days
FRA-17534,Madhya Pradesh,Balaghat,DELAYED_CLAIM,HIGH,Pending claim has remained unresolved for more than one year.,Submitted: 2021-09-27 | Pending for approximately 1803 days
FRA-17535,Maharashtra,Amravati,DELAYED_CLAIM,HIGH,Pending claim has remained unresolved for more than one year.,Submitted: 2021-03-06 | Pending for approximately 2008 days
FRA-17538,Maharashtra,Nandurbar,DELAYED_CLAIM,MEDIUM,Pending claim has remained unresolved for more than one year.,Submitted: 2025-03-01 | Pending for approximately 552 days
FRA-17540,Jharkhand,Gumla,DELAYED_CLAIM,MEDIUM,Pending claim has remained unresolved for more than one year.,Submitted: 2024-10-08 | Pending for approximately 696 days
FRA-17546,Gujarat,Tapi,DELAYED_CLAIM,MEDIUM,Pending claim has remained unresolved for more than one year.,Submitted: 2024-12-29 | Pending for approximately 614 days
FRA-17548,Jharkhand,Simdega,DELAYED_CLAIM,HIGH,Pending claim has remained unresolved for more than one year.,Submitted: 2021-05-14 | Pending for approximately 1939 days
FRA-17549,Odisha,Koraput,DELAYED_CLAIM,HIGH,Pending claim has remained unresolved for more than one year.,Submitted: 2023-03-07 | Pending for approximately 1277 days
FRA-17555,Jharkhand,Simdega,DELAYED_CLAIM,HIGH,Pending claim has remained unresolved for more than one year.,Submitted: 2022-12-20 | Pending for approximately 1354 days
FRA-17556,Chhattisgarh,Korba,DELAYED_CLAIM,HIGH,Pending claim has remained unresolved for more than one year.,Submitted: 2021-06-22 | Pending for approximately 1900 days
FRA-17558,Maharashtra,Nandurbar,DELAYED_CLAIM,MEDIUM,Pending claim has remained unresolved for more than one year.,Submitted: 2024-10-27 | Pending for approximately 677 days
FRA-17565,Maharashtra,Nashik,DELAYED_CLAIM,HIGH,Pending claim has remained unresolved for more than one year.,Submitted: 2023-09-26 | Pending for approximately 1074 days
FRA-17570,Maharashtra,Nandurbar,DELAYED_CLAIM,HIGH,Pending claim has remained unresolved for more than one year.,Submitted: 2023-05-19 | Pending for approximately 1204 days
FRA-17572,Rajasthan,Dungarpur,DELAYED_CLAIM,MEDIUM,Pending claim has remained unresolved for more than one year.,Submitted: 2024-09-07 | Pending for approximately 727 days
FRA-17576,Madhya Pradesh,Balaghat,DELAYED_CLAIM,HIGH,Pending claim has remained unresolved for more than one year.,Submitted: 2020-03-07 | Pending for approximately 2372 days
FRA-17579,Jharkhand,Latehar,DELAYED_CLAIM,HIGH,Pending claim has remained unresolved for more than one year.,Submitted: 2022-08-11 | Pending for approximately 1485 days
FRA-17580,Madhya Pradesh,Balaghat,DELAYED_CLAIM,HIGH,Pending claim has remained unresolved for more than one year.,Submitted: 2021-09-16 | Pending for approximately 1814 days
FRA-17582,Odisha,Mayurbhanj,DELAYED_CLAIM,HIGH,Pending claim has remained unresolved for more than one year.,Submitted: 2021-05-18 | Pending for approximately 1935 days
FRA-17593,Madhya Pradesh,Dindori,DELAYED_CLAIM,MEDIUM,Pending claim has remained unresolved for more than one year.,Submitted: 2025-04-02 | Pending for approximately 520 days
FRA-17596,Madhya Pradesh,Mandla,DELAYED_CLAIM,HIGH,Pending claim has remained unresolved for more than one year.,Submitted: 2021-11-14 | Pending for approximately 1755 days
FRA-17608,Rajasthan,Banswara,DELAYED_CLAIM,HIGH,Pending claim has remained unresolved for more than one year.,Submitted: 2020-08-15 | Pending for approximately 2211 days
FRA-17619,Gujarat,Valsad,DELAYED_CLAIM,HIGH,Pending claim has remained unresolved for more than one year.,Submitted: 2022-06-03 | Pending for approximately 1554 days
FRA-17621,Rajasthan,Udaipur,DELAYED_CLAIM,HIGH,Pending claim has remained unresolved for more than one year.,Submitted: 2023-09-29 | Pending for approximately 1071 days
FRA-17628,Rajasthan,Dungarpur,DELAYED_CLAIM,HIGH,Pending claim has remained unresolved for more than one year.,Submitted: 2022-12-27 | Pending for approximately 1347 days
FRA-17631,Jharkhand,Ranchi,DELAYED_CLAIM,HIGH,Pending claim has remained unresolved for more than one year.,Submitted: 2021-02-25 | Pending for approximately 2017 days
FRA-17636,Maharashtra,Amravati,DELAYED_CLAIM,HIGH,Pending claim has remained unresolved for more than one year.,Submitted: 2021-03-11 | Pending for approximately 2003 days
FRA-17637,Maharashtra,Yavatmal,DELAYED_CLAIM,HIGH,Pending claim has remained unresolved for more than one year.,Submitted: 2021-03-07 | Pending for approximately 2007 days
FRA-17639,Jharkhand,Ranchi,DELAYED_CLAIM,HIGH,Pending claim has remained unresolved for more than one year.,Submitted: 2021-09-20 | Pending for approximately 1810 days
FRA-17640,Madhya Pradesh,Mandla,DELAYED_CLAIM,HIGH,Pending claim has remained unresolved for more than one year.,Submitted: 2021-09-10 | Pending for approximately 1820 days
FRA-17642,Madhya Pradesh,Balaghat,DELAYED_CLAIM,HIGH,Pending claim has remained unresolved for more than one year.,Submitted: 2024-03-26 | Pending for approximately 892 days
FRA-17645,Gujarat,Narmada,DELAYED_CLAIM,MEDIUM,Pending claim has remained unresolved for more than one year.,Submitted: 2025-01-13 | Pending for approximately 599 days
FRA-17649,Odisha,Koraput,DELAYED_CLAIM,HIGH,Pending claim has remained unresolved for more than one year.,Submitted: 2023-04-12 | Pending for approximately 1241 days
FRA-17650,Rajasthan,Sirohi,DELAYED_CLAIM,MEDIUM,Pending claim has remained unresolved for more than one year.,Submitted: 2025-08-17 | Pending for approximately 383 days
FRA-17659,Chhattisgarh,Kanker,DELAYED_CLAIM,HIGH,Pending claim has remained unresolved for more than one year.,Submitted: 2022-11-21 | Pending for approximately 1383 days
FRA-17671,Gujarat,Tapi,DELAYED_CLAIM,HIGH,Pending claim has remained unresolved for more than one year.,Submitted: 2024-04-06 | Pending for approximately 881 days
FRA-17672,Odisha,Sundargarh,DELAYED_CLAIM,MEDIUM,Pending claim has remained unresolved for more than one year.,Submitted: 2024-11-15 | Pending for approximately 658 days
FRA-17676,Odisha,Sundargarh,DELAYED_CLAIM,HIGH,Pending claim has remained unresolved for more than one year.,Submitted: 2021-09-22 | Pending for approximately 1808 days
FRA-17680,Madhya Pradesh,Betul,DELAYED_CLAIM,HIGH,Pending claim has remained unresolved for more than one year.,Submitted: 2023-01-15 | Pending for approximately 1328 days
FRA-17684,Odisha,Kandhamal,DELAYED_CLAIM,HIGH,Pending claim has remained unresolved for more than one year.,Submitted: 2021-04-05 | Pending for approximately 1978 days
FRA-17690,Chhattisgarh,Dantewada,DELAYED_CLAIM,HIGH,Pending claim has remained unresolved for more than one year.,Submitted: 2020-03-19 | Pending for approximately 2360 days
FRA-17698,Jharkhand,Ranchi,DELAYED_CLAIM,HIGH,Pending claim has remained unresolved for more than one year.,Submitted: 2021-03-31 | Pending for approximately 1983 days
FRA-17703,Maharashtra,Nashik,DELAYED_CLAIM,HIGH,Pending claim has remained unresolved for more than one year.,Submitted: 2020-01-23 | Pending for approximately 2416 days
FRA-17706,Jharkhand,West Singhbhum,DELAYED_CLAIM,HIGH,Pending claim has remained unresolved for more than one year.,Submitted: 2022-01-09 | Pending for approximately 1699 days
FRA-17711,Maharashtra,Nandurbar,DELAYED_CLAIM,HIGH,Pending claim has remained unresolved for more than one year.,Submitted: 2022-10-05 | Pending for approximately 1430 days
FRA-17713,Odisha,Sundargarh,DELAYED_CLAIM,MEDIUM,Pending claim has remained unresolved for more than one year.,Submitted: 2025-08-16 | Pending for approximately 384 days
FRA-17718,Gujarat,Narmada,DELAYED_CLAIM,HIGH,Pending claim has remained unresolved for more than one year.,Submitted: 2023-10-14 | Pending for approximately 1056 days
FRA-17724,Rajasthan,Banswara,DELAYED_CLAIM,HIGH,Pending claim has remained unresolved for more than one year.,Submitted: 2021-12-17 | Pending for approximately 1722 days
FRA-17732,Maharashtra,Nashik,DELAYED_CLAIM,HIGH,Pending claim has remained unresolved for more than one year.,Submitted: 2021-08-09 | Pending for approximately 1852 days
FRA-17735,Jharkhand,Gumla,DELAYED_CLAIM,HIGH,Pending claim has remained unresolved for more than one year.,Submitted: 2021-11-24 | Pending for approximately 1745 days
FRA-17736,Madhya Pradesh,Balaghat,DELAYED_CLAIM,HIGH,Pending claim has remained unresolved for more than one year.,Submitted: 2024-08-11 | Pending for approximately 754 days
FRA-17739,Maharashtra,Amravati,DELAYED_CLAIM,HIGH,Pending claim has remained unresolved for more than one year.,Submitted: 2020-03-06 | Pending for approximately 2373 days
FRA-17740,Jharkhand,Gumla,DELAYED_CLAIM,HIGH,Pending claim has remained unresolved for more than one year.,Submitted: 2021-10-03 | Pending for approximately 1797 days
FRA-17742,Odisha,Mayurbhanj,DELAYED_CLAIM,MEDIUM,Pending claim has remained unresolved for more than one year.,Submitted: 2025-05-17 | Pending for approximately 475 days
FRA-17744,Chhattisgarh,Surguja,DELAYED_CLAIM,MEDIUM,Pending claim has remained unresolved for more than one year.,Submitted: 2025-05-20 | Pending for approximately 472 days
FRA-17747,Gujarat,Valsad,DELAYED_CLAIM,HIGH,Pending claim has remained unresolved for more than one year.,Submitted: 2024-07-05 | Pending for approximately 791 days
FRA-17753,Jharkhand,Ranchi,DELAYED_CLAIM,HIGH,Pending claim has remained unresolved for more than one year.,Submitted: 2023-01-04 | Pending for approximately 1339 days
FRA-17762,Madhya Pradesh,Balaghat,DELAYED_CLAIM,MEDIUM,Pending claim has remained unresolved for more than one year.,Submitted: 2025-03-20 | Pending for approximately 533 days
FRA-17770,Odisha,Sundargarh,DELAYED_CLAIM,HIGH,Pending claim has remained unresolved for more than one year.,Submitted: 2020-02-26 | Pending for approximately 2382 days
FRA-17776,Maharashtra,Yavatmal,DELAYED_CLAIM,HIGH,Pending claim has remained unresolved for more than one year.,Submitted: 2023-04-30 | Pending for approximately 1223 days
FRA-17781,Chhattisgarh,Surguja,DELAYED_CLAIM,HIGH,Pending claim has remained unresolved for more than one year.,Submitted: 2021-02-07 | Pending for approximately 2035 days
FRA-17787,Chhattisgarh,Bastar,DELAYED_CLAIM,HIGH,Pending claim has remained unresolved for more than one year.,Submitted: 2023-12-07 | Pending for approximately 1002 days
FRA-17788,Rajasthan,Banswara,DELAYED_CLAIM,HIGH,Pending claim has remained unresolved for more than one year.,Submitted: 2023-04-15 | Pending for approximately 1238 days
FRA-17790,Madhya Pradesh,Mandla,DELAYED_CLAIM,HIGH,Pending claim has remained unresolved for more than one year.,Submitted: 2024-03-17 | Pending for approximately 901 days
FRA-17793,Gujarat,Bharuch,DELAYED_CLAIM,MEDIUM,Pending claim has remained unresolved for more than one year.,Submitted: 2025-05-09 | Pending for approximately 483 days
FRA-17797,Madhya Pradesh,Balaghat,DELAYED_CLAIM,MEDIUM,Pending claim has remained unresolved for more than one year.,Submitted: 2025-06-12 | Pending for approximately 449 days
FRA-17799,Gujarat,Dangs,DELAYED_CLAIM,HIGH,Pending claim has remained unresolved for more than one year.,Submitted: 2023-10-03 | Pending for approximately 1067 days
FRA-17809,Odisha,Mayurbhanj,DELAYED_CLAIM,MEDIUM,Pending claim has remained unresolved for more than one year.,Submitted: 2024-10-28 | Pending for approximately 676 days
FRA-17810,Rajasthan,Dungarpur,DELAYED_CLAIM,HIGH,Pending claim has remained unresolved for more than one year.,Submitted: 2020-11-29 | Pending for approximately 2105 days
FRA-17815,Maharashtra,Gadchiroli,DELAYED_CLAIM,HIGH,Pending claim has remained unresolved for more than one year.,Submitted: 2023-05-03 | Pending for approximately 1220 days
FRA-17824,Chhattisgarh,Bastar,DELAYED_CLAIM,HIGH,Pending claim has remained unresolved for more than one year.,Submitted: 2020-08-06 | Pending for approximately 2220 days
FRA-17831,Odisha,Koraput,DELAYED_CLAIM,MEDIUM,Pending claim has remained unresolved for more than one year.,Submitted: 2024-09-10 | Pending for approximately 724 days
FRA-17832,Rajasthan,Pratapgarh,DELAYED_CLAIM,HIGH,Pending claim has remained unresolved for more than one year.,Submitted: 2020-02-16 | Pending for approximately 2392 days
FRA-17833,Chhattisgarh,Dantewada,DELAYED_CLAIM,HIGH,Pending claim has remained unresolved for more than one year.,Submitted: 2024-02-18 | Pending for approximately 929 days
FRA-17834,Odisha,Koraput,DELAYED_CLAIM,HIGH,Pending claim has remained unresolved for more than one year.,Submitted: 2022-11-22 | Pending for approximately 1382 days
FRA-17837,Maharashtra,Gadchiroli,DELAYED_CLAIM,HIGH,Pending claim has remained unresolved for more than one year.,Submitted: 2024-06-12 | Pending for approximately 814 days
FRA-17840,Maharashtra,Gadchiroli,DELAYED_CLAIM,HIGH,Pending claim has remained unresolved for more than one year.,Submitted: 2021-05-16 | Pending for approximately 1937 days
FRA-17845,Madhya Pradesh,Chhindwara,DELAYED_CLAIM,MEDIUM,Pending claim has remained unresolved for more than one year.,Submitted: 2025-03-21 | Pending for approximately 532 days
FRA-17846,Chhattisgarh,Dantewada,DELAYED_CLAIM,HIGH,Pending claim has remained unresolved for more than one year.,Submitted: 2021-01-29 | Pending for approximately 2044 days
FRA-17848,Chhattisgarh,Bastar,DELAYED_CLAIM,HIGH,Pending claim has remained unresolved for more than one year.,Submitted: 2021-03-22 | Pending for approximately 1992 days
FRA-17851,Odisha,Keonjhar,DELAYED_CLAIM,HIGH,Pending claim has remained unresolved for more than one year.,Submitted: 2021-05-01 | Pending for approximately 1952 days
FRA-17854,Jharkhand,Ranchi,DELAYED_CLAIM,HIGH,Pending claim has remained unresolved for more than one year.,Submitted: 2023-02-07 | Pending for approximately 1305 days
FRA-17857,Chhattisgarh,Surguja,DELAYED_CLAIM,MEDIUM,Pending claim has remained unresolved for more than one year.,Submitted: 2025-01-19 | Pending for approximately 593 days
FRA-17858,Maharashtra,Amravati,DELAYED_CLAIM,MEDIUM,Pending claim has remained unresolved for more than one year.,Submitted: 2025-02-02 | Pending for approximately 579 days
FRA-17860,Madhya Pradesh,Balaghat,DELAYED_CLAIM,HIGH,Pending claim has remained unresolved for more than one year.,Submitted: 2021-12-04 | Pending for approximately 1735 days
FRA-17870,Odisha,Kandhamal,DELAYED_CLAIM,HIGH,Pending claim has remained unresolved for more than one year.,Submitted: 2020-09-13 | Pending for approximately 2182 days
FRA-17873,Odisha,Keonjhar,DELAYED_CLAIM,HIGH,Pending claim has remained unresolved for more than one year.,Submitted: 2024-05-22 | Pending for approximately 835 days
FRA-17874,Jharkhand,West Singhbhum,DELAYED_CLAIM,HIGH,Pending claim has remained unresolved for more than one year.,Submitted: 2021-04-04 | Pending for approximately 1979 days
FRA-17875,Gujarat,Narmada,DELAYED_CLAIM,HIGH,Pending claim has remained unresolved for more than one year.,Submitted: 2022-01-09 | Pending for approximately 1699 days
FRA-17878,Chhattisgarh,Surguja,DELAYED_CLAIM,HIGH,Pending claim has remained unresolved for more than one year.,Submitted: 2020-07-12 | Pending for approximately 2245 days
FRA-17881,Jharkhand,Gumla,DELAYED_CLAIM,HIGH,Pending claim has remained unresolved for more than one year.,Submitted: 2021-10-07 | Pending for approximately 1793 days
FRA-17885,Jharkhand,West Singhbhum,DELAYED_CLAIM,HIGH,Pending claim has remained unresolved for more than one year.,Submitted: 2020-07-22 | Pending for approximately 2235 days
FRA-17888,Rajasthan,Banswara,DELAYED_CLAIM,HIGH,Pending claim has remained unresolved for more than one year.,Submitted: 2021-07-14 | Pending for approximately 1878 days
FRA-17889,Madhya Pradesh,Betul,DELAYED_CLAIM,MEDIUM,Pending claim has remained unresolved for more than one year.,Submitted: 2025-02-02 | Pending for approximately 579 days
FRA-17892,Madhya Pradesh,Betul,DELAYED_CLAIM,HIGH,Pending claim has remained unresolved for more than one year.,Submitted: 2022-01-18 | Pending for approximately 1690 days
FRA-17893,Chhattisgarh,Kanker,DELAYED_CLAIM,MEDIUM,Pending claim has remained unresolved for more than one year.,Submitted: 2025-03-02 | Pending for approximately 551 days
FRA-17897,Jharkhand,Latehar,DELAYED_CLAIM,HIGH,Pending claim has remained unresolved for more than one year.,Submitted: 2021-11-11 | Pending for approximately 1758 days
FRA-17902,Maharashtra,Nandurbar,DELAYED_CLAIM,HIGH,Pending claim has remained unresolved for more than one year.,Submitted: 2020-02-04 | Pending for approximately 2404 days
FRA-17906,Chhattisgarh,Dantewada,DELAYED_CLAIM,HIGH,Pending claim has remained unresolved for more than one year.,Submitted: 2022-01-12 | Pending for approximately 1696 days
FRA-17909,Jharkhand,Latehar,DELAYED_CLAIM,MEDIUM,Pending claim has remained unresolved for more than one year.,Submitted: 2025-06-24 | Pending for approximately 437 days
FRA-17914,Gujarat,Tapi,DELAYED_CLAIM,HIGH,Pending claim has remained unresolved for more than one year.,Submitted: 2021-09-05 | Pending for approximately 1825 days
FRA-17916,Jharkhand,Ranchi,DELAYED_CLAIM,HIGH,Pending claim has remained unresolved for more than one year.,Submitted: 2020-09-30 | Pending for approximately 2165 days
FRA-17918,Rajasthan,Udaipur,DELAYED_CLAIM,HIGH,Pending claim has remained unresolved for more than one year.,Submitted: 2020-05-07 | Pending for approximately 2311 days
FRA-17919,Maharashtra,Amravati,DELAYED_CLAIM,HIGH,Pending claim has remained unresolved for more than one year.,Submitted: 2020-05-16 | Pending for approximately 2302 days
FRA-17921,Rajasthan,Pratapgarh,DELAYED_CLAIM,HIGH,Pending claim has remained unresolved for more than one year.,Submitted: 2021-09-01 | Pending for approximately 1829 days
FRA-17925,Odisha,Koraput,DELAYED_CLAIM,HIGH,Pending claim has remained unresolved for more than one year.,Submitted: 2024-02-28 | Pending for approximately 919 days
FRA-17928,Rajasthan,Banswara,DELAYED_CLAIM,HIGH,Pending claim has remained unresolved for more than one year.,Submitted: 2020-04-30 | Pending for approximately 2318 days
FRA-17931,Chhattisgarh,Dantewada,DELAYED_CLAIM,HIGH,Pending claim has remained unresolved for more than one year.,Submitted: 2022-07-02 | Pending for approximately 1525 days
FRA-17938,Madhya Pradesh,Dindori,DELAYED_CLAIM,HIGH,Pending claim has remained unresolved for more than one year.,Submitted: 2021-12-22 | Pending for approximately 1717 days
FRA-17939,Rajasthan,Sirohi,DELAYED_CLAIM,HIGH,Pending claim has remained unresolved for more than one year.,Submitted: 2021-09-08 | Pending for approximately 1822 days
FRA-17940,Gujarat,Tapi,DELAYED_CLAIM,HIGH,Pending claim has remained unresolved for more than one year.,Submitted: 2022-06-12 | Pending for approximately 1545 days
FRA-17949,Gujarat,Dangs,DELAYED_CLAIM,HIGH,Pending claim has remained unresolved for more than one year.,Submitted: 2024-08-28 | Pending for approximately 737 days
FRA-17950,Odisha,Koraput,DELAYED_CLAIM,HIGH,Pending claim has remained unresolved for more than one year.,Submitted: 2021-07-08 | Pending for approximately 1884 days
FRA-17953,Jharkhand,Ranchi,DELAYED_CLAIM,HIGH,Pending claim has remained unresolved for more than one year.,Submitted: 2021-08-26 | Pending for approximately 1835 days
FRA-17954,Madhya Pradesh,Dindori,DELAYED_CLAIM,HIGH,Pending claim has remained unresolved for more than one year.,Submitted: 2023-03-03 | Pending for approximately 1281 days
FRA-17958,Madhya Pradesh,Balaghat,DELAYED_CLAIM,HIGH,Pending claim has remained unresolved for more than one year.,Submitted: 2021-01-07 | Pending for approximately 2066 days
FRA-17962,Maharashtra,Amravati,DELAYED_CLAIM,HIGH,Pending claim has remained unresolved for more than one year.,Submitted: 2021-03-04 | Pending for approximately 2010 days
FRA-17963,Chhattisgarh,Dantewada,DELAYED_CLAIM,MEDIUM,Pending claim has remained unresolved for more than one year.,Submitted: 2025-02-01 | Pending for approximately 580 days
FRA-17971,Madhya Pradesh,Balaghat,DELAYED_CLAIM,HIGH,Pending claim has remained unresolved for more than one year.,Submitted: 2023-08-11 | Pending for approximately 1120 days
FRA-17975,Jharkhand,West Singhbhum,DELAYED_CLAIM,HIGH,Pending claim has remained unresolved for more than one year.,Submitted: 2022-11-23 | Pending for approximately 1381 days
FRA-17978,Gujarat,Dangs,DELAYED_CLAIM,HIGH,Pending claim has remained unresolved for more than one year.,Submitted: 2023-08-28 | Pending for approximately 1103 days
FRA-17980,Odisha,Koraput,DELAYED_CLAIM,MEDIUM,Pending claim has remained unresolved for more than one year.,Submitted: 2024-10-11 | Pending for approximately 693 days
FRA-17982,Madhya Pradesh,Balaghat,DELAYED_CLAIM,HIGH,Pending claim has remained unresolved for more than one year.,Submitted: 2023-12-15 | Pending for approximately 994 days
FRA-17988,Chhattisgarh,Korba,DELAYED_CLAIM,MEDIUM,Pending claim has remained unresolved for more than one year.,Submitted: 2024-11-16 | Pending for approximately 657 days
FRA-17999,Madhya Pradesh,Mandla,DELAYED_CLAIM,MEDIUM,Pending claim has remained unresolved for more than one year.,Submitted: 2025-02-12 | Pending for approximately 569 days
FRA-18003,Jharkhand,Gumla,DELAYED_CLAIM,HIGH,Pending claim has remained unresolved for more than one year.,Submitted: 2020-08-16 | Pending for approximately 2210 days
FRA-18004,Jharkhand,Gumla,DELAYED_CLAIM,HIGH,Pending claim has remained unresolved for more than one year.,Submitted: 2021-07-30 | Pending for approximately 1862 days
FRA-18010,Chhattisgarh,Dantewada,DELAYED_CLAIM,HIGH,Pending claim has remained unresolved for more than one year.,Submitted: 2023-05-12 | Pending for approximately 1211 days
FRA-18012,Madhya Pradesh,Dindori,DELAYED_CLAIM,MEDIUM,Pending claim has remained unresolved for more than one year.,Submitted: 2025-06-04 | Pending for approximately 457 days
FRA-18016,Rajasthan,Sirohi,DELAYED_CLAIM,HIGH,Pending claim has remained unresolved for more than one year.,Submitted: 2021-04-14 | Pending for approximately 1969 days
FRA-18017,Maharashtra,Yavatmal,DELAYED_CLAIM,HIGH,Pending claim has remained unresolved for more than one year.,Submitted: 2020-12-18 | Pending for approximately 2086 days
FRA-18030,Maharashtra,Yavatmal,DELAYED_CLAIM,HIGH,Pending claim has remained unresolved for more than one year.,Submitted: 2024-05-01 | Pending for approximately 856 days
FRA-18033,Rajasthan,Sirohi,DELAYED_CLAIM,HIGH,Pending claim has remained unresolved for more than one year.,Submitted: 2023-02-21 | Pending for approximately 1291 days
FRA-18034,Rajasthan,Banswara,DELAYED_CLAIM,HIGH,Pending claim has remained unresolved for more than one year.,Submitted: 2020-11-08 | Pending for approximately 2126 days
FRA-18035,Odisha,Mayurbhanj,DELAYED_CLAIM,HIGH,Pending claim has remained unresolved for more than one year.,Submitted: 2020-10-07 | Pending for approximately 2158 days
FRA-18038,Maharashtra,Nandurbar,DELAYED_CLAIM,HIGH,Pending claim has remained unresolved for more than one year.,Submitted: 2020-11-13 | Pending for approximately 2121 days
FRA-18041,Madhya Pradesh,Mandla,DELAYED_CLAIM,HIGH,Pending claim has remained unresolved for more than one year.,Submitted: 2020-02-27 | Pending for approximately 2381 days
FRA-18051,Rajasthan,Udaipur,DELAYED_CLAIM,HIGH,Pending claim has remained unresolved for more than one year.,Submitted: 2021-03-20 | Pending for approximately 1994 days
FRA-18053,Rajasthan,Dungarpur,DELAYED_CLAIM,HIGH,Pending claim has remained unresolved for more than one year.,Submitted: 2021-12-24 | Pending for approximately 1715 days
FRA-18055,Jharkhand,Simdega,DELAYED_CLAIM,HIGH,Pending claim has remained unresolved for more than one year.,Submitted: 2020-12-28 | Pending for approximately 2076 days
FRA-18058,Maharashtra,Nashik,DELAYED_CLAIM,HIGH,Pending claim has remained unresolved for more than one year.,Submitted: 2020-07-04 | Pending for approximately 2253 days
FRA-18060,Chhattisgarh,Dantewada,DELAYED_CLAIM,HIGH,Pending claim has remained unresolved for more than one year.,Submitted: 2022-01-16 | Pending for approximately 1692 days
FRA-18061,Rajasthan,Banswara,DELAYED_CLAIM,HIGH,Pending claim has remained unresolved for more than one year.,Submitted: 2021-02-01 | Pending for approximately 2041 days
FRA-18063,Maharashtra,Yavatmal,DELAYED_CLAIM,HIGH,Pending claim has remained unresolved for more than one year.,Submitted: 2024-02-16 | Pending for approximately 931 days
FRA-18064,Maharashtra,Yavatmal,DELAYED_CLAIM,HIGH,Pending claim has remained unresolved for more than one year.,Submitted: 2020-11-13 | Pending for approximately 2121 days
FRA-18071,Maharashtra,Gadchiroli,DELAYED_CLAIM,HIGH,Pending claim has remained unresolved for more than one year.,Submitted: 2020-12-23 | Pending for approximately 2081 days
FRA-18073,Jharkhand,Latehar,DELAYED_CLAIM,HIGH,Pending claim has remained unresolved for more than one year.,Submitted: 2020-05-11 | Pending for approximately 2307 days
FRA-18081,Chhattisgarh,Dantewada,DELAYED_CLAIM,HIGH,Pending claim has remained unresolved for more than one year.,Submitted: 2023-01-10 | Pending for approximately 1333 days
FRA-18084,Rajasthan,Banswara,DELAYED_CLAIM,HIGH,Pending claim has remained unresolved for more than one year.,Submitted: 2024-04-09 | Pending for approximately 878 days
FRA-18085,Gujarat,Bharuch,DELAYED_CLAIM,HIGH,Pending claim has remained unresolved for more than one year.,Submitted: 2022-08-25 | Pending for approximately 1471 days
FRA-18088,Jharkhand,West Singhbhum,DELAYED_CLAIM,HIGH,Pending claim has remained unresolved for more than one year.,Submitted: 2020-01-19 | Pending for approximately 2420 days
FRA-18089,Maharashtra,Nashik,DELAYED_CLAIM,HIGH,Pending claim has remained unresolved for more than one year.,Submitted: 2021-05-29 | Pending for approximately 1924 days
FRA-18090,Chhattisgarh,Bastar,DELAYED_CLAIM,MEDIUM,Pending claim has remained unresolved for more than one year.,Submitted: 2025-05-27 | Pending for approximately 465 days
FRA-18095,Odisha,Koraput,DELAYED_CLAIM,HIGH,Pending claim has remained unresolved for more than one year.,Submitted: 2023-08-08 | Pending for approximately 1123 days
FRA-18105,Jharkhand,West Singhbhum,DELAYED_CLAIM,MEDIUM,Pending claim has remained unresolved for more than one year.,Submitted: 2025-08-05 | Pending for approximately 395 days
FRA-18109,Gujarat,Valsad,DELAYED_CLAIM,HIGH,Pending claim has remained unresolved for more than one year.,Submitted: 2021-02-25 | Pending for approximately 2017 days
FRA-18110,Maharashtra,Yavatmal,DELAYED_CLAIM,HIGH,Pending claim has remained unresolved for more than one year.,Submitted: 2024-03-26 | Pending for approximately 892 days
FRA-18112,Rajasthan,Udaipur,DELAYED_CLAIM,HIGH,Pending claim has remained unresolved for more than one year.,Submitted: 2021-01-10 | Pending for approximately 2063 days
FRA-18119,Chhattisgarh,Bastar,DELAYED_CLAIM,HIGH,Pending claim has remained unresolved for more than one year.,Submitted: 2021-07-16 | Pending for approximately 1876 days
FRA-18125,Gujarat,Dangs,DELAYED_CLAIM,HIGH,Pending claim has remained unresolved for more than one year.,Submitted: 2021-06-21 | Pending for approximately 1901 days
FRA-18126,Gujarat,Valsad,DELAYED_CLAIM,HIGH,Pending claim has remained unresolved for more than one year.,Submitted: 2024-08-17 | Pending for approximately 748 days
FRA-18128,Chhattisgarh,Korba,DELAYED_CLAIM,HIGH,Pending claim has remained unresolved for more than one year.,Submitted: 2023-05-11 | Pending for approximately 1212 days
FRA-18136,Gujarat,Tapi,DELAYED_CLAIM,MEDIUM,Pending claim has remained unresolved for more than one year.,Submitted: 2024-10-30 | Pending for approximately 674 days
FRA-18138,Rajasthan,Pratapgarh,DELAYED_CLAIM,HIGH,Pending claim has remained unresolved for more than one year.,Submitted: 2020-05-26 | Pending for approximately 2292 days
FRA-18143,Jharkhand,Simdega,DELAYED_CLAIM,HIGH,Pending claim has remained unresolved for more than one year.,Submitted: 2021-09-10 | Pending for approximately 1820 days
FRA-18148,Rajasthan,Banswara,DELAYED_CLAIM,HIGH,Pending claim has remained unresolved for more than one year.,Submitted: 2021-10-06 | Pending for approximately 1794 days
FRA-18151,Odisha,Keonjhar,DELAYED_CLAIM,HIGH,Pending claim has remained unresolved for more than one year.,Submitted: 2022-04-05 | Pending for approximately 1613 days
FRA-18153,Jharkhand,Simdega,DELAYED_CLAIM,HIGH,Pending claim has remained unresolved for more than one year.,Submitted: 2022-12-22 | Pending for approximately 1352 days
FRA-18158,Jharkhand,Ranchi,DELAYED_CLAIM,HIGH,Pending claim has remained unresolved for more than one year.,Submitted: 2020-02-17 | Pending for approximately 2391 days
FRA-18163,Jharkhand,Simdega,DELAYED_CLAIM,HIGH,Pending claim has remained unresolved for more than one year.,Submitted: 2021-01-29 | Pending for approximately 2044 days
FRA-18169,Maharashtra,Nashik,DELAYED_CLAIM,HIGH,Pending claim has remained unresolved for more than one year.,Submitted: 2022-04-11 | Pending for approximately 1607 days
FRA-18171,Madhya Pradesh,Chhindwara,DELAYED_CLAIM,MEDIUM,Pending claim has remained unresolved for more than one year.,Submitted: 2024-12-11 | Pending for approximately 632 days
FRA-18172,Madhya Pradesh,Dindori,DELAYED_CLAIM,HIGH,Pending claim has remained unresolved for more than one year.,Submitted: 2023-05-30 | Pending for approximately 1193 days
FRA-18175,Maharashtra,Yavatmal,DELAYED_CLAIM,MEDIUM,Pending claim has remained unresolved for more than one year.,Submitted: 2025-06-08 | Pending for approximately 453 days
FRA-18178,Chhattisgarh,Korba,DELAYED_CLAIM,HIGH,Pending claim has remained unresolved for more than one year.,Submitted: 2022-11-09 | Pending for approximately 1395 days
FRA-18180,Jharkhand,Simdega,DELAYED_CLAIM,HIGH,Pending claim has remained unresolved for more than one year.,Submitted: 2020-01-15 | Pending for approximately 2424 days
FRA-18186,Jharkhand,Ranchi,DELAYED_CLAIM,HIGH,Pending claim has remained unresolved for more than one year.,Submitted: 2021-02-17 | Pending for approximately 2025 days
FRA-18190,Chhattisgarh,Korba,DELAYED_CLAIM,HIGH,Pending claim has remained unresolved for more than one year.,Submitted: 2022-07-16 | Pending for approximately 1511 days
FRA-18192,Chhattisgarh,Dantewada,DELAYED_CLAIM,HIGH,Pending claim has remained unresolved for more than one year.,Submitted: 2021-03-11 | Pending for approximately 2003 days
FRA-18193,Rajasthan,Dungarpur,DELAYED_CLAIM,HIGH,Pending claim has remained unresolved for more than one year.,Submitted: 2023-11-11 | Pending for approximately 1028 days
FRA-18196,Odisha,Koraput,DELAYED_CLAIM,HIGH,Pending claim has remained unresolved for more than one year.,Submitted: 2020-04-14 | Pending for approximately 2334 days
FRA-18198,Gujarat,Narmada,DELAYED_CLAIM,MEDIUM,Pending claim has remained unresolved for more than one year.,Submitted: 2025-06-03 | Pending for approximately 458 days
FRA-18202,Chhattisgarh,Dantewada,DELAYED_CLAIM,HIGH,Pending claim has remained unresolved for more than one year.,Submitted: 2023-01-09 | Pending for approximately 1334 days
FRA-18211,Jharkhand,West Singhbhum,DELAYED_CLAIM,HIGH,Pending claim has remained unresolved for more than one year.,Submitted: 2021-02-26 | Pending for approximately 2016 days
FRA-18213,Maharashtra,Amravati,DELAYED_CLAIM,HIGH,Pending claim has remained unresolved for more than one year.,Submitted: 2021-06-11 | Pending for approximately 1911 days
FRA-18214,Chhattisgarh,Dantewada,DELAYED_CLAIM,HIGH,Pending claim has remained unresolved for more than one year.,Submitted: 2021-04-20 | Pending for approximately 1963 days
FRA-18217,Jharkhand,West Singhbhum,DELAYED_CLAIM,HIGH,Pending claim has remained unresolved for more than one year.,Submitted: 2021-01-09 | Pending for approximately 2064 days
FRA-18219,Gujarat,Dangs,DELAYED_CLAIM,HIGH,Pending claim has remained unresolved for more than one year.,Submitted: 2024-03-01 | Pending for approximately 917 days
FRA-18220,Chhattisgarh,Kanker,DELAYED_CLAIM,HIGH,Pending claim has remained unresolved for more than one year.,Submitted: 2023-03-04 | Pending for approximately 1280 days
FRA-18225,Rajasthan,Dungarpur,DELAYED_CLAIM,HIGH,Pending claim has remained unresolved for more than one year.,Submitted: 2021-10-10 | Pending for approximately 1790 days
FRA-18231,Maharashtra,Amravati,DELAYED_CLAIM,MEDIUM,Pending claim has remained unresolved for more than one year.,Submitted: 2024-10-07 | Pending for approximately 697 days
FRA-18235,Rajasthan,Dungarpur,DELAYED_CLAIM,HIGH,Pending claim has remained unresolved for more than one year.,Submitted: 2021-12-07 | Pending for approximately 1732 days
FRA-18242,Gujarat,Bharuch,DELAYED_CLAIM,HIGH,Pending claim has remained unresolved for more than one year.,Submitted: 2022-03-01 | Pending for approximately 1648 days
FRA-18244,Maharashtra,Nandurbar,DELAYED_CLAIM,MEDIUM,Pending claim has remained unresolved for more than one year.,Submitted: 2024-09-15 | Pending for approximately 719 days
FRA-18253,Chhattisgarh,Kanker,DELAYED_CLAIM,MEDIUM,Pending claim has remained unresolved for more than one year.,Submitted: 2025-03-12 | Pending for approximately 541 days
FRA-18255,Madhya Pradesh,Dindori,DELAYED_CLAIM,HIGH,Pending claim has remained unresolved for more than one year.,Submitted: 2020-12-28 | Pending for approximately 2076 days
FRA-18258,Chhattisgarh,Dantewada,DELAYED_CLAIM,HIGH,Pending claim has remained unresolved for more than one year.,Submitted: 2021-08-27 | Pending for approximately 1834 days
FRA-18272,Madhya Pradesh,Chhindwara,DELAYED_CLAIM,MEDIUM,Pending claim has remained unresolved for more than one year.,Submitted: 2024-10-13 | Pending for approximately 691 days
FRA-18277,Odisha,Mayurbhanj,DELAYED_CLAIM,HIGH,Pending claim has remained unresolved for more than one year.,Submitted: 2020-03-28 | Pending for approximately 2351 days
FRA-18281,Gujarat,Bharuch,DELAYED_CLAIM,HIGH,Pending claim has remained unresolved for more than one year.,Submitted: 2024-05-09 | Pending for approximately 848 days
FRA-18283,Gujarat,Tapi,DELAYED_CLAIM,HIGH,Pending claim has remained unresolved for more than one year.,Submitted: 2021-08-19 | Pending for approximately 1842 days
FRA-18286,Odisha,Mayurbhanj,DELAYED_CLAIM,HIGH,Pending claim has remained unresolved for more than one year.,Submitted: 2023-06-09 | Pending for approximately 1183 days
FRA-18293,Maharashtra,Yavatmal,DELAYED_CLAIM,HIGH,Pending claim has remained unresolved for more than one year.,Submitted: 2021-10-27 | Pending for approximately 1773 days
FRA-18294,Maharashtra,Amravati,DELAYED_CLAIM,HIGH,Pending claim has remained unresolved for more than one year.,Submitted: 2022-09-01 | Pending for approximately 1464 days
FRA-18298,Gujarat,Bharuch,DELAYED_CLAIM,HIGH,Pending claim has remained unresolved for more than one year.,Submitted: 2021-04-12 | Pending for approximately 1971 days
FRA-18300,Odisha,Koraput,DELAYED_CLAIM,HIGH,Pending claim has remained unresolved for more than one year.,Submitted: 2021-11-15 | Pending for approximately 1754 days
FRA-18311,Maharashtra,Nashik,DELAYED_CLAIM,HIGH,Pending claim has remained unresolved for more than one year.,Submitted: 2023-05-19 | Pending for approximately 1204 days
FRA-18315,Gujarat,Tapi,DELAYED_CLAIM,HIGH,Pending claim has remained unresolved for more than one year.,Submitted: 2020-04-20 | Pending for approximately 2328 days
FRA-18317,Madhya Pradesh,Dindori,DELAYED_CLAIM,HIGH,Pending claim has remained unresolved for more than one year.,Submitted: 2022-01-16 | Pending for approximately 1692 days
FRA-18319,Madhya Pradesh,Chhindwara,DELAYED_CLAIM,HIGH,Pending claim has remained unresolved for more than one year.,Submitted: 2024-01-16 | Pending for approximately 962 days
FRA-18321,Odisha,Keonjhar,DELAYED_CLAIM,HIGH,Pending claim has remained unresolved for more than one year.,Submitted: 2020-04-03 | Pending for approximately 2345 days
FRA-18329,Madhya Pradesh,Chhindwara,DELAYED_CLAIM,MEDIUM,Pending claim has remained unresolved for more than one year.,Submitted: 2025-04-26 | Pending for approximately 496 days
FRA-18332,Chhattisgarh,Surguja,DELAYED_CLAIM,HIGH,Pending claim has remained unresolved for more than one year.,Submitted: 2023-06-27 | Pending for approximately 1165 days
FRA-18341,Chhattisgarh,Kanker,DELAYED_CLAIM,HIGH,Pending claim has remained unresolved for more than one year.,Submitted: 2021-07-19 | Pending for approximately 1873 days
FRA-18342,Chhattisgarh,Kanker,DELAYED_CLAIM,HIGH,Pending claim has remained unresolved for more than one year.,Submitted: 2024-06-03 | Pending for approximately 823 days
FRA-18345,Rajasthan,Udaipur,DELAYED_CLAIM,HIGH,Pending claim has remained unresolved for more than one year.,Submitted: 2021-03-16 | Pending for approximately 1998 days
FRA-18350,Maharashtra,Gadchiroli,DELAYED_CLAIM,HIGH,Pending claim has remained unresolved for more than one year.,Submitted: 2020-05-20 | Pending for approximately 2298 days
FRA-18354,Maharashtra,Gadchiroli,DELAYED_CLAIM,HIGH,Pending claim has remained unresolved for more than one year.,Submitted: 2020-02-27 | Pending for approximately 2381 days
FRA-18355,Gujarat,Tapi,DELAYED_CLAIM,HIGH,Pending claim has remained unresolved for more than one year.,Submitted: 2023-02-04 | Pending for approximately 1308 days
FRA-18363,Gujarat,Narmada,DELAYED_CLAIM,MEDIUM,Pending claim has remained unresolved for more than one year.,Submitted: 2025-07-17 | Pending for approximately 414 days
FRA-18365,Chhattisgarh,Dantewada,DELAYED_CLAIM,HIGH,Pending claim has remained unresolved for more than one year.,Submitted: 2024-08-03 | Pending for approximately 762 days
FRA-18367,Madhya Pradesh,Mandla,DELAYED_CLAIM,HIGH,Pending claim has remained unresolved for more than one year.,Submitted: 2022-05-20 | Pending for approximately 1568 days
FRA-18373,Madhya Pradesh,Mandla,DELAYED_CLAIM,HIGH,Pending claim has remained unresolved for more than one year.,Submitted: 2020-04-08 | Pending for approximately 2340 days
FRA-18385,Chhattisgarh,Bastar,DELAYED_CLAIM,HIGH,Pending claim has remained unresolved for more than one year.,Submitted: 2021-06-27 | Pending for approximately 1895 days
FRA-18389,Maharashtra,Amravati,DELAYED_CLAIM,HIGH,Pending claim has remained unresolved for more than one year.,Submitted: 2020-03-21 | Pending for approximately 2358 days
FRA-18396,Maharashtra,Yavatmal,DELAYED_CLAIM,HIGH,Pending claim has remained unresolved for more than one year.,Submitted: 2023-10-03 | Pending for approximately 1067 days
FRA-18402,Jharkhand,Latehar,DELAYED_CLAIM,HIGH,Pending claim has remained unresolved for more than one year.,Submitted: 2023-12-11 | Pending for approximately 998 days
FRA-18403,Chhattisgarh,Kanker,DELAYED_CLAIM,HIGH,Pending claim has remained unresolved for more than one year.,Submitted: 2023-01-06 | Pending for approximately 1337 days
FRA-18405,Rajasthan,Sirohi,DELAYED_CLAIM,HIGH,Pending claim has remained unresolved for more than one year.,Submitted: 2020-07-24 | Pending for approximately 2233 days
FRA-18406,Jharkhand,Gumla,DELAYED_CLAIM,HIGH,Pending claim has remained unresolved for more than one year.,Submitted: 2023-07-30 | Pending for approximately 1132 days
FRA-18412,Madhya Pradesh,Betul,DELAYED_CLAIM,HIGH,Pending claim has remained unresolved for more than one year.,Submitted: 2021-11-02 | Pending for approximately 1767 days
FRA-18418,Chhattisgarh,Bastar,DELAYED_CLAIM,HIGH,Pending claim has remained unresolved for more than one year.,Submitted: 2020-02-06 | Pending for approximately 2402 days
FRA-18419,Rajasthan,Banswara,DELAYED_CLAIM,HIGH,Pending claim has remained unresolved for more than one year.,Submitted: 2021-08-06 | Pending for approximately 1855 days
FRA-18424,Rajasthan,Udaipur,DELAYED_CLAIM,HIGH,Pending claim has remained unresolved for more than one year.,Submitted: 2023-11-13 | Pending for approximately 1026 days
FRA-18426,Chhattisgarh,Kanker,DELAYED_CLAIM,HIGH,Pending claim has remained unresolved for more than one year.,Submitted: 2021-11-23 | Pending for approximately 1746 days
FRA-18432,Maharashtra,Yavatmal,DELAYED_CLAIM,HIGH,Pending claim has remained unresolved for more than one year.,Submitted: 2021-08-14 | Pending for approximately 1847 days
FRA-18434,Gujarat,Tapi,DELAYED_CLAIM,HIGH,Pending claim has remained unresolved for more than one year.,Submitted: 2024-08-26 | Pending for approximately 739 days
FRA-18438,Rajasthan,Pratapgarh,DELAYED_CLAIM,HIGH,Pending claim has remained unresolved for more than one year.,Submitted: 2022-11-11 | Pending for approximately 1393 days
FRA-18439,Jharkhand,Ranchi,DELAYED_CLAIM,HIGH,Pending claim has remained unresolved for more than one year.,Submitted: 2023-11-15 | Pending for approximately 1024 days
FRA-18449,Jharkhand,Latehar,DELAYED_CLAIM,HIGH,Pending claim has remained unresolved for more than one year.,Submitted: 2020-07-06 | Pending for approximately 2251 days
FRA-18458,Maharashtra,Nashik,DELAYED_CLAIM,HIGH,Pending claim has remained unresolved for more than one year.,Submitted: 2020-09-04 | Pending for approximately 2191 days
FRA-18459,Jharkhand,Ranchi,DELAYED_CLAIM,HIGH,Pending claim has remained unresolved for more than one year.,Submitted: 2024-05-17 | Pending for approximately 840 days
FRA-18464,Gujarat,Tapi,DELAYED_CLAIM,HIGH,Pending claim has remained unresolved for more than one year.,Submitted: 2021-09-23 | Pending for approximately 1807 days
FRA-18469,Rajasthan,Banswara,DELAYED_CLAIM,HIGH,Pending claim has remained unresolved for more than one year.,Submitted: 2022-07-01 | Pending for approximately 1526 days
FRA-18470,Jharkhand,Gumla,DELAYED_CLAIM,HIGH,Pending claim has remained unresolved for more than one year.,Submitted: 2023-12-12 | Pending for approximately 997 days
FRA-18471,Chhattisgarh,Korba,DELAYED_CLAIM,HIGH,Pending claim has remained unresolved for more than one year.,Submitted: 2021-08-09 | Pending for approximately 1852 days
FRA-18472,Rajasthan,Dungarpur,DELAYED_CLAIM,MEDIUM,Pending claim has remained unresolved for more than one year.,Submitted: 2025-07-21 | Pending for approximately 410 days
FRA-18474,Jharkhand,West Singhbhum,DELAYED_CLAIM,HIGH,Pending claim has remained unresolved for more than one year.,Submitted: 2021-06-13 | Pending for approximately 1909 days
FRA-18475,Odisha,Kandhamal,DELAYED_CLAIM,HIGH,Pending claim has remained unresolved for more than one year.,Submitted: 2021-05-22 | Pending for approximately 1931 days
FRA-18477,Odisha,Keonjhar,DELAYED_CLAIM,HIGH,Pending claim has remained unresolved for more than one year.,Submitted: 2021-02-25 | Pending for approximately 2017 days
FRA-18480,Madhya Pradesh,Betul,DELAYED_CLAIM,HIGH,Pending claim has remained unresolved for more than one year.,Submitted: 2020-04-11 | Pending for approximately 2337 days
FRA-18483,Odisha,Sundargarh,DELAYED_CLAIM,HIGH,Pending claim has remained unresolved for more than one year.,Submitted: 2023-05-18 | Pending for approximately 1205 days
FRA-18485,Madhya Pradesh,Chhindwara,DELAYED_CLAIM,HIGH,Pending claim has remained unresolved for more than one year.,Submitted: 2022-03-30 | Pending for approximately 1619 days
FRA-18488,Madhya Pradesh,Chhindwara,DELAYED_CLAIM,HIGH,Pending claim has remained unresolved for more than one year.,Submitted: 2024-03-11 | Pending for approximately 907 days
FRA-18489,Jharkhand,West Singhbhum,DELAYED_CLAIM,HIGH,Pending claim has remained unresolved for more than one year.,Submitted: 2021-02-03 | Pending for approximately 2039 days
FRA-18492,Gujarat,Valsad,DELAYED_CLAIM,HIGH,Pending claim has remained unresolved for more than one year.,Submitted: 2023-10-10 | Pending for approximately 1060 days
FRA-18495,Rajasthan,Udaipur,DELAYED_CLAIM,MEDIUM,Pending claim has remained unresolved for more than one year.,Submitted: 2024-11-02 | Pending for approximately 671 days
FRA-18500,Rajasthan,Sirohi,DELAYED_CLAIM,HIGH,Pending claim has remained unresolved for more than one year.,Submitted: 2023-11-16 | Pending for approximately 1023 days
FRA-18504,Gujarat,Dangs,DELAYED_CLAIM,HIGH,Pending claim has remained unresolved for more than one year.,Submitted: 2021-03-10 | Pending for approximately 2004 days
FRA-18519,Rajasthan,Pratapgarh,DELAYED_CLAIM,HIGH,Pending claim has remained unresolved for more than one year.,Submitted: 2023-09-23 | Pending for approximately 1077 days
FRA-18522,Jharkhand,Simdega,DELAYED_CLAIM,HIGH,Pending claim has remained unresolved for more than one year.,Submitted: 2021-05-21 | Pending for approximately 1932 days
FRA-18534,Jharkhand,Simdega,DELAYED_CLAIM,HIGH,Pending claim has remained unresolved for more than one year.,Submitted: 2023-03-02 | Pending for approximately 1282 days
FRA-18540,Jharkhand,Gumla,DELAYED_CLAIM,HIGH,Pending claim has remained unresolved for more than one year.,Submitted: 2021-07-15 | Pending for approximately 1877 days
FRA-18542,Rajasthan,Sirohi,DELAYED_CLAIM,HIGH,Pending claim has remained unresolved for more than one year.,Submitted: 2024-03-20 | Pending for approximately 898 days
FRA-18544,Chhattisgarh,Korba,DELAYED_CLAIM,HIGH,Pending claim has remained unresolved for more than one year.,Submitted: 2024-07-23 | Pending for approximately 773 days
FRA-18550,Odisha,Kandhamal,DELAYED_CLAIM,HIGH,Pending claim has remained unresolved for more than one year.,Submitted: 2024-05-29 | Pending for approximately 828 days
FRA-18554,Madhya Pradesh,Chhindwara,DELAYED_CLAIM,HIGH,Pending claim has remained unresolved for more than one year.,Submitted: 2021-01-08 | Pending for approximately 2065 days
FRA-18561,Odisha,Koraput,DELAYED_CLAIM,HIGH,Pending claim has remained unresolved for more than one year.,Submitted: 2020-08-02 | Pending for approximately 2224 days
FRA-18562,Gujarat,Dangs,DELAYED_CLAIM,HIGH,Pending claim has remained unresolved for more than one year.,Submitted: 2021-01-20 | Pending for approximately 2053 days
FRA-18565,Odisha,Sundargarh,DELAYED_CLAIM,HIGH,Pending claim has remained unresolved for more than one year.,Submitted: 2023-05-12 | Pending for approximately 1211 days
FRA-18567,Madhya Pradesh,Betul,DELAYED_CLAIM,MEDIUM,Pending claim has remained unresolved for more than one year.,Submitted: 2025-02-24 | Pending for approximately 557 days
FRA-18570,Odisha,Kandhamal,DELAYED_CLAIM,HIGH,Pending claim has remained unresolved for more than one year.,Submitted: 2020-03-30 | Pending for approximately 2349 days
FRA-18572,Gujarat,Narmada,DELAYED_CLAIM,HIGH,Pending claim has remained unresolved for more than one year.,Submitted: 2021-10-28 | Pending for approximately 1772 days
FRA-18576,Gujarat,Narmada,DELAYED_CLAIM,HIGH,Pending claim has remained unresolved for more than one year.,Submitted: 2020-11-23 | Pending for approximately 2111 days
FRA-18577,Odisha,Kandhamal,DELAYED_CLAIM,MEDIUM,Pending claim has remained unresolved for more than one year.,Submitted: 2025-05-08 | Pending for approximately 484 days
FRA-18578,Chhattisgarh,Kanker,DELAYED_CLAIM,MEDIUM,Pending claim has remained unresolved for more than one year.,Submitted: 2024-11-16 | Pending for approximately 657 days
FRA-18580,Rajasthan,Sirohi,DELAYED_CLAIM,HIGH,Pending claim has remained unresolved for more than one year.,Submitted: 2020-03-31 | Pending for approximately 2348 days
FRA-18587,Jharkhand,Gumla,DELAYED_CLAIM,HIGH,Pending claim has remained unresolved for more than one year.,Submitted: 2023-11-09 | Pending for approximately 1030 days
FRA-18590,Jharkhand,West Singhbhum,DELAYED_CLAIM,HIGH,Pending claim has remained unresolved for more than one year.,Submitted: 2022-10-27 | Pending for approximately 1408 days
FRA-18591,Gujarat,Dangs,DELAYED_CLAIM,MEDIUM,Pending claim has remained unresolved for more than one year.,Submitted: 2025-04-20 | Pending for approximately 502 days
FRA-18592,Jharkhand,Simdega,DELAYED_CLAIM,HIGH,Pending claim has remained unresolved for more than one year.,Submitted: 2024-07-07 | Pending for approximately 789 days
FRA-18594,Madhya Pradesh,Mandla,DELAYED_CLAIM,HIGH,Pending claim has remained unresolved for more than one year.,Submitted: 2020-06-07 | Pending for approximately 2280 days
FRA-18596,Chhattisgarh,Surguja,DELAYED_CLAIM,HIGH,Pending claim has remained unresolved for more than one year.,Submitted: 2020-10-14 | Pending for approximately 2151 days
FRA-18597,Madhya Pradesh,Mandla,DELAYED_CLAIM,HIGH,Pending claim has remained unresolved for more than one year.,Submitted: 2020-07-06 | Pending for approximately 2251 days
FRA-18598,Gujarat,Tapi,DELAYED_CLAIM,HIGH,Pending claim has remained unresolved for more than one year.,Submitted: 2024-05-23 | Pending for approximately 834 days
FRA-18604,Gujarat,Valsad,DELAYED_CLAIM,HIGH,Pending claim has remained unresolved for more than one year.,Submitted: 2021-04-13 | Pending for approximately 1970 days
FRA-18606,Odisha,Keonjhar,DELAYED_CLAIM,HIGH,Pending claim has remained unresolved for more than one year.,Submitted: 2020-05-04 | Pending for approximately 2314 days
FRA-18607,Rajasthan,Dungarpur,DELAYED_CLAIM,MEDIUM,Pending claim has remained unresolved for more than one year.,Submitted: 2024-10-05 | Pending for approximately 699 days
FRA-18609,Odisha,Sundargarh,DELAYED_CLAIM,HIGH,Pending claim has remained unresolved for more than one year.,Submitted: 2023-09-13 | Pending for approximately 1087 days
FRA-18611,Jharkhand,Latehar,DELAYED_CLAIM,HIGH,Pending claim has remained unresolved for more than one year.,Submitted: 2021-11-10 | Pending for approximately 1759 days
FRA-18612,Jharkhand,Ranchi,DELAYED_CLAIM,MEDIUM,Pending claim has remained unresolved for more than one year.,Submitted: 2025-08-28 | Pending for approximately 372 days
FRA-18614,Odisha,Keonjhar,DELAYED_CLAIM,HIGH,Pending claim has remained unresolved for more than one year.,Submitted: 2023-09-19 | Pending for approximately 1081 days
FRA-18621,Chhattisgarh,Dantewada,DELAYED_CLAIM,HIGH,Pending claim has remained unresolved for more than one year.,Submitted: 2024-08-25 | Pending for approximately 740 days
FRA-18623,Rajasthan,Sirohi,DELAYED_CLAIM,MEDIUM,Pending claim has remained unresolved for more than one year.,Submitted: 2024-12-24 | Pending for approximately 619 days
FRA-18625,Rajasthan,Udaipur,DELAYED_CLAIM,MEDIUM,Pending claim has remained unresolved for more than one year.,Submitted: 2025-07-13 | Pending for approximately 418 days
FRA-18635,Jharkhand,Gumla,DELAYED_CLAIM,HIGH,Pending claim has remained unresolved for more than one year.,Submitted: 2022-06-14 | Pending for approximately 1543 days
FRA-18637,Jharkhand,West Singhbhum,DELAYED_CLAIM,HIGH,Pending claim has remained unresolved for more than one year.,Submitted: 2021-05-25 | Pending for approximately 1928 days
FRA-18641,Gujarat,Dangs,DELAYED_CLAIM,MEDIUM,Pending claim has remained unresolved for more than one year.,Submitted: 2025-01-09 | Pending for approximately 603 days
FRA-18653,Rajasthan,Pratapgarh,DELAYED_CLAIM,HIGH,Pending claim has remained unresolved for more than one year.,Submitted: 2020-10-04 | Pending for approximately 2161 days
FRA-18659,Odisha,Kandhamal,DELAYED_CLAIM,HIGH,Pending claim has remained unresolved for more than one year.,Submitted: 2021-02-20 | Pending for approximately 2022 days
FRA-18661,Madhya Pradesh,Balaghat,DELAYED_CLAIM,MEDIUM,Pending claim has remained unresolved for more than one year.,Submitted: 2024-11-02 | Pending for approximately 671 days
FRA-18666,Rajasthan,Udaipur,DELAYED_CLAIM,HIGH,Pending claim has remained unresolved for more than one year.,Submitted: 2021-12-28 | Pending for approximately 1711 days
FRA-18669,Madhya Pradesh,Dindori,DELAYED_CLAIM,HIGH,Pending claim has remained unresolved for more than one year.,Submitted: 2021-09-10 | Pending for approximately 1820 days
FRA-18684,Jharkhand,Ranchi,DELAYED_CLAIM,HIGH,Pending claim has remained unresolved for more than one year.,Submitted: 2021-12-20 | Pending for approximately 1719 days
FRA-18685,Chhattisgarh,Surguja,DELAYED_CLAIM,HIGH,Pending claim has remained unresolved for more than one year.,Submitted: 2020-05-03 | Pending for approximately 2315 days
FRA-18689,Chhattisgarh,Kanker,DELAYED_CLAIM,HIGH,Pending claim has remained unresolved for more than one year.,Submitted: 2024-07-03 | Pending for approximately 793 days
FRA-18697,Madhya Pradesh,Dindori,DELAYED_CLAIM,HIGH,Pending claim has remained unresolved for more than one year.,Submitted: 2021-08-10 | Pending for approximately 1851 days
FRA-18698,Odisha,Kandhamal,DELAYED_CLAIM,HIGH,Pending claim has remained unresolved for more than one year.,Submitted: 2021-04-10 | Pending for approximately 1973 days
FRA-18705,Jharkhand,Simdega,DELAYED_CLAIM,MEDIUM,Pending claim has remained unresolved for more than one year.,Submitted: 2025-05-20 | Pending for approximately 472 days
FRA-18706,Odisha,Kandhamal,DELAYED_CLAIM,HIGH,Pending claim has remained unresolved for more than one year.,Submitted: 2024-06-29 | Pending for approximately 797 days
FRA-18707,Gujarat,Dangs,DELAYED_CLAIM,HIGH,Pending claim has remained unresolved for more than one year.,Submitted: 2021-03-30 | Pending for approximately 1984 days
FRA-18711,Maharashtra,Yavatmal,DELAYED_CLAIM,HIGH,Pending claim has remained unresolved for more than one year.,Submitted: 2021-06-25 | Pending for approximately 1897 days
FRA-18715,Maharashtra,Nashik,DELAYED_CLAIM,HIGH,Pending claim has remained unresolved for more than one year.,Submitted: 2022-04-02 | Pending for approximately 1616 days
FRA-18721,Odisha,Sundargarh,DELAYED_CLAIM,MEDIUM,Pending claim has remained unresolved for more than one year.,Submitted: 2025-01-14 | Pending for approximately 598 days
FRA-18722,Jharkhand,Ranchi,DELAYED_CLAIM,HIGH,Pending claim has remained unresolved for more than one year.,Submitted: 2024-01-21 | Pending for approximately 957 days
FRA-18723,Maharashtra,Gadchiroli,DELAYED_CLAIM,HIGH,Pending claim has remained unresolved for more than one year.,Submitted: 2021-03-25 | Pending for approximately 1989 days
FRA-18725,Gujarat,Valsad,DELAYED_CLAIM,HIGH,Pending claim has remained unresolved for more than one year.,Submitted: 2021-08-19 | Pending for approximately 1842 days
FRA-18730,Jharkhand,Latehar,DELAYED_CLAIM,MEDIUM,Pending claim has remained unresolved for more than one year.,Submitted: 2024-10-13 | Pending for approximately 691 days
FRA-18732,Rajasthan,Sirohi,DELAYED_CLAIM,HIGH,Pending claim has remained unresolved for more than one year.,Submitted: 2020-02-18 | Pending for approximately 2390 days
FRA-18733,Chhattisgarh,Surguja,DELAYED_CLAIM,HIGH,Pending claim has remained unresolved for more than one year.,Submitted: 2021-04-13 | Pending for approximately 1970 days
FRA-18737,Rajasthan,Pratapgarh,DELAYED_CLAIM,MEDIUM,Pending claim has remained unresolved for more than one year.,Submitted: 2025-08-19 | Pending for approximately 381 days
FRA-18739,Rajasthan,Udaipur,DELAYED_CLAIM,HIGH,Pending claim has remained unresolved for more than one year.,Submitted: 2022-03-19 | Pending for approximately 1630 days
FRA-18741,Maharashtra,Gadchiroli,DELAYED_CLAIM,HIGH,Pending claim has remained unresolved for more than one year.,Submitted: 2021-11-18 | Pending for approximately 1751 days
FRA-18742,Rajasthan,Dungarpur,DELAYED_CLAIM,HIGH,Pending claim has remained unresolved for more than one year.,Submitted: 2023-04-19 | Pending for approximately 1234 days
FRA-18745,Maharashtra,Nashik,DELAYED_CLAIM,HIGH,Pending claim has remained unresolved for more than one year.,Submitted: 2020-02-17 | Pending for approximately 2391 days
FRA-18756,Maharashtra,Nandurbar,DELAYED_CLAIM,MEDIUM,Pending claim has remained unresolved for more than one year.,Submitted: 2025-01-11 | Pending for approximately 601 days
FRA-18766,Odisha,Keonjhar,DELAYED_CLAIM,HIGH,Pending claim has remained unresolved for more than one year.,Submitted: 2021-11-11 | Pending for approximately 1758 days
FRA-18767,Odisha,Kandhamal,DELAYED_CLAIM,HIGH,Pending claim has remained unresolved for more than one year.,Submitted: 2022-10-15 | Pending for approximately 1420 days
FRA-18768,Maharashtra,Nandurbar,DELAYED_CLAIM,MEDIUM,Pending claim has remained unresolved for more than one year.,Submitted: 2024-12-28 | Pending for approximately 615 days
FRA-18778,Rajasthan,Dungarpur,DELAYED_CLAIM,MEDIUM,Pending claim has remained unresolved for more than one year.,Submitted: 2024-10-15 | Pending for approximately 689 days
FRA-18780,Gujarat,Bharuch,DELAYED_CLAIM,HIGH,Pending claim has remained unresolved for more than one year.,Submitted: 2023-10-05 | Pending for approximately 1065 days
FRA-18783,Gujarat,Bharuch,DELAYED_CLAIM,HIGH,Pending claim has remained unresolved for more than one year.,Submitted: 2021-07-17 | Pending for approximately 1875 days
FRA-18787,Rajasthan,Udaipur,DELAYED_CLAIM,HIGH,Pending claim has remained unresolved for more than one year.,Submitted: 2021-08-12 | Pending for approximately 1849 days
FRA-18789,Rajasthan,Udaipur,DELAYED_CLAIM,HIGH,Pending claim has remained unresolved for more than one year.,Submitted: 2022-02-01 | Pending for approximately 1676 days
FRA-18791,Madhya Pradesh,Chhindwara,DELAYED_CLAIM,HIGH,Pending claim has remained unresolved for more than one year.,Submitted: 2020-02-21 | Pending for approximately 2387 days
FRA-18797,Madhya Pradesh,Mandla,DELAYED_CLAIM,HIGH,Pending claim has remained unresolved for more than one year.,Submitted: 2022-03-20 | Pending for approximately 1629 days
FRA-18803,Jharkhand,West Singhbhum,DELAYED_CLAIM,HIGH,Pending claim has remained unresolved for more than one year.,Submitted: 2023-02-25 | Pending for approximately 1287 days
FRA-18810,Gujarat,Tapi,DELAYED_CLAIM,HIGH,Pending claim has remained unresolved for more than one year.,Submitted: 2020-07-19 | Pending for approximately 2238 days
FRA-18812,Jharkhand,Ranchi,DELAYED_CLAIM,HIGH,Pending claim has remained unresolved for more than one year.,Submitted: 2023-11-14 | Pending for approximately 1025 days
FRA-18818,Jharkhand,Latehar,DELAYED_CLAIM,HIGH,Pending claim has remained unresolved for more than one year.,Submitted: 2023-12-10 | Pending for approximately 999 days
FRA-18823,Gujarat,Narmada,DELAYED_CLAIM,MEDIUM,Pending claim has remained unresolved for more than one year.,Submitted: 2024-10-19 | Pending for approximately 685 days
FRA-18826,Gujarat,Dangs,DELAYED_CLAIM,HIGH,Pending claim has remained unresolved for more than one year.,Submitted: 2020-10-01 | Pending for approximately 2164 days
FRA-18830,Rajasthan,Dungarpur,DELAYED_CLAIM,HIGH,Pending claim has remained unresolved for more than one year.,Submitted: 2021-01-15 | Pending for approximately 2058 days
FRA-18831,Rajasthan,Pratapgarh,DELAYED_CLAIM,HIGH,Pending claim has remained unresolved for more than one year.,Submitted: 2024-02-24 | Pending for approximately 923 days
FRA-18833,Chhattisgarh,Korba,DELAYED_CLAIM,HIGH,Pending claim has remained unresolved for more than one year.,Submitted: 2021-05-04 | Pending for approximately 1949 days
FRA-18836,Jharkhand,Simdega,DELAYED_CLAIM,HIGH,Pending claim has remained unresolved for more than one year.,Submitted: 2022-09-05 | Pending for approximately 1460 days
FRA-18839,Maharashtra,Yavatmal,DELAYED_CLAIM,HIGH,Pending claim has remained unresolved for more than one year.,Submitted: 2023-05-13 | Pending for approximately 1210 days
FRA-18842,Chhattisgarh,Dantewada,DELAYED_CLAIM,HIGH,Pending claim has remained unresolved for more than one year.,Submitted: 2024-07-14 | Pending for approximately 782 days
FRA-18844,Gujarat,Dangs,DELAYED_CLAIM,HIGH,Pending claim has remained unresolved for more than one year.,Submitted: 2021-05-10 | Pending for approximately 1943 days
FRA-18847,Odisha,Mayurbhanj,DELAYED_CLAIM,HIGH,Pending claim has remained unresolved for more than one year.,Submitted: 2023-01-02 | Pending for approximately 1341 days
FRA-18855,Madhya Pradesh,Balaghat,DELAYED_CLAIM,HIGH,Pending claim has remained unresolved for more than one year.,Submitted: 2022-12-21 | Pending for approximately 1353 days
FRA-18862,Maharashtra,Amravati,DELAYED_CLAIM,HIGH,Pending claim has remained unresolved for more than one year.,Submitted: 2021-12-16 | Pending for approximately 1723 days
FRA-18863,Maharashtra,Gadchiroli,DELAYED_CLAIM,HIGH,Pending claim has remained unresolved for more than one year.,Submitted: 2024-07-10 | Pending for approximately 786 days
FRA-18864,Gujarat,Valsad,DELAYED_CLAIM,HIGH,Pending claim has remained unresolved for more than one year.,Submitted: 2021-10-17 | Pending for approximately 1783 days
FRA-18868,Jharkhand,West Singhbhum,DELAYED_CLAIM,HIGH,Pending claim has remained unresolved for more than one year.,Submitted: 2023-06-23 | Pending for approximately 1169 days
FRA-18874,Odisha,Mayurbhanj,DELAYED_CLAIM,HIGH,Pending claim has remained unresolved for more than one year.,Submitted: 2021-02-02 | Pending for approximately 2040 days
FRA-18876,Gujarat,Valsad,DELAYED_CLAIM,HIGH,Pending claim has remained unresolved for more than one year.,Submitted: 2023-10-12 | Pending for approximately 1058 days
FRA-18877,Madhya Pradesh,Chhindwara,DELAYED_CLAIM,HIGH,Pending claim has remained unresolved for more than one year.,Submitted: 2022-10-15 | Pending for approximately 1420 days
FRA-18878,Jharkhand,Gumla,DELAYED_CLAIM,HIGH,Pending claim has remained unresolved for more than one year.,Submitted: 2020-06-16 | Pending for approximately 2271 days
FRA-18879,Chhattisgarh,Kanker,DELAYED_CLAIM,HIGH,Pending claim has remained unresolved for more than one year.,Submitted: 2022-05-11 | Pending for approximately 1577 days
FRA-18880,Odisha,Koraput,DELAYED_CLAIM,HIGH,Pending claim has remained unresolved for more than one year.,Submitted: 2023-01-31 | Pending for approximately 1312 days
FRA-18888,Madhya Pradesh,Balaghat,DELAYED_CLAIM,HIGH,Pending claim has remained unresolved for more than one year.,Submitted: 2023-09-23 | Pending for approximately 1077 days
FRA-18889,Maharashtra,Nandurbar,DELAYED_CLAIM,HIGH,Pending claim has remained unresolved for more than one year.,Submitted: 2024-08-24 | Pending for approximately 741 days
FRA-18895,Chhattisgarh,Kanker,DELAYED_CLAIM,MEDIUM,Pending claim has remained unresolved for more than one year.,Submitted: 2025-03-22 | Pending for approximately 531 days
FRA-18900,Rajasthan,Pratapgarh,DELAYED_CLAIM,HIGH,Pending claim has remained unresolved for more than one year.,Submitted: 2023-04-18 | Pending for approximately 1235 days
FRA-18901,Maharashtra,Nandurbar,DELAYED_CLAIM,HIGH,Pending claim has remained unresolved for more than one year.,Submitted: 2023-02-07 | Pending for approximately 1305 days
FRA-18902,Jharkhand,Gumla,DELAYED_CLAIM,HIGH,Pending claim has remained unresolved for more than one year.,Submitted: 2021-12-23 | Pending for approximately 1716 days
FRA-18904,Madhya Pradesh,Betul,DELAYED_CLAIM,MEDIUM,Pending claim has remained unresolved for more than one year.,Submitted: 2025-02-07 | Pending for approximately 574 days
FRA-18910,Jharkhand,Simdega,DELAYED_CLAIM,HIGH,Pending claim has remained unresolved for more than one year.,Submitted: 2022-09-26 | Pending for approximately 1439 days
FRA-18918,Maharashtra,Gadchiroli,DELAYED_CLAIM,HIGH,Pending claim has remained unresolved for more than one year.,Submitted: 2021-07-25 | Pending for approximately 1867 days
FRA-18919,Rajasthan,Pratapgarh,DELAYED_CLAIM,HIGH,Pending claim has remained unresolved for more than one year.,Submitted: 2023-03-08 | Pending for approximately 1276 days
FRA-18922,Jharkhand,West Singhbhum,DELAYED_CLAIM,HIGH,Pending claim has remained unresolved for more than one year.,Submitted: 2023-07-30 | Pending for approximately 1132 days
FRA-18923,Jharkhand,West Singhbhum,DELAYED_CLAIM,HIGH,Pending claim has remained unresolved for more than one year.,Submitted: 2020-08-01 | Pending for approximately 2225 days
FRA-18925,Gujarat,Valsad,DELAYED_CLAIM,HIGH,Pending claim has remained unresolved for more than one year.,Submitted: 2022-08-15 | Pending for approximately 1481 days
FRA-18927,Maharashtra,Nashik,DELAYED_CLAIM,HIGH,Pending claim has remained unresolved for more than one year.,Submitted: 2024-02-27 | Pending for approximately 920 days
FRA-18933,Odisha,Kandhamal,DELAYED_CLAIM,HIGH,Pending claim has remained unresolved for more than one year.,Submitted: 2023-02-22 | Pending for approximately 1290 days
FRA-18938,Odisha,Koraput,DELAYED_CLAIM,HIGH,Pending claim has remained unresolved for more than one year.,Submitted: 2023-06-25 | Pending for approximately 1167 days
FRA-18942,Maharashtra,Nandurbar,DELAYED_CLAIM,HIGH,Pending claim has remained unresolved for more than one year.,Submitted: 2021-12-09 | Pending for approximately 1730 days
FRA-18944,Jharkhand,West Singhbhum,DELAYED_CLAIM,HIGH,Pending claim has remained unresolved for more than one year.,Submitted: 2022-06-19 | Pending for approximately 1538 days
FRA-18949,Gujarat,Narmada,DELAYED_CLAIM,MEDIUM,Pending claim has remained unresolved for more than one year.,Submitted: 2024-11-18 | Pending for approximately 655 days
FRA-18950,Jharkhand,Simdega,DELAYED_CLAIM,MEDIUM,Pending claim has remained unresolved for more than one year.,Submitted: 2025-08-03 | Pending for approximately 397 days
FRA-18956,Jharkhand,Simdega,DELAYED_CLAIM,HIGH,Pending claim has remained unresolved for more than one year.,Submitted: 2020-03-24 | Pending for approximately 2355 days
FRA-18957,Chhattisgarh,Bastar,DELAYED_CLAIM,HIGH,Pending claim has remained unresolved for more than one year.,Submitted: 2021-06-29 | Pending for approximately 1893 days
FRA-18958,Chhattisgarh,Dantewada,DELAYED_CLAIM,HIGH,Pending claim has remained unresolved for more than one year.,Submitted: 2022-02-11 | Pending for approximately 1666 days
FRA-18959,Odisha,Keonjhar,DELAYED_CLAIM,HIGH,Pending claim has remained unresolved for more than one year.,Submitted: 2021-12-27 | Pending for approximately 1712 days
FRA-18968,Odisha,Keonjhar,DELAYED_CLAIM,HIGH,Pending claim has remained unresolved for more than one year.,Submitted: 2021-12-28 | Pending for approximately 1711 days
FRA-18971,Rajasthan,Sirohi,DELAYED_CLAIM,HIGH,Pending claim has remained unresolved for more than one year.,Submitted: 2021-03-15 | Pending for approximately 1999 days
FRA-18973,Rajasthan,Dungarpur,DELAYED_CLAIM,HIGH,Pending claim has remained unresolved for more than one year.,Submitted: 2022-01-31 | Pending for approximately 1677 days
FRA-18976,Jharkhand,Latehar,DELAYED_CLAIM,HIGH,Pending claim has remained unresolved for more than one year.,Submitted: 2020-09-02 | Pending for approximately 2193 days
FRA-18977,Gujarat,Bharuch,DELAYED_CLAIM,HIGH,Pending claim has remained unresolved for more than one year.,Submitted: 2024-07-03 | Pending for approximately 793 days
FRA-18981,Rajasthan,Sirohi,DELAYED_CLAIM,MEDIUM,Pending claim has remained unresolved for more than one year.,Submitted: 2025-05-06 | Pending for approximately 486 days
FRA-18989,Chhattisgarh,Dantewada,DELAYED_CLAIM,HIGH,Pending claim has remained unresolved for more than one year.,Submitted: 2020-10-20 | Pending for approximately 2145 days
FRA-18992,Gujarat,Dangs,DELAYED_CLAIM,HIGH,Pending claim has remained unresolved for more than one year.,Submitted: 2021-05-29 | Pending for approximately 1924 days
FRA-18994,Odisha,Mayurbhanj,DELAYED_CLAIM,MEDIUM,Pending claim has remained unresolved for more than one year.,Submitted: 2025-05-29 | Pending for approximately 463 days
FRA-18998,Rajasthan,Pratapgarh,DELAYED_CLAIM,HIGH,Pending claim has remained unresolved for more than one year.,Submitted: 2021-08-22 | Pending for approximately 1839 days
FRA-19000,Chhattisgarh,Dantewada,DELAYED_CLAIM,MEDIUM,Pending claim has remained unresolved for more than one year.,Submitted: 2025-02-19 | Pending for approximately 562 days
FRA-19001,Rajasthan,Banswara,DELAYED_CLAIM,HIGH,Pending claim has remained unresolved for more than one year.,Submitted: 2021-11-24 | Pending for approximately 1745 days
FRA-19004,Chhattisgarh,Kanker,DELAYED_CLAIM,HIGH,Pending claim has remained unresolved for more than one year.,Submitted: 2023-04-07 | Pending for approximately 1246 days
FRA-19009,Maharashtra,Gadchiroli,DELAYED_CLAIM,HIGH,Pending claim has remained unresolved for more than one year.,Submitted: 2021-03-26 | Pending for approximately 1988 days
FRA-19011,Chhattisgarh,Dantewada,DELAYED_CLAIM,MEDIUM,Pending claim has remained unresolved for more than one year.,Submitted: 2025-07-07 | Pending for approximately 424 days
FRA-19013,Jharkhand,Gumla,DELAYED_CLAIM,HIGH,Pending claim has remained unresolved for more than one year.,Submitted: 2021-01-07 | Pending for approximately 2066 days
FRA-19019,Madhya Pradesh,Chhindwara,DELAYED_CLAIM,HIGH,Pending claim has remained unresolved for more than one year.,Submitted: 2022-04-26 | Pending for approximately 1592 days
FRA-19026,Jharkhand,West Singhbhum,DELAYED_CLAIM,HIGH,Pending claim has remained unresolved for more than one year.,Submitted: 2022-11-15 | Pending for approximately 1389 days
FRA-19029,Madhya Pradesh,Chhindwara,DELAYED_CLAIM,MEDIUM,Pending claim has remained unresolved for more than one year.,Submitted: 2024-11-10 | Pending for approximately 663 days
FRA-19030,Chhattisgarh,Bastar,DELAYED_CLAIM,HIGH,Pending claim has remained unresolved for more than one year.,Submitted: 2022-05-30 | Pending for approximately 1558 days
FRA-19037,Chhattisgarh,Korba,DELAYED_CLAIM,HIGH,Pending claim has remained unresolved for more than one year.,Submitted: 2023-02-11 | Pending for approximately 1301 days
FRA-19038,Rajasthan,Pratapgarh,DELAYED_CLAIM,HIGH,Pending claim has remained unresolved for more than one year.,Submitted: 2021-04-25 | Pending for approximately 1958 days
FRA-19044,Jharkhand,Ranchi,DELAYED_CLAIM,MEDIUM,Pending claim has remained unresolved for more than one year.,Submitted: 2024-10-03 | Pending for approximately 701 days
FRA-19046,Odisha,Kandhamal,DELAYED_CLAIM,MEDIUM,Pending claim has remained unresolved for more than one year.,Submitted: 2024-09-12 | Pending for approximately 722 days
FRA-19049,Chhattisgarh,Surguja,DELAYED_CLAIM,HIGH,Pending claim has remained unresolved for more than one year.,Submitted: 2021-07-10 | Pending for approximately 1882 days
FRA-19053,Rajasthan,Udaipur,DELAYED_CLAIM,HIGH,Pending claim has remained unresolved for more than one year.,Submitted: 2021-07-19 | Pending for approximately 1873 days
FRA-19054,Maharashtra,Yavatmal,DELAYED_CLAIM,HIGH,Pending claim has remained unresolved for more than one year.,Submitted: 2024-05-13 | Pending for approximately 844 days
FRA-19055,Gujarat,Valsad,DELAYED_CLAIM,HIGH,Pending claim has remained unresolved for more than one year.,Submitted: 2024-02-14 | Pending for approximately 933 days
FRA-19056,Jharkhand,Ranchi,DELAYED_CLAIM,HIGH,Pending claim has remained unresolved for more than one year.,Submitted: 2021-12-07 | Pending for approximately 1732 days
FRA-19058,Gujarat,Tapi,DELAYED_CLAIM,HIGH,Pending claim has remained unresolved for more than one year.,Submitted: 2021-08-15 | Pending for approximately 1846 days
FRA-19060,Maharashtra,Nashik,DELAYED_CLAIM,MEDIUM,Pending claim has remained unresolved for more than one year.,Submitted: 2025-03-01 | Pending for approximately 552 days
FRA-19061,Rajasthan,Pratapgarh,DELAYED_CLAIM,HIGH,Pending claim has remained unresolved for more than one year.,Submitted: 2021-05-26 | Pending for approximately 1927 days
FRA-19062,Chhattisgarh,Dantewada,DELAYED_CLAIM,HIGH,Pending claim has remained unresolved for more than one year.,Submitted: 2022-06-20 | Pending for approximately 1537 days
FRA-19063,Madhya Pradesh,Chhindwara,DELAYED_CLAIM,HIGH,Pending claim has remained unresolved for more than one year.,Submitted: 2021-01-31 | Pending for approximately 2042 days
FRA-19065,Rajasthan,Udaipur,DELAYED_CLAIM,MEDIUM,Pending claim has remained unresolved for more than one year.,Submitted: 2024-11-13 | Pending for approximately 660 days
FRA-19068,Maharashtra,Nashik,DELAYED_CLAIM,HIGH,Pending claim has remained unresolved for more than one year.,Submitted: 2023-06-04 | Pending for approximately 1188 days
FRA-19069,Jharkhand,Gumla,DELAYED_CLAIM,HIGH,Pending claim has remained unresolved for more than one year.,Submitted: 2024-03-02 | Pending for approximately 916 days
FRA-19070,Jharkhand,Simdega,DELAYED_CLAIM,HIGH,Pending claim has remained unresolved for more than one year.,Submitted: 2023-01-14 | Pending for approximately 1329 days
FRA-19074,Gujarat,Valsad,DELAYED_CLAIM,HIGH,Pending claim has remained unresolved for more than one year.,Submitted: 2023-02-21 | Pending for approximately 1291 days
FRA-19079,Jharkhand,Simdega,DELAYED_CLAIM,HIGH,Pending claim has remained unresolved for more than one year.,Submitted: 2023-06-18 | Pending for approximately 1174 days
FRA-19083,Chhattisgarh,Dantewada,DELAYED_CLAIM,HIGH,Pending claim has remained unresolved for more than one year.,Submitted: 2021-06-28 | Pending for approximately 1894 days
FRA-19093,Chhattisgarh,Korba,DELAYED_CLAIM,HIGH,Pending claim has remained unresolved for more than one year.,Submitted: 2021-04-25 | Pending for approximately 1958 days
FRA-19095,Maharashtra,Yavatmal,DELAYED_CLAIM,HIGH,Pending claim has remained unresolved for more than one year.,Submitted: 2022-11-20 | Pending for approximately 1384 days
FRA-19097,Gujarat,Tapi,DELAYED_CLAIM,HIGH,Pending claim has remained unresolved for more than one year.,Submitted: 2023-12-02 | Pending for approximately 1007 days
FRA-19100,Jharkhand,West Singhbhum,DELAYED_CLAIM,HIGH,Pending claim has remained unresolved for more than one year.,Submitted: 2023-06-20 | Pending for approximately 1172 days
FRA-19105,Jharkhand,Latehar,DELAYED_CLAIM,MEDIUM,Pending claim has remained unresolved for more than one year.,Submitted: 2025-08-08 | Pending for approximately 392 days
FRA-19109,Chhattisgarh,Surguja,DELAYED_CLAIM,HIGH,Pending claim has remained unresolved for more than one year.,Submitted: 2024-04-05 | Pending for approximately 882 days
FRA-19114,Rajasthan,Pratapgarh,DELAYED_CLAIM,MEDIUM,Pending claim has remained unresolved for more than one year.,Submitted: 2024-12-28 | Pending for approximately 615 days
FRA-19115,Odisha,Mayurbhanj,DELAYED_CLAIM,HIGH,Pending claim has remained unresolved for more than one year.,Submitted: 2023-12-13 | Pending for approximately 996 days
FRA-19117,Maharashtra,Yavatmal,DELAYED_CLAIM,HIGH,Pending claim has remained unresolved for more than one year.,Submitted: 2020-12-31 | Pending for approximately 2073 days
FRA-19120,Odisha,Keonjhar,DELAYED_CLAIM,HIGH,Pending claim has remained unresolved for more than one year.,Submitted: 2021-09-15 | Pending for approximately 1815 days
FRA-19121,Jharkhand,Latehar,DELAYED_CLAIM,HIGH,Pending claim has remained unresolved for more than one year.,Submitted: 2021-01-13 | Pending for approximately 2060 days
FRA-19122,Rajasthan,Sirohi,DELAYED_CLAIM,HIGH,Pending claim has remained unresolved for more than one year.,Submitted: 2024-06-14 | Pending for approximately 812 days
FRA-19126,Odisha,Mayurbhanj,DELAYED_CLAIM,HIGH,Pending claim has remained unresolved for more than one year.,Submitted: 2023-11-16 | Pending for approximately 1023 days
FRA-19128,Odisha,Kandhamal,DELAYED_CLAIM,HIGH,Pending claim has remained unresolved for more than one year.,Submitted: 2023-03-22 | Pending for approximately 1262 days
FRA-19131,Odisha,Mayurbhanj,DELAYED_CLAIM,HIGH,Pending claim has remained unresolved for more than one year.,Submitted: 2021-05-25 | Pending for approximately 1928 days
FRA-19135,Jharkhand,Ranchi,DELAYED_CLAIM,HIGH,Pending claim has remained unresolved for more than one year.,Submitted: 2021-02-03 | Pending for approximately 2039 days
FRA-19139,Chhattisgarh,Surguja,DELAYED_CLAIM,HIGH,Pending claim has remained unresolved for more than one year.,Submitted: 2024-02-18 | Pending for approximately 929 days
FRA-19144,Jharkhand,West Singhbhum,DELAYED_CLAIM,HIGH,Pending claim has remained unresolved for more than one year.,Submitted: 2020-08-24 | Pending for approximately 2202 days
FRA-19152,Maharashtra,Nandurbar,DELAYED_CLAIM,HIGH,Pending claim has remained unresolved for more than one year.,Submitted: 2022-02-07 | Pending for approximately 1670 days
FRA-19154,Chhattisgarh,Dantewada,DELAYED_CLAIM,MEDIUM,Pending claim has remained unresolved for more than one year.,Submitted: 2024-12-19 | Pending for approximately 624 days
FRA-19156,Maharashtra,Nandurbar,DELAYED_CLAIM,HIGH,Pending claim has remained unresolved for more than one year.,Submitted: 2020-09-17 | Pending for approximately 2178 days
FRA-19160,Madhya Pradesh,Chhindwara,DELAYED_CLAIM,HIGH,Pending claim has remained unresolved for more than one year.,Submitted: 2021-09-20 | Pending for approximately 1810 days
FRA-19161,Maharashtra,Nandurbar,DELAYED_CLAIM,HIGH,Pending claim has remained unresolved for more than one year.,Submitted: 2022-02-14 | Pending for approximately 1663 days
FRA-19163,Gujarat,Tapi,DELAYED_CLAIM,MEDIUM,Pending claim has remained unresolved for more than one year.,Submitted: 2025-03-29 | Pending for approximately 524 days
FRA-19168,Odisha,Keonjhar,DELAYED_CLAIM,HIGH,Pending claim has remained unresolved for more than one year.,Submitted: 2020-05-16 | Pending for approximately 2302 days
FRA-19177,Maharashtra,Yavatmal,DELAYED_CLAIM,MEDIUM,Pending claim has remained unresolved for more than one year.,Submitted: 2025-02-11 | Pending for approximately 570 days
FRA-19189,Madhya Pradesh,Balaghat,DELAYED_CLAIM,HIGH,Pending claim has remained unresolved for more than one year.,Submitted: 2022-11-24 | Pending for approximately 1380 days
FRA-19192,Rajasthan,Pratapgarh,DELAYED_CLAIM,HIGH,Pending claim has remained unresolved for more than one year.,Submitted: 2022-10-07 | Pending for approximately 1428 days
FRA-19196,Chhattisgarh,Surguja,DELAYED_CLAIM,MEDIUM,Pending claim has remained unresolved for more than one year.,Submitted: 2025-04-16 | Pending for approximately 506 days
FRA-19200,Odisha,Keonjhar,DELAYED_CLAIM,HIGH,Pending claim has remained unresolved for more than one year.,Submitted: 2023-05-04 | Pending for approximately 1219 days
FRA-19202,Maharashtra,Nashik,DELAYED_CLAIM,HIGH,Pending claim has remained unresolved for more than one year.,Submitted: 2023-05-11 | Pending for approximately 1212 days
FRA-19205,Chhattisgarh,Bastar,DELAYED_CLAIM,MEDIUM,Pending claim has remained unresolved for more than one year.,Submitted: 2025-01-25 | Pending for approximately 587 days
FRA-19207,Gujarat,Dangs,DELAYED_CLAIM,MEDIUM,Pending claim has remained unresolved for more than one year.,Submitted: 2025-03-06 | Pending for approximately 547 days
FRA-19208,Rajasthan,Banswara,DELAYED_CLAIM,MEDIUM,Pending claim has remained unresolved for more than one year.,Submitted: 2025-05-14 | Pending for approximately 478 days
FRA-19209,Chhattisgarh,Korba,DELAYED_CLAIM,HIGH,Pending claim has remained unresolved for more than one year.,Submitted: 2022-04-27 | Pending for approximately 1591 days
FRA-19212,Odisha,Koraput,DELAYED_CLAIM,HIGH,Pending claim has remained unresolved for more than one year.,Submitted: 2023-05-17 | Pending for approximately 1206 days
FRA-19222,Rajasthan,Udaipur,DELAYED_CLAIM,HIGH,Pending claim has remained unresolved for more than one year.,Submitted: 2021-01-13 | Pending for approximately 2060 days
FRA-19226,Madhya Pradesh,Betul,DELAYED_CLAIM,HIGH,Pending claim has remained unresolved for more than one year.,Submitted: 2020-01-28 | Pending for approximately 2411 days
FRA-19233,Gujarat,Dangs,DELAYED_CLAIM,MEDIUM,Pending claim has remained unresolved for more than one year.,Submitted: 2025-03-13 | Pending for approximately 540 days
FRA-19235,Madhya Pradesh,Betul,DELAYED_CLAIM,HIGH,Pending claim has remained unresolved for more than one year.,Submitted: 2024-03-25 | Pending for approximately 893 days
FRA-19236,Madhya Pradesh,Dindori,DELAYED_CLAIM,HIGH,Pending claim has remained unresolved for more than one year.,Submitted: 2023-05-08 | Pending for approximately 1215 days
FRA-19238,Maharashtra,Nandurbar,DELAYED_CLAIM,HIGH,Pending claim has remained unresolved for more than one year.,Submitted: 2022-07-08 | Pending for approximately 1519 days
FRA-19241,Chhattisgarh,Dantewada,DELAYED_CLAIM,HIGH,Pending claim has remained unresolved for more than one year.,Submitted: 2023-02-02 | Pending for approximately 1310 days
FRA-19245,Rajasthan,Banswara,DELAYED_CLAIM,MEDIUM,Pending claim has remained unresolved for more than one year.,Submitted: 2024-11-10 | Pending for approximately 663 days
FRA-19246,Gujarat,Dangs,DELAYED_CLAIM,HIGH,Pending claim has remained unresolved for more than one year.,Submitted: 2021-04-23 | Pending for approximately 1960 days
FRA-19255,Madhya Pradesh,Betul,DELAYED_CLAIM,HIGH,Pending claim has remained unresolved for more than one year.,Submitted: 2022-09-20 | Pending for approximately 1445 days
FRA-19256,Madhya Pradesh,Mandla,DELAYED_CLAIM,HIGH,Pending claim has remained unresolved for more than one year.,Submitted: 2021-07-11 | Pending for approximately 1881 days
FRA-19258,Maharashtra,Amravati,DELAYED_CLAIM,MEDIUM,Pending claim has remained unresolved for more than one year.,Submitted: 2025-08-28 | Pending for approximately 372 days
FRA-19261,Gujarat,Tapi,DELAYED_CLAIM,HIGH,Pending claim has remained unresolved for more than one year.,Submitted: 2020-04-19 | Pending for approximately 2329 days
FRA-19267,Gujarat,Dangs,DELAYED_CLAIM,HIGH,Pending claim has remained unresolved for more than one year.,Submitted: 2020-07-15 | Pending for approximately 2242 days
FRA-19270,Chhattisgarh,Dantewada,DELAYED_CLAIM,HIGH,Pending claim has remained unresolved for more than one year.,Submitted: 2021-04-08 | Pending for approximately 1975 days
FRA-19273,Madhya Pradesh,Betul,DELAYED_CLAIM,HIGH,Pending claim has remained unresolved for more than one year.,Submitted: 2021-01-25 | Pending for approximately 2048 days
FRA-19275,Gujarat,Tapi,DELAYED_CLAIM,HIGH,Pending claim has remained unresolved for more than one year.,Submitted: 2021-03-01 | Pending for approximately 2013 days
FRA-19278,Jharkhand,Simdega,DELAYED_CLAIM,HIGH,Pending claim has remained unresolved for more than one year.,Submitted: 2021-08-02 | Pending for approximately 1859 days
FRA-19280,Gujarat,Tapi,DELAYED_CLAIM,HIGH,Pending claim has remained unresolved for more than one year.,Submitted: 2021-11-21 | Pending for approximately 1748 days
FRA-19293,Madhya Pradesh,Betul,DELAYED_CLAIM,HIGH,Pending claim has remained unresolved for more than one year.,Submitted: 2023-07-29 | Pending for approximately 1133 days
FRA-19295,Rajasthan,Pratapgarh,DELAYED_CLAIM,HIGH,Pending claim has remained unresolved for more than one year.,Submitted: 2023-06-15 | Pending for approximately 1177 days
FRA-19297,Madhya Pradesh,Chhindwara,DELAYED_CLAIM,HIGH,Pending claim has remained unresolved for more than one year.,Submitted: 2021-07-17 | Pending for approximately 1875 days
FRA-19299,Chhattisgarh,Kanker,DELAYED_CLAIM,HIGH,Pending claim has remained unresolved for more than one year.,Submitted: 2024-07-29 | Pending for approximately 767 days
FRA-19311,Gujarat,Dangs,DELAYED_CLAIM,HIGH,Pending claim has remained unresolved for more than one year.,Submitted: 2022-08-09 | Pending for approximately 1487 days
FRA-19313,Maharashtra,Yavatmal,DELAYED_CLAIM,HIGH,Pending claim has remained unresolved for more than one year.,Submitted: 2023-08-21 | Pending for approximately 1110 days
FRA-19321,Odisha,Sundargarh,DELAYED_CLAIM,HIGH,Pending claim has remained unresolved for more than one year.,Submitted: 2023-04-22 | Pending for approximately 1231 days
FRA-19324,Gujarat,Narmada,DELAYED_CLAIM,HIGH,Pending claim has remained unresolved for more than one year.,Submitted: 2023-05-12 | Pending for approximately 1211 days
FRA-19326,Rajasthan,Udaipur,DELAYED_CLAIM,HIGH,Pending claim has remained unresolved for more than one year.,Submitted: 2021-01-07 | Pending for approximately 2066 days
FRA-19329,Rajasthan,Dungarpur,DELAYED_CLAIM,HIGH,Pending claim has remained unresolved for more than one year.,Submitted: 2020-08-17 | Pending for approximately 2209 days
FRA-19333,Madhya Pradesh,Mandla,DELAYED_CLAIM,HIGH,Pending claim has remained unresolved for more than one year.,Submitted: 2021-02-24 | Pending for approximately 2018 days
FRA-19337,Rajasthan,Dungarpur,DELAYED_CLAIM,HIGH,Pending claim has remained unresolved for more than one year.,Submitted: 2021-02-16 | Pending for approximately 2026 days
FRA-19338,Odisha,Kandhamal,DELAYED_CLAIM,MEDIUM,Pending claim has remained unresolved for more than one year.,Submitted: 2024-10-05 | Pending for approximately 699 days
FRA-19343,Odisha,Kandhamal,DELAYED_CLAIM,HIGH,Pending claim has remained unresolved for more than one year.,Submitted: 2022-03-18 | Pending for approximately 1631 days
FRA-19344,Odisha,Mayurbhanj,DELAYED_CLAIM,HIGH,Pending claim has remained unresolved for more than one year.,Submitted: 2020-05-09 | Pending for approximately 2309 days
FRA-19345,Maharashtra,Yavatmal,DELAYED_CLAIM,HIGH,Pending claim has remained unresolved for more than one year.,Submitted: 2020-10-25 | Pending for approximately 2140 days
FRA-19350,Jharkhand,Latehar,DELAYED_CLAIM,HIGH,Pending claim has remained unresolved for more than one year.,Submitted: 2022-04-11 | Pending for approximately 1607 days
FRA-19354,Odisha,Mayurbhanj,DELAYED_CLAIM,MEDIUM,Pending claim has remained unresolved for more than one year.,Submitted: 2024-09-24 | Pending for approximately 710 days
FRA-19356,Gujarat,Tapi,DELAYED_CLAIM,HIGH,Pending claim has remained unresolved for more than one year.,Submitted: 2022-02-22 | Pending for approximately 1655 days
FRA-19369,Rajasthan,Sirohi,DELAYED_CLAIM,HIGH,Pending claim has remained unresolved for more than one year.,Submitted: 2021-03-07 | Pending for approximately 2007 days
FRA-19375,Chhattisgarh,Bastar,DELAYED_CLAIM,HIGH,Pending claim has remained unresolved for more than one year.,Submitted: 2021-11-17 | Pending for approximately 1752 days
FRA-19380,Odisha,Koraput,DELAYED_CLAIM,HIGH,Pending claim has remained unresolved for more than one year.,Submitted: 2020-07-16 | Pending for approximately 2241 days
FRA-19384,Chhattisgarh,Bastar,DELAYED_CLAIM,HIGH,Pending claim has remained unresolved for more than one year.,Submitted: 2024-02-28 | Pending for approximately 919 days
FRA-19386,Odisha,Keonjhar,DELAYED_CLAIM,HIGH,Pending claim has remained unresolved for more than one year.,Submitted: 2022-10-08 | Pending for approximately 1427 days
FRA-19388,Madhya Pradesh,Chhindwara,DELAYED_CLAIM,HIGH,Pending claim has remained unresolved for more than one year.,Submitted: 2023-09-11 | Pending for approximately 1089 days
FRA-19392,Gujarat,Narmada,DELAYED_CLAIM,HIGH,Pending claim has remained unresolved for more than one year.,Submitted: 2021-08-10 | Pending for approximately 1851 days
FRA-19394,Gujarat,Tapi,DELAYED_CLAIM,HIGH,Pending claim has remained unresolved for more than one year.,Submitted: 2024-01-20 | Pending for approximately 958 days
FRA-19396,Chhattisgarh,Kanker,DELAYED_CLAIM,HIGH,Pending claim has remained unresolved for more than one year.,Submitted: 2022-06-30 | Pending for approximately 1527 days
FRA-19405,Chhattisgarh,Dantewada,DELAYED_CLAIM,HIGH,Pending claim has remained unresolved for more than one year.,Submitted: 2020-04-10 | Pending for approximately 2338 days
FRA-19408,Jharkhand,Gumla,DELAYED_CLAIM,HIGH,Pending claim has remained unresolved for more than one year.,Submitted: 2023-08-26 | Pending for approximately 1105 days
FRA-19409,Gujarat,Dangs,DELAYED_CLAIM,HIGH,Pending claim has remained unresolved for more than one year.,Submitted: 2021-08-11 | Pending for approximately 1850 days
FRA-19412,Chhattisgarh,Bastar,DELAYED_CLAIM,HIGH,Pending claim has remained unresolved for more than one year.,Submitted: 2021-10-26 | Pending for approximately 1774 days
FRA-19416,Maharashtra,Amravati,DELAYED_CLAIM,HIGH,Pending claim has remained unresolved for more than one year.,Submitted: 2023-08-19 | Pending for approximately 1112 days
FRA-19417,Jharkhand,West Singhbhum,DELAYED_CLAIM,HIGH,Pending claim has remained unresolved for more than one year.,Submitted: 2021-06-09 | Pending for approximately 1913 days
FRA-19420,Maharashtra,Yavatmal,DELAYED_CLAIM,HIGH,Pending claim has remained unresolved for more than one year.,Submitted: 2020-03-21 | Pending for approximately 2358 days
FRA-19421,Gujarat,Dangs,DELAYED_CLAIM,HIGH,Pending claim has remained unresolved for more than one year.,Submitted: 2023-08-17 | Pending for approximately 1114 days
FRA-19424,Gujarat,Narmada,DELAYED_CLAIM,HIGH,Pending claim has remained unresolved for more than one year.,Submitted: 2024-08-19 | Pending for approximately 746 days
FRA-19428,Rajasthan,Sirohi,DELAYED_CLAIM,HIGH,Pending claim has remained unresolved for more than one year.,Submitted: 2022-09-22 | Pending for approximately 1443 days
FRA-19430,Rajasthan,Banswara,DELAYED_CLAIM,HIGH,Pending claim has remained unresolved for more than one year.,Submitted: 2021-05-07 | Pending for approximately 1946 days
FRA-19431,Gujarat,Tapi,DELAYED_CLAIM,HIGH,Pending claim has remained unresolved for more than one year.,Submitted: 2023-07-16 | Pending for approximately 1146 days
FRA-19432,Gujarat,Tapi,DELAYED_CLAIM,HIGH,Pending claim has remained unresolved for more than one year.,Submitted: 2022-11-28 | Pending for approximately 1376 days
FRA-19433,Odisha,Koraput,DELAYED_CLAIM,HIGH,Pending claim has remained unresolved for more than one year.,Submitted: 2024-06-18 | Pending for approximately 808 days
FRA-19434,Jharkhand,Ranchi,DELAYED_CLAIM,HIGH,Pending claim has remained unresolved for more than one year.,Submitted: 2022-09-24 | Pending for approximately 1441 days
FRA-19439,Odisha,Keonjhar,DELAYED_CLAIM,HIGH,Pending claim has remained unresolved for more than one year.,Submitted: 2022-03-21 | Pending for approximately 1628 days
FRA-19441,Maharashtra,Gadchiroli,DELAYED_CLAIM,HIGH,Pending claim has remained unresolved for more than one year.,Submitted: 2022-12-01 | Pending for approximately 1373 days
FRA-19450,Madhya Pradesh,Chhindwara,DELAYED_CLAIM,HIGH,Pending claim has remained unresolved for more than one year.,Submitted: 2020-08-11 | Pending for approximately 2215 days
FRA-19451,Jharkhand,Latehar,DELAYED_CLAIM,HIGH,Pending claim has remained unresolved for more than one year.,Submitted: 2020-03-09 | Pending for approximately 2370 days
FRA-19453,Maharashtra,Nandurbar,DELAYED_CLAIM,HIGH,Pending claim has remained unresolved for more than one year.,Submitted: 2022-05-15 | Pending for approximately 1573 days
FRA-19454,Odisha,Kandhamal,DELAYED_CLAIM,HIGH,Pending claim has remained unresolved for more than one year.,Submitted: 2022-05-12 | Pending for approximately 1576 days
FRA-19455,Madhya Pradesh,Mandla,DELAYED_CLAIM,HIGH,Pending claim has remained unresolved for more than one year.,Submitted: 2023-06-02 | Pending for approximately 1190 days
FRA-19458,Rajasthan,Banswara,DELAYED_CLAIM,HIGH,Pending claim has remained unresolved for more than one year.,Submitted: 2021-08-02 | Pending for approximately 1859 days
FRA-19463,Odisha,Kandhamal,DELAYED_CLAIM,HIGH,Pending claim has remained unresolved for more than one year.,Submitted: 2022-02-04 | Pending for approximately 1673 days
FRA-19464,Odisha,Sundargarh,DELAYED_CLAIM,HIGH,Pending claim has remained unresolved for more than one year.,Submitted: 2020-10-23 | Pending for approximately 2142 days
FRA-19480,Maharashtra,Gadchiroli,DELAYED_CLAIM,HIGH,Pending claim has remained unresolved for more than one year.,Submitted: 2021-09-03 | Pending for approximately 1827 days
FRA-19484,Jharkhand,Gumla,DELAYED_CLAIM,HIGH,Pending claim has remained unresolved for more than one year.,Submitted: 2023-12-06 | Pending for approximately 1003 days
FRA-19486,Rajasthan,Banswara,DELAYED_CLAIM,HIGH,Pending claim has remained unresolved for more than one year.,Submitted: 2022-03-22 | Pending for approximately 1627 days
FRA-19487,Gujarat,Tapi,DELAYED_CLAIM,HIGH,Pending claim has remained unresolved for more than one year.,Submitted: 2021-07-07 | Pending for approximately 1885 days
FRA-19495,Madhya Pradesh,Dindori,DELAYED_CLAIM,HIGH,Pending claim has remained unresolved for more than one year.,Submitted: 2022-01-23 | Pending for approximately 1685 days
FRA-19499,Odisha,Sundargarh,DELAYED_CLAIM,HIGH,Pending claim has remained unresolved for more than one year.,Submitted: 2022-08-04 | Pending for approximately 1492 days
FRA-19510,Rajasthan,Sirohi,DELAYED_CLAIM,HIGH,Pending claim has remained unresolved for more than one year.,Submitted: 2021-10-16 | Pending for approximately 1784 days
FRA-19519,Chhattisgarh,Dantewada,DELAYED_CLAIM,HIGH,Pending claim has remained unresolved for more than one year.,Submitted: 2023-10-12 | Pending for approximately 1058 days
FRA-19521,Chhattisgarh,Dantewada,DELAYED_CLAIM,HIGH,Pending claim has remained unresolved for more than one year.,Submitted: 2020-05-07 | Pending for approximately 2311 days
FRA-19526,Maharashtra,Nandurbar,DELAYED_CLAIM,HIGH,Pending claim has remained unresolved for more than one year.,Submitted: 2022-11-05 | Pending for approximately 1399 days
FRA-19531,Chhattisgarh,Kanker,DELAYED_CLAIM,MEDIUM,Pending claim has remained unresolved for more than one year.,Submitted: 2025-02-17 | Pending for approximately 564 days
FRA-19536,Jharkhand,Ranchi,DELAYED_CLAIM,HIGH,Pending claim has remained unresolved for more than one year.,Submitted: 2024-03-08 | Pending for approximately 910 days
FRA-19538,Jharkhand,Latehar,DELAYED_CLAIM,HIGH,Pending claim has remained unresolved for more than one year.,Submitted: 2021-09-20 | Pending for approximately 1810 days
FRA-19539,Rajasthan,Udaipur,DELAYED_CLAIM,HIGH,Pending claim has remained unresolved for more than one year.,Submitted: 2021-04-15 | Pending for approximately 1968 days
FRA-19541,Gujarat,Valsad,DELAYED_CLAIM,HIGH,Pending claim has remained unresolved for more than one year.,Submitted: 2023-05-29 | Pending for approximately 1194 days
FRA-19547,Maharashtra,Amravati,DELAYED_CLAIM,HIGH,Pending claim has remained unresolved for more than one year.,Submitted: 2023-03-20 | Pending for approximately 1264 days
FRA-19550,Chhattisgarh,Bastar,DELAYED_CLAIM,HIGH,Pending claim has remained unresolved for more than one year.,Submitted: 2022-01-02 | Pending for approximately 1706 days
FRA-19551,Maharashtra,Nandurbar,DELAYED_CLAIM,HIGH,Pending claim has remained unresolved for more than one year.,Submitted: 2021-03-25 | Pending for approximately 1989 days
FRA-19552,Rajasthan,Dungarpur,DELAYED_CLAIM,HIGH,Pending claim has remained unresolved for more than one year.,Submitted: 2023-05-18 | Pending for approximately 1205 days
FRA-19556,Rajasthan,Udaipur,DELAYED_CLAIM,HIGH,Pending claim has remained unresolved for more than one year.,Submitted: 2020-05-10 | Pending for approximately 2308 days
FRA-19557,Rajasthan,Sirohi,DELAYED_CLAIM,HIGH,Pending claim has remained unresolved for more than one year.,Submitted: 2024-02-12 | Pending for approximately 935 days
FRA-19559,Chhattisgarh,Surguja,DELAYED_CLAIM,MEDIUM,Pending claim has remained unresolved for more than one year.,Submitted: 2025-07-05 | Pending for approximately 426 days
FRA-19561,Rajasthan,Pratapgarh,DELAYED_CLAIM,HIGH,Pending claim has remained unresolved for more than one year.,Submitted: 2023-06-23 | Pending for approximately 1169 days
FRA-19567,Maharashtra,Gadchiroli,DELAYED_CLAIM,HIGH,Pending claim has remained unresolved for more than one year.,Submitted: 2020-05-06 | Pending for approximately 2312 days
FRA-19571,Rajasthan,Sirohi,DELAYED_CLAIM,HIGH,Pending claim has remained unresolved for more than one year.,Submitted: 2022-10-24 | Pending for approximately 1411 days
FRA-19573,Rajasthan,Udaipur,DELAYED_CLAIM,HIGH,Pending claim has remained unresolved for more than one year.,Submitted: 2022-05-22 | Pending for approximately 1566 days
FRA-19576,Rajasthan,Sirohi,DELAYED_CLAIM,HIGH,Pending claim has remained unresolved for more than one year.,Submitted: 2021-06-05 | Pending for approximately 1917 days
FRA-19577,Gujarat,Narmada,DELAYED_CLAIM,MEDIUM,Pending claim has remained unresolved for more than one year.,Submitted: 2024-11-30 | Pending for approximately 643 days
FRA-19579,Rajasthan,Banswara,DELAYED_CLAIM,HIGH,Pending claim has remained unresolved for more than one year.,Submitted: 2021-06-02 | Pending for approximately 1920 days
FRA-19592,Rajasthan,Sirohi,DELAYED_CLAIM,HIGH,Pending claim has remained unresolved for more than one year.,Submitted: 2024-08-01 | Pending for approximately 764 days
FRA-19594,Madhya Pradesh,Chhindwara,DELAYED_CLAIM,HIGH,Pending claim has remained unresolved for more than one year.,Submitted: 2021-06-17 | Pending for approximately 1905 days
FRA-19595,Chhattisgarh,Surguja,DELAYED_CLAIM,HIGH,Pending claim has remained unresolved for more than one year.,Submitted: 2021-10-09 | Pending for approximately 1791 days
FRA-19603,Maharashtra,Gadchiroli,DELAYED_CLAIM,HIGH,Pending claim has remained unresolved for more than one year.,Submitted: 2020-07-02 | Pending for approximately 2255 days
FRA-19604,Chhattisgarh,Korba,DELAYED_CLAIM,HIGH,Pending claim has remained unresolved for more than one year.,Submitted: 2024-08-17 | Pending for approximately 748 days
FRA-19607,Odisha,Mayurbhanj,DELAYED_CLAIM,HIGH,Pending claim has remained unresolved for more than one year.,Submitted: 2024-03-23 | Pending for approximately 895 days
FRA-19611,Odisha,Koraput,DELAYED_CLAIM,HIGH,Pending claim has remained unresolved for more than one year.,Submitted: 2021-07-15 | Pending for approximately 1877 days
FRA-19612,Madhya Pradesh,Balaghat,DELAYED_CLAIM,HIGH,Pending claim has remained unresolved for more than one year.,Submitted: 2024-07-21 | Pending for approximately 775 days
FRA-19614,Jharkhand,Simdega,DELAYED_CLAIM,HIGH,Pending claim has remained unresolved for more than one year.,Submitted: 2021-06-30 | Pending for approximately 1892 days
FRA-19624,Maharashtra,Nandurbar,DELAYED_CLAIM,HIGH,Pending claim has remained unresolved for more than one year.,Submitted: 2022-06-06 | Pending for approximately 1551 days
FRA-19631,Gujarat,Tapi,DELAYED_CLAIM,HIGH,Pending claim has remained unresolved for more than one year.,Submitted: 2023-03-06 | Pending for approximately 1278 days
FRA-19633,Gujarat,Valsad,DELAYED_CLAIM,HIGH,Pending claim has remained unresolved for more than one year.,Submitted: 2021-09-22 | Pending for approximately 1808 days
FRA-19636,Gujarat,Bharuch,DELAYED_CLAIM,HIGH,Pending claim has remained unresolved for more than one year.,Submitted: 2020-12-30 | Pending for approximately 2074 days
FRA-19639,Maharashtra,Amravati,DELAYED_CLAIM,MEDIUM,Pending claim has remained unresolved for more than one year.,Submitted: 2025-03-14 | Pending for approximately 539 days
FRA-19642,Maharashtra,Amravati,DELAYED_CLAIM,HIGH,Pending claim has remained unresolved for more than one year.,Submitted: 2024-03-17 | Pending for approximately 901 days
FRA-19646,Odisha,Mayurbhanj,DELAYED_CLAIM,HIGH,Pending claim has remained unresolved for more than one year.,Submitted: 2021-06-07 | Pending for approximately 1915 days
FRA-19649,Gujarat,Bharuch,DELAYED_CLAIM,HIGH,Pending claim has remained unresolved for more than one year.,Submitted: 2021-12-13 | Pending for approximately 1726 days
FRA-19650,Gujarat,Bharuch,DELAYED_CLAIM,MEDIUM,Pending claim has remained unresolved for more than one year.,Submitted: 2025-07-22 | Pending for approximately 409 days
FRA-19656,Chhattisgarh,Korba,DELAYED_CLAIM,HIGH,Pending claim has remained unresolved for more than one year.,Submitted: 2023-12-30 | Pending for approximately 979 days
FRA-19663,Madhya Pradesh,Betul,DELAYED_CLAIM,HIGH,Pending claim has remained unresolved for more than one year.,Submitted: 2021-05-09 | Pending for approximately 1944 days
FRA-19668,Jharkhand,Latehar,DELAYED_CLAIM,HIGH,Pending claim has remained unresolved for more than one year.,Submitted: 2021-06-11 | Pending for approximately 1911 days
FRA-19671,Rajasthan,Udaipur,DELAYED_CLAIM,HIGH,Pending claim has remained unresolved for more than one year.,Submitted: 2023-11-08 | Pending for approximately 1031 days
FRA-19673,Maharashtra,Gadchiroli,DELAYED_CLAIM,HIGH,Pending claim has remained unresolved for more than one year.,Submitted: 2022-10-10 | Pending for approximately 1425 days
FRA-19675,Chhattisgarh,Korba,DELAYED_CLAIM,HIGH,Pending claim has remained unresolved for more than one year.,Submitted: 2021-12-07 | Pending for approximately 1732 days
FRA-19678,Jharkhand,Simdega,DELAYED_CLAIM,MEDIUM,Pending claim has remained unresolved for more than one year.,Submitted: 2025-07-10 | Pending for approximately 421 days
FRA-19681,Chhattisgarh,Korba,DELAYED_CLAIM,MEDIUM,Pending claim has remained unresolved for more than one year.,Submitted: 2025-05-09 | Pending for approximately 483 days
FRA-19685,Maharashtra,Gadchiroli,DELAYED_CLAIM,HIGH,Pending claim has remained unresolved for more than one year.,Submitted: 2020-04-27 | Pending for approximately 2321 days
FRA-19687,Madhya Pradesh,Dindori,DELAYED_CLAIM,HIGH,Pending claim has remained unresolved for more than one year.,Submitted: 2022-09-27 | Pending for approximately 1438 days
FRA-19688,Odisha,Kandhamal,DELAYED_CLAIM,MEDIUM,Pending claim has remained unresolved for more than one year.,Submitted: 2025-09-01 | Pending for approximately 368 days
FRA-19700,Madhya Pradesh,Dindori,DELAYED_CLAIM,HIGH,Pending claim has remained unresolved for more than one year.,Submitted: 2020-12-06 | Pending for approximately 2098 days
FRA-19704,Madhya Pradesh,Mandla,DELAYED_CLAIM,MEDIUM,Pending claim has remained unresolved for more than one year.,Submitted: 2025-03-03 | Pending for approximately 550 days
FRA-19708,Rajasthan,Banswara,DELAYED_CLAIM,HIGH,Pending claim has remained unresolved for more than one year.,Submitted: 2021-04-19 | Pending for approximately 1964 days
FRA-19721,Maharashtra,Nandurbar,DELAYED_CLAIM,HIGH,Pending claim has remained unresolved for more than one year.,Submitted: 2024-07-15 | Pending for approximately 781 days
FRA-19722,Jharkhand,Latehar,DELAYED_CLAIM,HIGH,Pending claim has remained unresolved for more than one year.,Submitted: 2021-12-06 | Pending for approximately 1733 days
FRA-19723,Jharkhand,Latehar,DELAYED_CLAIM,HIGH,Pending claim has remained unresolved for more than one year.,Submitted: 2021-08-08 | Pending for approximately 1853 days
FRA-19727,Chhattisgarh,Surguja,DELAYED_CLAIM,HIGH,Pending claim has remained unresolved for more than one year.,Submitted: 2023-04-10 | Pending for approximately 1243 days
FRA-19737,Odisha,Sundargarh,DELAYED_CLAIM,HIGH,Pending claim has remained unresolved for more than one year.,Submitted: 2020-05-31 | Pending for approximately 2287 days
FRA-19741,Maharashtra,Nashik,DELAYED_CLAIM,HIGH,Pending claim has remained unresolved for more than one year.,Submitted: 2021-06-01 | Pending for approximately 1921 days
FRA-19743,Jharkhand,Gumla,DELAYED_CLAIM,HIGH,Pending claim has remained unresolved for more than one year.,Submitted: 2021-06-25 | Pending for approximately 1897 days
FRA-19747,Odisha,Mayurbhanj,DELAYED_CLAIM,MEDIUM,Pending claim has remained unresolved for more than one year.,Submitted: 2025-08-09 | Pending for approximately 391 days
FRA-19751,Maharashtra,Yavatmal,DELAYED_CLAIM,HIGH,Pending claim has remained unresolved for more than one year.,Submitted: 2022-12-03 | Pending for approximately 1371 days
FRA-19753,Madhya Pradesh,Dindori,DELAYED_CLAIM,HIGH,Pending claim has remained unresolved for more than one year.,Submitted: 2021-12-18 | Pending for approximately 1721 days
FRA-19754,Gujarat,Tapi,DELAYED_CLAIM,HIGH,Pending claim has remained unresolved for more than one year.,Submitted: 2023-07-31 | Pending for approximately 1131 days
FRA-19755,Rajasthan,Sirohi,DELAYED_CLAIM,HIGH,Pending claim has remained unresolved for more than one year.,Submitted: 2024-05-09 | Pending for approximately 848 days
FRA-19762,Maharashtra,Yavatmal,DELAYED_CLAIM,HIGH,Pending claim has remained unresolved for more than one year.,Submitted: 2022-10-31 | Pending for approximately 1404 days
FRA-19763,Chhattisgarh,Dantewada,DELAYED_CLAIM,HIGH,Pending claim has remained unresolved for more than one year.,Submitted: 2020-06-15 | Pending for approximately 2272 days
FRA-19770,Rajasthan,Udaipur,DELAYED_CLAIM,HIGH,Pending claim has remained unresolved for more than one year.,Submitted: 2021-08-28 | Pending for approximately 1833 days
FRA-19777,Jharkhand,Simdega,DELAYED_CLAIM,HIGH,Pending claim has remained unresolved for more than one year.,Submitted: 2021-03-16 | Pending for approximately 1998 days
FRA-19780,Maharashtra,Nashik,DELAYED_CLAIM,MEDIUM,Pending claim has remained unresolved for more than one year.,Submitted: 2025-05-12 | Pending for approximately 480 days
FRA-19794,Jharkhand,Gumla,DELAYED_CLAIM,HIGH,Pending claim has remained unresolved for more than one year.,Submitted: 2022-07-19 | Pending for approximately 1508 days
FRA-19795,Madhya Pradesh,Betul,DELAYED_CLAIM,MEDIUM,Pending claim has remained unresolved for more than one year.,Submitted: 2025-05-25 | Pending for approximately 467 days
FRA-19803,Madhya Pradesh,Chhindwara,DELAYED_CLAIM,HIGH,Pending claim has remained unresolved for more than one year.,Submitted: 2021-07-01 | Pending for approximately 1891 days
FRA-19806,Rajasthan,Sirohi,DELAYED_CLAIM,MEDIUM,Pending claim has remained unresolved for more than one year.,Submitted: 2025-04-10 | Pending for approximately 512 days
FRA-19808,Chhattisgarh,Bastar,DELAYED_CLAIM,HIGH,Pending claim has remained unresolved for more than one year.,Submitted: 2020-05-21 | Pending for approximately 2297 days
FRA-19812,Odisha,Kandhamal,DELAYED_CLAIM,HIGH,Pending claim has remained unresolved for more than one year.,Submitted: 2023-06-21 | Pending for approximately 1171 days
FRA-19820,Maharashtra,Nashik,DELAYED_CLAIM,HIGH,Pending claim has remained unresolved for more than one year.,Submitted: 2020-06-23 | Pending for approximately 2264 days
FRA-19827,Madhya Pradesh,Dindori,DELAYED_CLAIM,MEDIUM,Pending claim has remained unresolved for more than one year.,Submitted: 2024-11-05 | Pending for approximately 668 days
FRA-19831,Odisha,Sundargarh,DELAYED_CLAIM,MEDIUM,Pending claim has remained unresolved for more than one year.,Submitted: 2025-07-11 | Pending for approximately 420 days
FRA-19832,Odisha,Kandhamal,DELAYED_CLAIM,MEDIUM,Pending claim has remained unresolved for more than one year.,Submitted: 2024-11-04 | Pending for approximately 669 days
FRA-19833,Gujarat,Tapi,DELAYED_CLAIM,HIGH,Pending claim has remained unresolved for more than one year.,Submitted: 2020-08-29 | Pending for approximately 2197 days
FRA-19834,Gujarat,Tapi,DELAYED_CLAIM,HIGH,Pending claim has remained unresolved for more than one year.,Submitted: 2021-02-20 | Pending for approximately 2022 days
FRA-19837,Madhya Pradesh,Balaghat,DELAYED_CLAIM,HIGH,Pending claim has remained unresolved for more than one year.,Submitted: 2023-05-22 | Pending for approximately 1201 days
FRA-19839,Odisha,Mayurbhanj,DELAYED_CLAIM,HIGH,Pending claim has remained unresolved for more than one year.,Submitted: 2020-08-07 | Pending for approximately 2219 days
FRA-19842,Odisha,Mayurbhanj,DELAYED_CLAIM,HIGH,Pending claim has remained unresolved for more than one year.,Submitted: 2022-09-28 | Pending for approximately 1437 days
FRA-19844,Odisha,Mayurbhanj,DELAYED_CLAIM,MEDIUM,Pending claim has remained unresolved for more than one year.,Submitted: 2024-12-18 | Pending for approximately 625 days
FRA-19852,Jharkhand,West Singhbhum,DELAYED_CLAIM,HIGH,Pending claim has remained unresolved for more than one year.,Submitted: 2024-01-05 | Pending for approximately 973 days
FRA-19857,Madhya Pradesh,Betul,DELAYED_CLAIM,HIGH,Pending claim has remained unresolved for more than one year.,Submitted: 2021-10-22 | Pending for approximately 1778 days
FRA-19861,Jharkhand,West Singhbhum,DELAYED_CLAIM,MEDIUM,Pending claim has remained unresolved for more than one year.,Submitted: 2025-02-03 | Pending for approximately 578 days
FRA-19867,Chhattisgarh,Dantewada,DELAYED_CLAIM,HIGH,Pending claim has remained unresolved for more than one year.,Submitted: 2023-02-02 | Pending for approximately 1310 days
FRA-19872,Gujarat,Dangs,DELAYED_CLAIM,HIGH,Pending claim has remained unresolved for more than one year.,Submitted: 2023-05-29 | Pending for approximately 1194 days
FRA-19873,Maharashtra,Yavatmal,DELAYED_CLAIM,HIGH,Pending claim has remained unresolved for more than one year.,Submitted: 2021-03-20 | Pending for approximately 1994 days
FRA-19882,Chhattisgarh,Kanker,DELAYED_CLAIM,HIGH,Pending claim has remained unresolved for more than one year.,Submitted: 2022-09-18 | Pending for approximately 1447 days
FRA-19886,Madhya Pradesh,Chhindwara,DELAYED_CLAIM,HIGH,Pending claim has remained unresolved for more than one year.,Submitted: 2022-06-18 | Pending for approximately 1539 days
FRA-19893,Madhya Pradesh,Balaghat,DELAYED_CLAIM,HIGH,Pending claim has remained unresolved for more than one year.,Submitted: 2023-03-08 | Pending for approximately 1276 days
FRA-19897,Gujarat,Narmada,DELAYED_CLAIM,HIGH,Pending claim has remained unresolved for more than one year.,Submitted: 2021-07-01 | Pending for approximately 1891 days
FRA-19900,Madhya Pradesh,Chhindwara,DELAYED_CLAIM,HIGH,Pending claim has remained unresolved for more than one year.,Submitted: 2021-02-26 | Pending for approximately 2016 days
FRA-19901,Chhattisgarh,Kanker,DELAYED_CLAIM,HIGH,Pending claim has remained unresolved for more than one year.,Submitted: 2024-08-08 | Pending for approximately 757 days
FRA-19908,Rajasthan,Udaipur,DELAYED_CLAIM,MEDIUM,Pending claim has remained unresolved for more than one year.,Submitted: 2025-03-09 | Pending for approximately 544 days
FRA-19909,Jharkhand,Simdega,DELAYED_CLAIM,HIGH,Pending claim has remained unresolved for more than one year.,Submitted: 2024-07-30 | Pending for approximately 766 days
FRA-19915,Jharkhand,Gumla,DELAYED_CLAIM,HIGH,Pending claim has remained unresolved for more than one year.,Submitted: 2022-07-23 | Pending for approximately 1504 days
FRA-19923,Odisha,Kandhamal,DELAYED_CLAIM,HIGH,Pending claim has remained unresolved for more than one year.,Submitted: 2020-05-28 | Pending for approximately 2290 days
FRA-19925,Rajasthan,Dungarpur,DELAYED_CLAIM,HIGH,Pending claim has remained unresolved for more than one year.,Submitted: 2022-09-12 | Pending for approximately 1453 days
FRA-19932,Madhya Pradesh,Dindori,DELAYED_CLAIM,HIGH,Pending claim has remained unresolved for more than one year.,Submitted: 2023-02-03 | Pending for approximately 1309 days
FRA-19938,Odisha,Sundargarh,DELAYED_CLAIM,MEDIUM,Pending claim has remained unresolved for more than one year.,Submitted: 2025-08-06 | Pending for approximately 394 days
FRA-19942,Rajasthan,Pratapgarh,DELAYED_CLAIM,HIGH,Pending claim has remained unresolved for more than one year.,Submitted: 2021-01-01 | Pending for approximately 2072 days
FRA-19943,Rajasthan,Banswara,DELAYED_CLAIM,HIGH,Pending claim has remained unresolved for more than one year.,Submitted: 2021-04-02 | Pending for approximately 1981 days
FRA-19946,Jharkhand,Gumla,DELAYED_CLAIM,HIGH,Pending claim has remained unresolved for more than one year.,Submitted: 2022-09-11 | Pending for approximately 1454 days
FRA-19948,Maharashtra,Gadchiroli,DELAYED_CLAIM,HIGH,Pending claim has remained unresolved for more than one year.,Submitted: 2023-04-08 | Pending for approximately 1245 days
FRA-19950,Madhya Pradesh,Balaghat,DELAYED_CLAIM,HIGH,Pending claim has remained unresolved for more than one year.,Submitted: 2023-12-04 | Pending for approximately 1005 days
FRA-19951,Gujarat,Narmada,DELAYED_CLAIM,MEDIUM,Pending claim has remained unresolved for more than one year.,Submitted: 2025-04-03 | Pending for approximately 519 days
FRA-19953,Madhya Pradesh,Balaghat,DELAYED_CLAIM,HIGH,Pending claim has remained unresolved for more than one year.,Submitted: 2024-06-08 | Pending for approximately 818 days
FRA-19957,Rajasthan,Pratapgarh,DELAYED_CLAIM,HIGH,Pending claim has remained unresolved for more than one year.,Submitted: 2021-04-21 | Pending for approximately 1962 days
FRA-19959,Chhattisgarh,Dantewada,DELAYED_CLAIM,MEDIUM,Pending claim has remained unresolved for more than one year.,Submitted: 2025-06-06 | Pending for approximately 455 days
FRA-19968,Maharashtra,Amravati,DELAYED_CLAIM,MEDIUM,Pending claim has remained unresolved for more than one year.,Submitted: 2025-04-27 | Pending for approximately 495 days
FRA-19969,Madhya Pradesh,Dindori,DELAYED_CLAIM,HIGH,Pending claim has remained unresolved for more than one year.,Submitted: 2023-04-21 | Pending for approximately 1232 days
FRA-19971,Maharashtra,Gadchiroli,DELAYED_CLAIM,HIGH,Pending claim has remained unresolved for more than one year.,Submitted: 2020-07-02 | Pending for approximately 2255 days
FRA-19975,Rajasthan,Dungarpur,DELAYED_CLAIM,HIGH,Pending claim has remained unresolved for more than one year.,Submitted: 2023-06-08 | Pending for approximately 1184 days
FRA-19977,Odisha,Koraput,DELAYED_CLAIM,HIGH,Pending claim has remained unresolved for more than one year.,Submitted: 2020-05-05 | Pending for approximately 2313 days
FRA-19982,Jharkhand,Ranchi,DELAYED_CLAIM,HIGH,Pending claim has remained unresolved for more than one year.,Submitted: 2022-04-22 | Pending for approximately 1596 days
FRA-19984,Maharashtra,Yavatmal,DELAYED_CLAIM,HIGH,Pending claim has remained unresolved for more than one year.,Submitted: 2021-03-17 | Pending for approximately 1997 days
FRA-19987,Gujarat,Valsad,DELAYED_CLAIM,HIGH,Pending claim has remained unresolved for more than one year.,Submitted: 2020-05-26 | Pending for approximately 2292 days
FRA-19988,Rajasthan,Dungarpur,DELAYED_CLAIM,HIGH,Pending claim has remained unresolved for more than one year.,Submitted: 2021-02-06 | Pending for approximately 2036 days
FRA-19989,Rajasthan,Udaipur,DELAYED_CLAIM,HIGH,Pending claim has remained unresolved for more than one year.,Submitted: 2021-06-15 | Pending for approximately 1907 days
FRA-19997,Jharkhand,Simdega,DELAYED_CLAIM,HIGH,Pending claim has remained unresolved for more than one year.,Submitted: 2020-03-04 | Pending for approximately 2375 days
FRA-19998,Chhattisgarh,Bastar,DELAYED_CLAIM,HIGH,Pending claim has remained unresolved for more than one year.,Submitted: 2020-06-28 | Pending for approximately 2259 days
FRA-19999,Madhya Pradesh,Chhindwara,DELAYED_CLAIM,HIGH,Pending claim has remained unresolved for more than one year.,Submitted: 2022-05-28 | Pending for approximately 1560 days
FRA-10037,Jharkhand,Gumla,MISSING_DECISION_DATE,MEDIUM,Claim has a final status but decision date is missing.,Status: APPROVED | Decision date: Missing
FRA-10083,Rajasthan,Sirohi,MISSING_DECISION_DATE,MEDIUM,Claim has a final status but decision date is missing.,Status: APPROVED | Decision date: Missing
FRA-10276,Jharkhand,Latehar,MISSING_DECISION_DATE,MEDIUM,Claim has a final status but decision date is missing.,Status: APPROVED | Decision date: Missing
FRA-10386,Jharkhand,Latehar,MISSING_DECISION_DATE,MEDIUM,Claim has a final status but decision date is missing.,Status: APPROVED | Decision date: Missing
FRA-10592,Jharkhand,Gumla,MISSING_DECISION_DATE,MEDIUM,Claim has a final status but decision date is missing.,Status: APPROVED | Decision date: Missing
FRA-10616,Jharkhand,Latehar,MISSING_DECISION_DATE,MEDIUM,Claim has a final status but decision date is missing.,Status: APPROVED | Decision date: Missing
FRA-10752,Madhya Pradesh,Betul,MISSING_DECISION_DATE,MEDIUM,Claim has a final status but decision date is missing.,Status: APPROVED | Decision date: Missing
FRA-10896,Rajasthan,Udaipur,MISSING_DECISION_DATE,MEDIUM,Claim has a final status but decision date is missing.,Status: APPROVED | Decision date: Missing
FRA-10904,Maharashtra,Nashik,MISSING_DECISION_DATE,MEDIUM,Claim has a final status but decision date is missing.,Status: APPROVED | Decision date: Missing
FRA-10909,Odisha,Mayurbhanj,MISSING_DECISION_DATE,MEDIUM,Claim has a final status but decision date is missing.,Status: APPROVED | Decision date: Missing
FRA-10947,Gujarat,Tapi,MISSING_DECISION_DATE,MEDIUM,Claim has a final status but decision date is missing.,Status: APPROVED | Decision date: Missing
FRA-10988,Jharkhand,Simdega,MISSING_DECISION_DATE,MEDIUM,Claim has a final status but decision date is missing.,Status: APPROVED | Decision date: Missing
FRA-11104,Chhattisgarh,Kanker,MISSING_DECISION_DATE,MEDIUM,Claim has a final status but decision date is missing.,Status: APPROVED | Decision date: Missing
FRA-11107,Jharkhand,West Singhbhum,MISSING_DECISION_DATE,MEDIUM,Claim has a final status but decision date is missing.,Status: APPROVED | Decision date: Missing
FRA-11125,Jharkhand,Latehar,MISSING_DECISION_DATE,MEDIUM,Claim has a final status but decision date is missing.,Status: APPROVED | Decision date: Missing
FRA-11335,Gujarat,Bharuch,MISSING_DECISION_DATE,MEDIUM,Claim has a final status but decision date is missing.,Status: APPROVED | Decision date: Missing
FRA-11360,Maharashtra,Gadchiroli,MISSING_DECISION_DATE,MEDIUM,Claim has a final status but decision date is missing.,Status: APPROVED | Decision date: Missing
FRA-11384,Jharkhand,Gumla,MISSING_DECISION_DATE,MEDIUM,Claim has a final status but decision date is missing.,Status: APPROVED | Decision date: Missing
FRA-11471,Rajasthan,Dungarpur,MISSING_DECISION_DATE,MEDIUM,Claim has a final status but decision date is missing.,Status: APPROVED | Decision date: Missing
FRA-11495,Gujarat,Dangs,MISSING_DECISION_DATE,MEDIUM,Claim has a final status but decision date is missing.,Status: APPROVED | Decision date: Missing
FRA-11567,Madhya Pradesh,Balaghat,MISSING_DECISION_DATE,MEDIUM,Claim has a final status but decision date is missing.,Status: APPROVED | Decision date: Missing
FRA-11614,Rajasthan,Dungarpur,MISSING_DECISION_DATE,MEDIUM,Claim has a final status but decision date is missing.,Status: APPROVED | Decision date: Missing
FRA-11686,Jharkhand,Simdega,MISSING_DECISION_DATE,MEDIUM,Claim has a final status but decision date is missing.,Status: APPROVED | Decision date: Missing
FRA-11694,Odisha,Sundargarh,MISSING_DECISION_DATE,MEDIUM,Claim has a final status but decision date is missing.,Status: APPROVED | Decision date: Missing
FRA-11765,Gujarat,Valsad,MISSING_DECISION_DATE,MEDIUM,Claim has a final status but decision date is missing.,Status: APPROVED | Decision date: Missing
FRA-11847,Madhya Pradesh,Chhindwara,MISSING_DECISION_DATE,MEDIUM,Claim has a final status but decision date is missing.,Status: APPROVED | Decision date: Missing
FRA-11869,Chhattisgarh,Kanker,MISSING_DECISION_DATE,MEDIUM,Claim has a final status but decision date is missing.,Status: APPROVED | Decision date: Missing
FRA-11887,Madhya Pradesh,Dindori,MISSING_DECISION_DATE,MEDIUM,Claim has a final status but decision date is missing.,Status: APPROVED | Decision date: Missing
FRA-11962,Chhattisgarh,Kanker,MISSING_DECISION_DATE,MEDIUM,Claim has a final status but decision date is missing.,Status: APPROVED | Decision date: Missing
FRA-11996,Odisha,Koraput,MISSING_DECISION_DATE,MEDIUM,Claim has a final status but decision date is missing.,Status: APPROVED | Decision date: Missing
FRA-12037,Madhya Pradesh,Mandla,MISSING_DECISION_DATE,MEDIUM,Claim has a final status but decision date is missing.,Status: APPROVED | Decision date: Missing
FRA-12108,Gujarat,Dangs,MISSING_DECISION_DATE,MEDIUM,Claim has a final status but decision date is missing.,Status: APPROVED | Decision date: Missing
FRA-12196,Gujarat,Valsad,MISSING_DECISION_DATE,MEDIUM,Claim has a final status but decision date is missing.,Status: APPROVED | Decision date: Missing
FRA-12292,Gujarat,Narmada,MISSING_DECISION_DATE,MEDIUM,Claim has a final status but decision date is missing.,Status: APPROVED | Decision date: Missing
FRA-12412,Madhya Pradesh,Balaghat,MISSING_DECISION_DATE,MEDIUM,Claim has a final status but decision date is missing.,Status: APPROVED | Decision date: Missing
FRA-12556,Maharashtra,Amravati,MISSING_DECISION_DATE,MEDIUM,Claim has a final status but decision date is missing.,Status: APPROVED | Decision date: Missing
FRA-12621,Jharkhand,Gumla,MISSING_DECISION_DATE,MEDIUM,Claim has a final status but decision date is missing.,Status: APPROVED | Decision date: Missing
FRA-12705,Maharashtra,Gadchiroli,MISSING_DECISION_DATE,MEDIUM,Claim has a final status but decision date is missing.,Status: APPROVED | Decision date: Missing
FRA-12729,Jharkhand,West Singhbhum,MISSING_DECISION_DATE,MEDIUM,Claim has a final status but decision date is missing.,Status: APPROVED | Decision date: Missing
FRA-12765,Chhattisgarh,Dantewada,MISSING_DECISION_DATE,MEDIUM,Claim has a final status but decision date is missing.,Status: APPROVED | Decision date: Missing
FRA-12782,Maharashtra,Nandurbar,MISSING_DECISION_DATE,MEDIUM,Claim has a final status but decision date is missing.,Status: APPROVED | Decision date: Missing
FRA-12812,Madhya Pradesh,Mandla,MISSING_DECISION_DATE,MEDIUM,Claim has a final status but decision date is missing.,Status: APPROVED | Decision date: Missing
FRA-12920,Chhattisgarh,Surguja,MISSING_DECISION_DATE,MEDIUM,Claim has a final status but decision date is missing.,Status: APPROVED | Decision date: Missing
FRA-12960,Chhattisgarh,Kanker,MISSING_DECISION_DATE,MEDIUM,Claim has a final status but decision date is missing.,Status: APPROVED | Decision date: Missing
FRA-12999,Maharashtra,Nashik,MISSING_DECISION_DATE,MEDIUM,Claim has a final status but decision date is missing.,Status: APPROVED | Decision date: Missing
FRA-13014,Madhya Pradesh,Betul,MISSING_DECISION_DATE,MEDIUM,Claim has a final status but decision date is missing.,Status: APPROVED | Decision date: Missing
FRA-13088,Chhattisgarh,Dantewada,MISSING_DECISION_DATE,MEDIUM,Claim has a final status but decision date is missing.,Status: APPROVED | Decision date: Missing
FRA-13119,Gujarat,Tapi,MISSING_DECISION_DATE,MEDIUM,Claim has a final status but decision date is missing.,Status: APPROVED | Decision date: Missing
FRA-13195,Gujarat,Dangs,MISSING_DECISION_DATE,MEDIUM,Claim has a final status but decision date is missing.,Status: APPROVED | Decision date: Missing
FRA-13260,Jharkhand,Simdega,MISSING_DECISION_DATE,MEDIUM,Claim has a final status but decision date is missing.,Status: APPROVED | Decision date: Missing
FRA-13329,Rajasthan,Pratapgarh,MISSING_DECISION_DATE,MEDIUM,Claim has a final status but decision date is missing.,Status: APPROVED | Decision date: Missing
FRA-13431,Maharashtra,Amravati,MISSING_DECISION_DATE,MEDIUM,Claim has a final status but decision date is missing.,Status: APPROVED | Decision date: Missing
FRA-13512,Madhya Pradesh,Balaghat,MISSING_DECISION_DATE,MEDIUM,Claim has a final status but decision date is missing.,Status: APPROVED | Decision date: Missing
FRA-13555,Rajasthan,Banswara,MISSING_DECISION_DATE,MEDIUM,Claim has a final status but decision date is missing.,Status: APPROVED | Decision date: Missing
FRA-13575,Jharkhand,West Singhbhum,MISSING_DECISION_DATE,MEDIUM,Claim has a final status but decision date is missing.,Status: APPROVED | Decision date: Missing
FRA-13886,Jharkhand,West Singhbhum,MISSING_DECISION_DATE,MEDIUM,Claim has a final status but decision date is missing.,Status: APPROVED | Decision date: Missing
FRA-14020,Jharkhand,Latehar,MISSING_DECISION_DATE,MEDIUM,Claim has a final status but decision date is missing.,Status: APPROVED | Decision date: Missing
FRA-14025,Rajasthan,Dungarpur,MISSING_DECISION_DATE,MEDIUM,Claim has a final status but decision date is missing.,Status: APPROVED | Decision date: Missing
FRA-14151,Rajasthan,Sirohi,MISSING_DECISION_DATE,MEDIUM,Claim has a final status but decision date is missing.,Status: APPROVED | Decision date: Missing
FRA-14340,Odisha,Keonjhar,MISSING_DECISION_DATE,MEDIUM,Claim has a final status but decision date is missing.,Status: APPROVED | Decision date: Missing
FRA-14372,Jharkhand,Gumla,MISSING_DECISION_DATE,MEDIUM,Claim has a final status but decision date is missing.,Status: APPROVED | Decision date: Missing
FRA-14401,Maharashtra,Nashik,MISSING_DECISION_DATE,MEDIUM,Claim has a final status but decision date is missing.,Status: APPROVED | Decision date: Missing
FRA-14407,Jharkhand,Latehar,MISSING_DECISION_DATE,MEDIUM,Claim has a final status but decision date is missing.,Status: APPROVED | Decision date: Missing
FRA-14410,Chhattisgarh,Bastar,MISSING_DECISION_DATE,MEDIUM,Claim has a final status but decision date is missing.,Status: APPROVED | Decision date: Missing
FRA-14507,Rajasthan,Pratapgarh,MISSING_DECISION_DATE,MEDIUM,Claim has a final status but decision date is missing.,Status: APPROVED | Decision date: Missing
FRA-14536,Madhya Pradesh,Mandla,MISSING_DECISION_DATE,MEDIUM,Claim has a final status but decision date is missing.,Status: APPROVED | Decision date: Missing
FRA-14640,Rajasthan,Banswara,MISSING_DECISION_DATE,MEDIUM,Claim has a final status but decision date is missing.,Status: APPROVED | Decision date: Missing
FRA-14641,Odisha,Kandhamal,MISSING_DECISION_DATE,MEDIUM,Claim has a final status but decision date is missing.,Status: APPROVED | Decision date: Missing
FRA-14676,Jharkhand,Ranchi,MISSING_DECISION_DATE,MEDIUM,Claim has a final status but decision date is missing.,Status: APPROVED | Decision date: Missing
FRA-14926,Rajasthan,Dungarpur,MISSING_DECISION_DATE,MEDIUM,Claim has a final status but decision date is missing.,Status: APPROVED | Decision date: Missing
FRA-14959,Jharkhand,Latehar,MISSING_DECISION_DATE,MEDIUM,Claim has a final status but decision date is missing.,Status: APPROVED | Decision date: Missing
FRA-14962,Jharkhand,Ranchi,MISSING_DECISION_DATE,MEDIUM,Claim has a final status but decision date is missing.,Status: APPROVED | Decision date: Missing
FRA-14970,Jharkhand,Ranchi,MISSING_DECISION_DATE,MEDIUM,Claim has a final status but decision date is missing.,Status: APPROVED | Decision date: Missing
FRA-15146,Chhattisgarh,Bastar,MISSING_DECISION_DATE,MEDIUM,Claim has a final status but decision date is missing.,Status: APPROVED | Decision date: Missing
FRA-15159,Jharkhand,Gumla,MISSING_DECISION_DATE,MEDIUM,Claim has a final status but decision date is missing.,Status: APPROVED | Decision date: Missing
FRA-15195,Madhya Pradesh,Dindori,MISSING_DECISION_DATE,MEDIUM,Claim has a final status but decision date is missing.,Status: APPROVED | Decision date: Missing
FRA-15302,Chhattisgarh,Bastar,MISSING_DECISION_DATE,MEDIUM,Claim has a final status but decision date is missing.,Status: APPROVED | Decision date: Missing
FRA-15481,Madhya Pradesh,Balaghat,MISSING_DECISION_DATE,MEDIUM,Claim has a final status but decision date is missing.,Status: APPROVED | Decision date: Missing
FRA-15490,Jharkhand,Ranchi,MISSING_DECISION_DATE,MEDIUM,Claim has a final status but decision date is missing.,Status: APPROVED | Decision date: Missing
FRA-15499,Maharashtra,Amravati,MISSING_DECISION_DATE,MEDIUM,Claim has a final status but decision date is missing.,Status: APPROVED | Decision date: Missing
FRA-15512,Jharkhand,Simdega,MISSING_DECISION_DATE,MEDIUM,Claim has a final status but decision date is missing.,Status: APPROVED | Decision date: Missing
FRA-15577,Maharashtra,Nashik,MISSING_DECISION_DATE,MEDIUM,Claim has a final status but decision date is missing.,Status: APPROVED | Decision date: Missing
FRA-15589,Rajasthan,Banswara,MISSING_DECISION_DATE,MEDIUM,Claim has a final status but decision date is missing.,Status: APPROVED | Decision date: Missing
FRA-15604,Jharkhand,West Singhbhum,MISSING_DECISION_DATE,MEDIUM,Claim has a final status but decision date is missing.,Status: APPROVED | Decision date: Missing
FRA-15663,Odisha,Mayurbhanj,MISSING_DECISION_DATE,MEDIUM,Claim has a final status but decision date is missing.,Status: APPROVED | Decision date: Missing
FRA-15828,Chhattisgarh,Dantewada,MISSING_DECISION_DATE,MEDIUM,Claim has a final status but decision date is missing.,Status: APPROVED | Decision date: Missing
FRA-15896,Chhattisgarh,Surguja,MISSING_DECISION_DATE,MEDIUM,Claim has a final status but decision date is missing.,Status: APPROVED | Decision date: Missing
FRA-15944,Odisha,Koraput,MISSING_DECISION_DATE,MEDIUM,Claim has a final status but decision date is missing.,Status: APPROVED | Decision date: Missing
FRA-15975,Jharkhand,West Singhbhum,MISSING_DECISION_DATE,MEDIUM,Claim has a final status but decision date is missing.,Status: APPROVED | Decision date: Missing
FRA-16009,Gujarat,Valsad,MISSING_DECISION_DATE,MEDIUM,Claim has a final status but decision date is missing.,Status: APPROVED | Decision date: Missing
FRA-16049,Madhya Pradesh,Chhindwara,MISSING_DECISION_DATE,MEDIUM,Claim has a final status but decision date is missing.,Status: APPROVED | Decision date: Missing
FRA-16054,Rajasthan,Udaipur,MISSING_DECISION_DATE,MEDIUM,Claim has a final status but decision date is missing.,Status: APPROVED | Decision date: Missing
FRA-16195,Rajasthan,Pratapgarh,MISSING_DECISION_DATE,MEDIUM,Claim has a final status but decision date is missing.,Status: APPROVED | Decision date: Missing
FRA-16349,Madhya Pradesh,Betul,MISSING_DECISION_DATE,MEDIUM,Claim has a final status but decision date is missing.,Status: APPROVED | Decision date: Missing
FRA-16400,Rajasthan,Banswara,MISSING_DECISION_DATE,MEDIUM,Claim has a final status but decision date is missing.,Status: APPROVED | Decision date: Missing
FRA-16443,Gujarat,Tapi,MISSING_DECISION_DATE,MEDIUM,Claim has a final status but decision date is missing.,Status: APPROVED | Decision date: Missing
FRA-16505,Jharkhand,Ranchi,MISSING_DECISION_DATE,MEDIUM,Claim has a final status but decision date is missing.,Status: APPROVED | Decision date: Missing
FRA-16591,Chhattisgarh,Surguja,MISSING_DECISION_DATE,MEDIUM,Claim has a final status but decision date is missing.,Status: APPROVED | Decision date: Missing
FRA-16695,Chhattisgarh,Korba,MISSING_DECISION_DATE,MEDIUM,Claim has a final status but decision date is missing.,Status: APPROVED | Decision date: Missing
FRA-16765,Gujarat,Valsad,MISSING_DECISION_DATE,MEDIUM,Claim has a final status but decision date is missing.,Status: APPROVED | Decision date: Missing
FRA-16855,Madhya Pradesh,Balaghat,MISSING_DECISION_DATE,MEDIUM,Claim has a final status but decision date is missing.,Status: APPROVED | Decision date: Missing
FRA-16893,Jharkhand,West Singhbhum,MISSING_DECISION_DATE,MEDIUM,Claim has a final status but decision date is missing.,Status: APPROVED | Decision date: Missing
FRA-16960,Maharashtra,Nashik,MISSING_DECISION_DATE,MEDIUM,Claim has a final status but decision date is missing.,Status: APPROVED | Decision date: Missing
FRA-16985,Jharkhand,Simdega,MISSING_DECISION_DATE,MEDIUM,Claim has a final status but decision date is missing.,Status: APPROVED | Decision date: Missing
FRA-17012,Chhattisgarh,Surguja,MISSING_DECISION_DATE,MEDIUM,Claim has a final status but decision date is missing.,Status: APPROVED | Decision date: Missing
FRA-17036,Chhattisgarh,Dantewada,MISSING_DECISION_DATE,MEDIUM,Claim has a final status but decision date is missing.,Status: APPROVED | Decision date: Missing
FRA-17085,Madhya Pradesh,Chhindwara,MISSING_DECISION_DATE,MEDIUM,Claim has a final status but decision date is missing.,Status: APPROVED | Decision date: Missing
FRA-17136,Gujarat,Tapi,MISSING_DECISION_DATE,MEDIUM,Claim has a final status but decision date is missing.,Status: APPROVED | Decision date: Missing
FRA-17147,Chhattisgarh,Bastar,MISSING_DECISION_DATE,MEDIUM,Claim has a final status but decision date is missing.,Status: APPROVED | Decision date: Missing
FRA-17175,Gujarat,Tapi,MISSING_DECISION_DATE,MEDIUM,Claim has a final status but decision date is missing.,Status: APPROVED | Decision date: Missing
FRA-17196,Jharkhand,Simdega,MISSING_DECISION_DATE,MEDIUM,Claim has a final status but decision date is missing.,Status: APPROVED | Decision date: Missing
FRA-17233,Rajasthan,Sirohi,MISSING_DECISION_DATE,MEDIUM,Claim has a final status but decision date is missing.,Status: APPROVED | Decision date: Missing
FRA-17235,Jharkhand,Gumla,MISSING_DECISION_DATE,MEDIUM,Claim has a final status but decision date is missing.,Status: APPROVED | Decision date: Missing
FRA-17284,Gujarat,Valsad,MISSING_DECISION_DATE,MEDIUM,Claim has a final status but decision date is missing.,Status: APPROVED | Decision date: Missing
FRA-17472,Madhya Pradesh,Betul,MISSING_DECISION_DATE,MEDIUM,Claim has a final status but decision date is missing.,Status: APPROVED | Decision date: Missing
FRA-17551,Odisha,Koraput,MISSING_DECISION_DATE,MEDIUM,Claim has a final status but decision date is missing.,Status: APPROVED | Decision date: Missing
FRA-17604,Odisha,Koraput,MISSING_DECISION_DATE,MEDIUM,Claim has a final status but decision date is missing.,Status: APPROVED | Decision date: Missing
FRA-17675,Madhya Pradesh,Dindori,MISSING_DECISION_DATE,MEDIUM,Claim has a final status but decision date is missing.,Status: APPROVED | Decision date: Missing
FRA-17767,Gujarat,Valsad,MISSING_DECISION_DATE,MEDIUM,Claim has a final status but decision date is missing.,Status: APPROVED | Decision date: Missing
FRA-18002,Chhattisgarh,Dantewada,MISSING_DECISION_DATE,MEDIUM,Claim has a final status but decision date is missing.,Status: APPROVED | Decision date: Missing
FRA-18026,Gujarat,Tapi,MISSING_DECISION_DATE,MEDIUM,Claim has a final status but decision date is missing.,Status: APPROVED | Decision date: Missing
FRA-18062,Gujarat,Dangs,MISSING_DECISION_DATE,MEDIUM,Claim has a final status but decision date is missing.,Status: APPROVED | Decision date: Missing
FRA-18100,Madhya Pradesh,Dindori,MISSING_DECISION_DATE,MEDIUM,Claim has a final status but decision date is missing.,Status: APPROVED | Decision date: Missing
FRA-18139,Chhattisgarh,Korba,MISSING_DECISION_DATE,MEDIUM,Claim has a final status but decision date is missing.,Status: APPROVED | Decision date: Missing
FRA-18176,Maharashtra,Nashik,MISSING_DECISION_DATE,MEDIUM,Claim has a final status but decision date is missing.,Status: APPROVED | Decision date: Missing
FRA-18270,Chhattisgarh,Dantewada,MISSING_DECISION_DATE,MEDIUM,Claim has a final status but decision date is missing.,Status: APPROVED | Decision date: Missing
FRA-18327,Rajasthan,Sirohi,MISSING_DECISION_DATE,MEDIUM,Claim has a final status but decision date is missing.,Status: APPROVED | Decision date: Missing
FRA-18359,Chhattisgarh,Korba,MISSING_DECISION_DATE,MEDIUM,Claim has a final status but decision date is missing.,Status: APPROVED | Decision date: Missing
FRA-18380,Madhya Pradesh,Chhindwara,MISSING_DECISION_DATE,MEDIUM,Claim has a final status but decision date is missing.,Status: APPROVED | Decision date: Missing
FRA-18395,Chhattisgarh,Kanker,MISSING_DECISION_DATE,MEDIUM,Claim has a final status but decision date is missing.,Status: APPROVED | Decision date: Missing
FRA-18510,Chhattisgarh,Dantewada,MISSING_DECISION_DATE,MEDIUM,Claim has a final status but decision date is missing.,Status: APPROVED | Decision date: Missing
FRA-18674,Chhattisgarh,Bastar,MISSING_DECISION_DATE,MEDIUM,Claim has a final status but decision date is missing.,Status: APPROVED | Decision date: Missing
FRA-18738,Rajasthan,Banswara,MISSING_DECISION_DATE,MEDIUM,Claim has a final status but decision date is missing.,Status: APPROVED | Decision date: Missing
FRA-18743,Odisha,Koraput,MISSING_DECISION_DATE,MEDIUM,Claim has a final status but decision date is missing.,Status: APPROVED | Decision date: Missing
FRA-18747,Gujarat,Valsad,MISSING_DECISION_DATE,MEDIUM,Claim has a final status but decision date is missing.,Status: APPROVED | Decision date: Missing
FRA-18775,Madhya Pradesh,Dindori,MISSING_DECISION_DATE,MEDIUM,Claim has a final status but decision date is missing.,Status: APPROVED | Decision date: Missing
FRA-18790,Odisha,Keonjhar,MISSING_DECISION_DATE,MEDIUM,Claim has a final status but decision date is missing.,Status: APPROVED | Decision date: Missing
FRA-18792,Gujarat,Tapi,MISSING_DECISION_DATE,MEDIUM,Claim has a final status but decision date is missing.,Status: APPROVED | Decision date: Missing
FRA-18872,Rajasthan,Pratapgarh,MISSING_DECISION_DATE,MEDIUM,Claim has a final status but decision date is missing.,Status: APPROVED | Decision date: Missing
FRA-18905,Chhattisgarh,Dantewada,MISSING_DECISION_DATE,MEDIUM,Claim has a final status but decision date is missing.,Status: APPROVED | Decision date: Missing
FRA-19174,Jharkhand,West Singhbhum,MISSING_DECISION_DATE,MEDIUM,Claim has a final status but decision date is missing.,Status: APPROVED | Decision date: Missing
FRA-19296,Maharashtra,Nandurbar,MISSING_DECISION_DATE,MEDIUM,Claim has a final status but decision date is missing.,Status: APPROVED | Decision date: Missing
FRA-19305,Chhattisgarh,Bastar,MISSING_DECISION_DATE,MEDIUM,Claim has a final status but decision date is missing.,Status: APPROVED | Decision date: Missing
FRA-19340,Maharashtra,Gadchiroli,MISSING_DECISION_DATE,MEDIUM,Claim has a final status but decision date is missing.,Status: APPROVED | Decision date: Missing
FRA-19357,Chhattisgarh,Kanker,MISSING_DECISION_DATE,MEDIUM,Claim has a final status but decision date is missing.,Status: APPROVED | Decision date: Missing
FRA-19452,Odisha,Sundargarh,MISSING_DECISION_DATE,MEDIUM,Claim has a final status but decision date is missing.,Status: APPROVED | Decision date: Missing
FRA-19472,Jharkhand,Simdega,MISSING_DECISION_DATE,MEDIUM,Claim has a final status but decision date is missing.,Status: APPROVED | Decision date: Missing
FRA-19564,Odisha,Keonjhar,MISSING_DECISION_DATE,MEDIUM,Claim has a final status but decision date is missing.,Status: APPROVED | Decision date: Missing
FRA-19791,Rajasthan,Banswara,MISSING_DECISION_DATE,MEDIUM,Claim has a final status but decision date is missing.,Status: APPROVED | Decision date: Missing
FRA-19888,Chhattisgarh,Korba,MISSING_DECISION_DATE,MEDIUM,Claim has a final status but decision date is missing.,Status: APPROVED | Decision date: Missing
FRA-10070,Madhya Pradesh,Dindori,MISSING_UPDATE,LOW,Claim does not contain a last-updated date.,Last updated field is missing.
FRA-10094,Madhya Pradesh,Chhindwara,MISSING_UPDATE,LOW,Claim does not contain a last-updated date.,Last updated field is missing.
FRA-10214,Rajasthan,Pratapgarh,MISSING_UPDATE,LOW,Claim does not contain a last-updated date.,Last updated field is missing.
FRA-10277,Maharashtra,Nashik,MISSING_UPDATE,LOW,Claim does not contain a last-updated date.,Last updated field is missing.
FRA-10355,Gujarat,Narmada,MISSING_UPDATE,LOW,Claim does not contain a last-updated date.,Last updated field is missing.
FRA-10408,Chhattisgarh,Surguja,MISSING_UPDATE,LOW,Claim does not contain a last-updated date.,Last updated field is missing.
FRA-10480,Gujarat,Valsad,MISSING_UPDATE,LOW,Claim does not contain a last-updated date.,Last updated field is missing.
FRA-10522,Odisha,Mayurbhanj,MISSING_UPDATE,LOW,Claim does not contain a last-updated date.,Last updated field is missing.
FRA-10657,Gujarat,Tapi,MISSING_UPDATE,LOW,Claim does not contain a last-updated date.,Last updated field is missing.
FRA-10739,Madhya Pradesh,Balaghat,MISSING_UPDATE,LOW,Claim does not contain a last-updated date.,Last updated field is missing.
FRA-10913,Chhattisgarh,Surguja,MISSING_UPDATE,LOW,Claim does not contain a last-updated date.,Last updated field is missing.
FRA-11058,Maharashtra,Yavatmal,MISSING_UPDATE,LOW,Claim does not contain a last-updated date.,Last updated field is missing.
FRA-11131,Jharkhand,Simdega,MISSING_UPDATE,LOW,Claim does not contain a last-updated date.,Last updated field is missing.
FRA-11136,Rajasthan,Sirohi,MISSING_UPDATE,LOW,Claim does not contain a last-updated date.,Last updated field is missing.
FRA-11209,Maharashtra,Gadchiroli,MISSING_UPDATE,LOW,Claim does not contain a last-updated date.,Last updated field is missing.
FRA-11280,Rajasthan,Dungarpur,MISSING_UPDATE,LOW,Claim does not contain a last-updated date.,Last updated field is missing.
FRA-11323,Rajasthan,Banswara,MISSING_UPDATE,LOW,Claim does not contain a last-updated date.,Last updated field is missing.
FRA-11414,Jharkhand,Ranchi,MISSING_UPDATE,LOW,Claim does not contain a last-updated date.,Last updated field is missing.
FRA-11448,Chhattisgarh,Dantewada,MISSING_UPDATE,LOW,Claim does not contain a last-updated date.,Last updated field is missing.
FRA-11451,Odisha,Keonjhar,MISSING_UPDATE,LOW,Claim does not contain a last-updated date.,Last updated field is missing.
FRA-11528,Odisha,Mayurbhanj,MISSING_UPDATE,LOW,Claim does not contain a last-updated date.,Last updated field is missing.
FRA-11599,Rajasthan,Dungarpur,MISSING_UPDATE,LOW,Claim does not contain a last-updated date.,Last updated field is missing.
FRA-11632,Gujarat,Narmada,MISSING_UPDATE,LOW,Claim does not contain a last-updated date.,Last updated field is missing.
FRA-11667,Jharkhand,West Singhbhum,MISSING_UPDATE,LOW,Claim does not contain a last-updated date.,Last updated field is missing.
FRA-11672,Gujarat,Dangs,MISSING_UPDATE,LOW,Claim does not contain a last-updated date.,Last updated field is missing.
FRA-11925,Rajasthan,Pratapgarh,MISSING_UPDATE,LOW,Claim does not contain a last-updated date.,Last updated field is missing.
FRA-11968,Odisha,Sundargarh,MISSING_UPDATE,LOW,Claim does not contain a last-updated date.,Last updated field is missing.
FRA-11978,Gujarat,Dangs,MISSING_UPDATE,LOW,Claim does not contain a last-updated date.,Last updated field is missing.
FRA-11984,Odisha,Kandhamal,MISSING_UPDATE,LOW,Claim does not contain a last-updated date.,Last updated field is missing.
FRA-12075,Gujarat,Bharuch,MISSING_UPDATE,LOW,Claim does not contain a last-updated date.,Last updated field is missing.
FRA-12129,Gujarat,Valsad,MISSING_UPDATE,LOW,Claim does not contain a last-updated date.,Last updated field is missing.
FRA-12154,Madhya Pradesh,Mandla,MISSING_UPDATE,LOW,Claim does not contain a last-updated date.,Last updated field is missing.
FRA-12422,Jharkhand,Latehar,MISSING_UPDATE,LOW,Claim does not contain a last-updated date.,Last updated field is missing.
FRA-12523,Gujarat,Valsad,MISSING_UPDATE,LOW,Claim does not contain a last-updated date.,Last updated field is missing.
FRA-12541,Gujarat,Bharuch,MISSING_UPDATE,LOW,Claim does not contain a last-updated date.,Last updated field is missing.
FRA-12566,Madhya Pradesh,Chhindwara,MISSING_UPDATE,LOW,Claim does not contain a last-updated date.,Last updated field is missing.
FRA-12611,Madhya Pradesh,Balaghat,MISSING_UPDATE,LOW,Claim does not contain a last-updated date.,Last updated field is missing.
FRA-12657,Jharkhand,Simdega,MISSING_UPDATE,LOW,Claim does not contain a last-updated date.,Last updated field is missing.
FRA-12673,Rajasthan,Banswara,MISSING_UPDATE,LOW,Claim does not contain a last-updated date.,Last updated field is missing.
FRA-12724,Chhattisgarh,Surguja,MISSING_UPDATE,LOW,Claim does not contain a last-updated date.,Last updated field is missing.
FRA-12728,Chhattisgarh,Dantewada,MISSING_UPDATE,LOW,Claim does not contain a last-updated date.,Last updated field is missing.
FRA-12848,Maharashtra,Gadchiroli,MISSING_UPDATE,LOW,Claim does not contain a last-updated date.,Last updated field is missing.
FRA-12885,Jharkhand,Simdega,MISSING_UPDATE,LOW,Claim does not contain a last-updated date.,Last updated field is missing.
FRA-12896,Gujarat,Dangs,MISSING_UPDATE,LOW,Claim does not contain a last-updated date.,Last updated field is missing.
FRA-12926,Gujarat,Dangs,MISSING_UPDATE,LOW,Claim does not contain a last-updated date.,Last updated field is missing.
FRA-12953,Rajasthan,Udaipur,MISSING_UPDATE,LOW,Claim does not contain a last-updated date.,Last updated field is missing.
FRA-12993,Madhya Pradesh,Chhindwara,MISSING_UPDATE,LOW,Claim does not contain a last-updated date.,Last updated field is missing.
FRA-13011,Maharashtra,Nandurbar,MISSING_UPDATE,LOW,Claim does not contain a last-updated date.,Last updated field is missing.
FRA-13376,Gujarat,Dangs,MISSING_UPDATE,LOW,Claim does not contain a last-updated date.,Last updated field is missing.
FRA-13428,Gujarat,Tapi,MISSING_UPDATE,LOW,Claim does not contain a last-updated date.,Last updated field is missing.
FRA-13486,Rajasthan,Udaipur,MISSING_UPDATE,LOW,Claim does not contain a last-updated date.,Last updated field is missing.
FRA-13512,Madhya Pradesh,Balaghat,MISSING_UPDATE,LOW,Claim does not contain a last-updated date.,Last updated field is missing.
FRA-13523,Chhattisgarh,Kanker,MISSING_UPDATE,LOW,Claim does not contain a last-updated date.,Last updated field is missing.
FRA-13524,Rajasthan,Udaipur,MISSING_UPDATE,LOW,Claim does not contain a last-updated date.,Last updated field is missing.
FRA-13555,Rajasthan,Banswara,MISSING_UPDATE,LOW,Claim does not contain a last-updated date.,Last updated field is missing.
FRA-13604,Maharashtra,Nashik,MISSING_UPDATE,LOW,Claim does not contain a last-updated date.,Last updated field is missing.
FRA-13743,Rajasthan,Dungarpur,MISSING_UPDATE,LOW,Claim does not contain a last-updated date.,Last updated field is missing.
FRA-13867,Maharashtra,Nandurbar,MISSING_UPDATE,LOW,Claim does not contain a last-updated date.,Last updated field is missing.
FRA-14008,Maharashtra,Amravati,MISSING_UPDATE,LOW,Claim does not contain a last-updated date.,Last updated field is missing.
FRA-14106,Odisha,Mayurbhanj,MISSING_UPDATE,LOW,Claim does not contain a last-updated date.,Last updated field is missing.
FRA-14110,Madhya Pradesh,Dindori,MISSING_UPDATE,LOW,Claim does not contain a last-updated date.,Last updated field is missing.
FRA-14171,Jharkhand,Latehar,MISSING_UPDATE,LOW,Claim does not contain a last-updated date.,Last updated field is missing.
FRA-14253,Maharashtra,Amravati,MISSING_UPDATE,LOW,Claim does not contain a last-updated date.,Last updated field is missing.
FRA-14273,Odisha,Koraput,MISSING_UPDATE,LOW,Claim does not contain a last-updated date.,Last updated field is missing.
FRA-14500,Madhya Pradesh,Betul,MISSING_UPDATE,LOW,Claim does not contain a last-updated date.,Last updated field is missing.
FRA-14574,Odisha,Kandhamal,MISSING_UPDATE,LOW,Claim does not contain a last-updated date.,Last updated field is missing.
FRA-14575,Rajasthan,Banswara,MISSING_UPDATE,LOW,Claim does not contain a last-updated date.,Last updated field is missing.
FRA-14596,Odisha,Mayurbhanj,MISSING_UPDATE,LOW,Claim does not contain a last-updated date.,Last updated field is missing.
FRA-14721,Chhattisgarh,Korba,MISSING_UPDATE,LOW,Claim does not contain a last-updated date.,Last updated field is missing.
FRA-14723,Chhattisgarh,Kanker,MISSING_UPDATE,LOW,Claim does not contain a last-updated date.,Last updated field is missing.
FRA-14772,Madhya Pradesh,Chhindwara,MISSING_UPDATE,LOW,Claim does not contain a last-updated date.,Last updated field is missing.
FRA-14949,Madhya Pradesh,Mandla,MISSING_UPDATE,LOW,Claim does not contain a last-updated date.,Last updated field is missing.
FRA-14972,Odisha,Sundargarh,MISSING_UPDATE,LOW,Claim does not contain a last-updated date.,Last updated field is missing.
FRA-15031,Madhya Pradesh,Mandla,MISSING_UPDATE,LOW,Claim does not contain a last-updated date.,Last updated field is missing.
FRA-15037,Chhattisgarh,Dantewada,MISSING_UPDATE,LOW,Claim does not contain a last-updated date.,Last updated field is missing.
FRA-15100,Odisha,Mayurbhanj,MISSING_UPDATE,LOW,Claim does not contain a last-updated date.,Last updated field is missing.
FRA-15332,Odisha,Kandhamal,MISSING_UPDATE,LOW,Claim does not contain a last-updated date.,Last updated field is missing.
FRA-15356,Gujarat,Narmada,MISSING_UPDATE,LOW,Claim does not contain a last-updated date.,Last updated field is missing.
FRA-15377,Rajasthan,Dungarpur,MISSING_UPDATE,LOW,Claim does not contain a last-updated date.,Last updated field is missing.
FRA-15475,Gujarat,Bharuch,MISSING_UPDATE,LOW,Claim does not contain a last-updated date.,Last updated field is missing.
FRA-15489,Gujarat,Narmada,MISSING_UPDATE,LOW,Claim does not contain a last-updated date.,Last updated field is missing.
FRA-15709,Odisha,Koraput,MISSING_UPDATE,LOW,Claim does not contain a last-updated date.,Last updated field is missing.
FRA-15757,Madhya Pradesh,Mandla,MISSING_UPDATE,LOW,Claim does not contain a last-updated date.,Last updated field is missing.
FRA-15827,Jharkhand,Gumla,MISSING_UPDATE,LOW,Claim does not contain a last-updated date.,Last updated field is missing.
FRA-15877,Gujarat,Bharuch,MISSING_UPDATE,LOW,Claim does not contain a last-updated date.,Last updated field is missing.
FRA-15879,Jharkhand,West Singhbhum,MISSING_UPDATE,LOW,Claim does not contain a last-updated date.,Last updated field is missing.
FRA-15904,Rajasthan,Banswara,MISSING_UPDATE,LOW,Claim does not contain a last-updated date.,Last updated field is missing.
FRA-15940,Rajasthan,Udaipur,MISSING_UPDATE,LOW,Claim does not contain a last-updated date.,Last updated field is missing.
FRA-15998,Gujarat,Dangs,MISSING_UPDATE,LOW,Claim does not contain a last-updated date.,Last updated field is missing.
FRA-16094,Maharashtra,Yavatmal,MISSING_UPDATE,LOW,Claim does not contain a last-updated date.,Last updated field is missing.
FRA-16247,Maharashtra,Gadchiroli,MISSING_UPDATE,LOW,Claim does not contain a last-updated date.,Last updated field is missing.
FRA-16274,Madhya Pradesh,Chhindwara,MISSING_UPDATE,LOW,Claim does not contain a last-updated date.,Last updated field is missing.
FRA-16283,Odisha,Koraput,MISSING_UPDATE,LOW,Claim does not contain a last-updated date.,Last updated field is missing.
FRA-16625,Rajasthan,Pratapgarh,MISSING_UPDATE,LOW,Claim does not contain a last-updated date.,Last updated field is missing.
FRA-16668,Gujarat,Valsad,MISSING_UPDATE,LOW,Claim does not contain a last-updated date.,Last updated field is missing.
FRA-16755,Madhya Pradesh,Mandla,MISSING_UPDATE,LOW,Claim does not contain a last-updated date.,Last updated field is missing.
FRA-16830,Odisha,Keonjhar,MISSING_UPDATE,LOW,Claim does not contain a last-updated date.,Last updated field is missing.
FRA-16833,Jharkhand,Gumla,MISSING_UPDATE,LOW,Claim does not contain a last-updated date.,Last updated field is missing.
FRA-16918,Maharashtra,Yavatmal,MISSING_UPDATE,LOW,Claim does not contain a last-updated date.,Last updated field is missing.
FRA-17157,Maharashtra,Amravati,MISSING_UPDATE,LOW,Claim does not contain a last-updated date.,Last updated field is missing.
FRA-17183,Chhattisgarh,Bastar,MISSING_UPDATE,LOW,Claim does not contain a last-updated date.,Last updated field is missing.
FRA-17201,Chhattisgarh,Bastar,MISSING_UPDATE,LOW,Claim does not contain a last-updated date.,Last updated field is missing.
FRA-17203,Chhattisgarh,Kanker,MISSING_UPDATE,LOW,Claim does not contain a last-updated date.,Last updated field is missing.
FRA-17286,Odisha,Keonjhar,MISSING_UPDATE,LOW,Claim does not contain a last-updated date.,Last updated field is missing.
FRA-17315,Madhya Pradesh,Dindori,MISSING_UPDATE,LOW,Claim does not contain a last-updated date.,Last updated field is missing.
FRA-17408,Odisha,Kandhamal,MISSING_UPDATE,LOW,Claim does not contain a last-updated date.,Last updated field is missing.
FRA-17428,Odisha,Keonjhar,MISSING_UPDATE,LOW,Claim does not contain a last-updated date.,Last updated field is missing.
FRA-17471,Rajasthan,Sirohi,MISSING_UPDATE,LOW,Claim does not contain a last-updated date.,Last updated field is missing.
FRA-17571,Chhattisgarh,Korba,MISSING_UPDATE,LOW,Claim does not contain a last-updated date.,Last updated field is missing.
FRA-17578,Chhattisgarh,Dantewada,MISSING_UPDATE,LOW,Claim does not contain a last-updated date.,Last updated field is missing.
FRA-17583,Jharkhand,Latehar,MISSING_UPDATE,LOW,Claim does not contain a last-updated date.,Last updated field is missing.
FRA-17658,Maharashtra,Gadchiroli,MISSING_UPDATE,LOW,Claim does not contain a last-updated date.,Last updated field is missing.
FRA-17676,Odisha,Sundargarh,MISSING_UPDATE,LOW,Claim does not contain a last-updated date.,Last updated field is missing.
FRA-17708,Gujarat,Bharuch,MISSING_UPDATE,LOW,Claim does not contain a last-updated date.,Last updated field is missing.
FRA-17710,Maharashtra,Nandurbar,MISSING_UPDATE,LOW,Claim does not contain a last-updated date.,Last updated field is missing.
FRA-17738,Odisha,Koraput,MISSING_UPDATE,LOW,Claim does not contain a last-updated date.,Last updated field is missing.
FRA-17792,Maharashtra,Yavatmal,MISSING_UPDATE,LOW,Claim does not contain a last-updated date.,Last updated field is missing.
FRA-17798,Rajasthan,Pratapgarh,MISSING_UPDATE,LOW,Claim does not contain a last-updated date.,Last updated field is missing.
FRA-17820,Chhattisgarh,Kanker,MISSING_UPDATE,LOW,Claim does not contain a last-updated date.,Last updated field is missing.
FRA-17842,Gujarat,Tapi,MISSING_UPDATE,LOW,Claim does not contain a last-updated date.,Last updated field is missing.
FRA-17950,Odisha,Koraput,MISSING_UPDATE,LOW,Claim does not contain a last-updated date.,Last updated field is missing.
FRA-17998,Madhya Pradesh,Balaghat,MISSING_UPDATE,LOW,Claim does not contain a last-updated date.,Last updated field is missing.
FRA-18096,Madhya Pradesh,Betul,MISSING_UPDATE,LOW,Claim does not contain a last-updated date.,Last updated field is missing.
FRA-18190,Chhattisgarh,Korba,MISSING_UPDATE,LOW,Claim does not contain a last-updated date.,Last updated field is missing.
FRA-18211,Jharkhand,West Singhbhum,MISSING_UPDATE,LOW,Claim does not contain a last-updated date.,Last updated field is missing.
FRA-18389,Maharashtra,Amravati,MISSING_UPDATE,LOW,Claim does not contain a last-updated date.,Last updated field is missing.
FRA-18390,Madhya Pradesh,Betul,MISSING_UPDATE,LOW,Claim does not contain a last-updated date.,Last updated field is missing.
FRA-18394,Rajasthan,Banswara,MISSING_UPDATE,LOW,Claim does not contain a last-updated date.,Last updated field is missing.
FRA-18579,Madhya Pradesh,Chhindwara,MISSING_UPDATE,LOW,Claim does not contain a last-updated date.,Last updated field is missing.
FRA-18587,Jharkhand,Gumla,MISSING_UPDATE,LOW,Claim does not contain a last-updated date.,Last updated field is missing.
FRA-18588,Odisha,Koraput,MISSING_UPDATE,LOW,Claim does not contain a last-updated date.,Last updated field is missing.
FRA-18790,Odisha,Keonjhar,MISSING_UPDATE,LOW,Claim does not contain a last-updated date.,Last updated field is missing.
FRA-18809,Maharashtra,Nashik,MISSING_UPDATE,LOW,Claim does not contain a last-updated date.,Last updated field is missing.
FRA-18832,Chhattisgarh,Dantewada,MISSING_UPDATE,LOW,Claim does not contain a last-updated date.,Last updated field is missing.
FRA-18857,Odisha,Kandhamal,MISSING_UPDATE,LOW,Claim does not contain a last-updated date.,Last updated field is missing.
FRA-18928,Maharashtra,Yavatmal,MISSING_UPDATE,LOW,Claim does not contain a last-updated date.,Last updated field is missing.
FRA-19067,Odisha,Kandhamal,MISSING_UPDATE,LOW,Claim does not contain a last-updated date.,Last updated field is missing.
FRA-19086,Rajasthan,Sirohi,MISSING_UPDATE,LOW,Claim does not contain a last-updated date.,Last updated field is missing.
FRA-19087,Maharashtra,Amravati,MISSING_UPDATE,LOW,Claim does not contain a last-updated date.,Last updated field is missing.
FRA-19160,Madhya Pradesh,Chhindwara,MISSING_UPDATE,LOW,Claim does not contain a last-updated date.,Last updated field is missing.
FRA-19193,Rajasthan,Udaipur,MISSING_UPDATE,LOW,Claim does not contain a last-updated date.,Last updated field is missing.
FRA-19206,Odisha,Koraput,MISSING_UPDATE,LOW,Claim does not contain a last-updated date.,Last updated field is missing.
FRA-19426,Odisha,Sundargarh,MISSING_UPDATE,LOW,Claim does not contain a last-updated date.,Last updated field is missing.
FRA-19433,Odisha,Koraput,MISSING_UPDATE,LOW,Claim does not contain a last-updated date.,Last updated field is missing.
FRA-19486,Rajasthan,Banswara,MISSING_UPDATE,LOW,Claim does not contain a last-updated date.,Last updated field is missing.
FRA-19491,Madhya Pradesh,Dindori,MISSING_UPDATE,LOW,Claim does not contain a last-updated date.,Last updated field is missing.
FRA-19522,Gujarat,Valsad,MISSING_UPDATE,LOW,Claim does not contain a last-updated date.,Last updated field is missing.
FRA-19743,Jharkhand,Gumla,MISSING_UPDATE,LOW,Claim does not contain a last-updated date.,Last updated field is missing.
FRA-19809,Madhya Pradesh,Chhindwara,MISSING_UPDATE,LOW,Claim does not contain a last-updated date.,Last updated field is missing.
FRA-19958,Madhya Pradesh,Mandla,MISSING_UPDATE,LOW,Claim does not contain a last-updated date.,Last updated field is missing.
