land_record_id,claim_id,recorded_area,land_status,survey_reference
LR-10000,FRA-10000,6.03,FOREST,SUR-22280
LR-10001,FRA-10001,5.27,REVENUE,SUR-65392
LR-10002,FRA-10002,1.1,UNCLASSIFIED,SUR-80284
LR-10003,FRA-10003,1.77,REVENUE,SUR-23238
LR-10004,FRA-10004,3.16,REVENUE,SUR-80010
LR-10005,FRA-10005,5.78,COMMUNITY,SUR-18675
LR-10006,FRA-10006,7.11,COMMUNITY,SUR-86622
LR-10007,FRA-10007,4.26,UNCLASSIFIED,SUR-88172
LR-10008,FRA-10008,8.01,COMMUNITY,SUR-94012
LR-10009,FRA-10009,5.97,COMMUNITY,SUR-93748
LR-10010,FRA-10010,7.94,COMMUNITY,SUR-41385
LR-10011,FRA-10011,3.77,UNCLASSIFIED,SUR-82063
LR-10012,FRA-10012,4.58,COMMUNITY,SUR-67422
LR-10013,FRA-10013,4.59,REVENUE,SUR-18834
LR-10014,FRA-10014,4.58,UNCLASSIFIED,SUR-63354
LR-10015,FRA-10015,4.04,COMMUNITY,SUR-24322
LR-10016,FRA-10016,2.43,FOREST,SUR-95477
LR-10017,FRA-10017,3.45,FOREST,SUR-61173
LR-10018,FRA-10018,2.78,FOREST,SUR-51104
LR-10019,FRA-10019,0.91,UNCLASSIFIED,SUR-25713
LR-10020,FRA-10020,5.35,COMMUNITY,SUR-41285
LR-10021,FRA-10021,7.77,REVENUE,SUR-76307
LR-10022,FRA-10022,2.55,FOREST,SUR-97538
LR-10023,FRA-10023,1.25,COMMUNITY,SUR-36685
LR-10024,FRA-10024,5.39,COMMUNITY,SUR-31178
LR-10025,FRA-10025,1.09,REVENUE,SUR-66333
LR-10026,FRA-10026,3.19,REVENUE,SUR-41029
LR-10027,FRA-10027,1.92,COMMUNITY,SUR-30866
LR-10028,FRA-10028,2.08,REVENUE,SUR-13101
LR-10029,FRA-10029,6.0,COMMUNITY,SUR-13617
LR-10030,FRA-10030,1.26,FOREST,SUR-60488
LR-10031,FRA-10031,7.3,UNCLASSIFIED,SUR-19171
LR-10032,FRA-10032,7.08,REVENUE,SUR-35144
LR-10033,FRA-10033,3.64,COMMUNITY,SUR-70946
LR-10034,FRA-10034,1.11,REVENUE,SUR-98184
LR-10035,FRA-10035,7.81,REVENUE,SUR-60328
LR-10036,FRA-10036,6.23,UNCLASSIFIED,SUR-16582
LR-10037,FRA-10037,3.9,UNCLASSIFIED,SUR-81810
LR-10038,FRA-10038,2.34,COMMUNITY,SUR-40735
LR-10039,FRA-10039,2.24,UNCLASSIFIED,SUR-64496
LR-10040,FRA-10040,7.0,UNCLASSIFIED,SUR-80545
LR-10041,FRA-10041,2.48,REVENUE,SUR-71261
LR-10042,FRA-10042,0.7,UNCLASSIFIED,SUR-52906
LR-10043,FRA-10043,6.29,FOREST,SUR-55870
LR-10044,FRA-10044,2.41,REVENUE,SUR-70952
LR-10045,FRA-10045,6.94,UNCLASSIFIED,SUR-61990
LR-10046,FRA-10046,5.42,FOREST,SUR-55508
LR-10047,FRA-10047,7.03,UNCLASSIFIED,SUR-30052
LR-10048,FRA-10048,6.43,COMMUNITY,SUR-52245
LR-10049,FRA-10049,6.04,COMMUNITY,SUR-33834
LR-10050,FRA-10050,5.13,REVENUE,SUR-63271
LR-10051,FRA-10051,2.46,COMMUNITY,SUR-72031
LR-10052,FRA-10052,3.04,COMMUNITY,SUR-25670
LR-10053,FRA-10053,5.69,REVENUE,SUR-48829
LR-10054,FRA-10054,2.68,UNCLASSIFIED,SUR-23446
LR-10055,FRA-10055,1.71,FOREST,SUR-29887
LR-10056,FRA-10056,4.51,UNCLASSIFIED,SUR-69049
LR-10057,FRA-10057,5.12,REVENUE,SUR-44687
LR-10058,FRA-10058,0.5,COMMUNITY,SUR-69510
LR-10059,FRA-10059,1.27,REVENUE,SUR-50319
LR-10060,FRA-10060,2.67,FOREST,SUR-66626
LR-10061,FRA-10061,5.72,COMMUNITY,SUR-85529
LR-10062,FRA-10062,7.7,COMMUNITY,SUR-97835
LR-10063,FRA-10063,7.76,FOREST,SUR-62976
LR-10064,FRA-10064,3.34,FOREST,SUR-36680
LR-10065,FRA-10065,0.72,UNCLASSIFIED,SUR-22217
LR-10066,FRA-10066,7.07,REVENUE,SUR-69871
LR-10067,FRA-10067,7.3,COMMUNITY,SUR-10336
LR-10068,FRA-10068,2.05,COMMUNITY,SUR-34727
LR-10069,FRA-10069,2.81,REVENUE,SUR-74923
LR-10070,FRA-10070,6.26,REVENUE,SUR-19807
LR-10071,FRA-10071,2.96,UNCLASSIFIED,SUR-80912
LR-10072,FRA-10072,5.89,REVENUE,SUR-49251
LR-10073,FRA-10073,3.49,REVENUE,SUR-20350
LR-10074,FRA-10074,3.71,COMMUNITY,SUR-98815
LR-10075,FRA-10075,7.75,UNCLASSIFIED,SUR-23979
LR-10076,FRA-10076,7.82,FOREST,SUR-89482
LR-10077,FRA-10077,6.07,REVENUE,SUR-92345
LR-10078,FRA-10078,1.54,COMMUNITY,SUR-79579
LR-10079,FRA-10079,6.63,REVENUE,SUR-39571
LR-10080,FRA-10080,5.8,COMMUNITY,SUR-86619
LR-10081,FRA-10081,7.02,UNCLASSIFIED,SUR-49608
LR-10082,FRA-10082,7.31,COMMUNITY,SUR-97881
LR-10083,FRA-10083,3.3,COMMUNITY,SUR-38477
LR-10084,FRA-10084,3.37,UNCLASSIFIED,SUR-22015
LR-10085,FRA-10085,5.99,REVENUE,SUR-86858
LR-10086,FRA-10086,6.4,FOREST,SUR-27275
LR-10087,FRA-10087,1.64,UNCLASSIFIED,SUR-68756
LR-10088,FRA-10088,6.88,UNCLASSIFIED,SUR-94323
LR-10089,FRA-10089,1.32,FOREST,SUR-26540
LR-10090,FRA-10090,7.8,FOREST,SUR-95814
LR-10091,FRA-10091,2.1,UNCLASSIFIED,SUR-50963
LR-10092,FRA-10092,1.08,REVENUE,SUR-82924
LR-10093,FRA-10093,3.15,COMMUNITY,SUR-56090
LR-10094,FRA-10094,6.52,REVENUE,SUR-66244
LR-10095,FRA-10095,5.06,COMMUNITY,SUR-54541
LR-10096,FRA-10096,1.55,UNCLASSIFIED,SUR-69460
LR-10097,FRA-10097,1.03,UNCLASSIFIED,SUR-96761
LR-10098,FRA-10098,4.13,COMMUNITY,SUR-15952
LR-10099,FRA-10099,7.7,UNCLASSIFIED,SUR-66446
LR-10100,FRA-10100,6.89,UNCLASSIFIED,SUR-20205
LR-10101,FRA-10101,1.23,COMMUNITY,SUR-21551
LR-10102,FRA-10102,3.28,FOREST,SUR-79547
LR-10103,FRA-10103,1.19,REVENUE,SUR-92306
LR-10104,FRA-10104,7.32,COMMUNITY,SUR-29786
LR-10105,FRA-10105,0.9,COMMUNITY,SUR-20057
LR-10106,FRA-10106,4.75,COMMUNITY,SUR-89299
LR-10107,FRA-10107,6.89,REVENUE,SUR-67377
LR-10108,FRA-10108,2.52,COMMUNITY,SUR-18639
LR-10109,FRA-10109,7.2,REVENUE,SUR-55851
LR-10110,FRA-10110,4.67,FOREST,SUR-94675
LR-10111,FRA-10111,7.26,FOREST,SUR-48770
LR-10112,FRA-10112,5.63,REVENUE,SUR-67366
LR-10113,FRA-10113,2.67,UNCLASSIFIED,SUR-35430
LR-10114,FRA-10114,3.29,FOREST,SUR-94040
LR-10115,FRA-10115,1.31,UNCLASSIFIED,SUR-22021
LR-10116,FRA-10116,3.32,COMMUNITY,SUR-22987
LR-10117,FRA-10117,6.75,FOREST,SUR-20384
LR-10118,FRA-10118,1.25,UNCLASSIFIED,SUR-18232
LR-10119,FRA-10119,2.13,UNCLASSIFIED,SUR-34551
LR-10120,FRA-10120,4.51,UNCLASSIFIED,SUR-58929
LR-10121,FRA-10121,4.97,COMMUNITY,SUR-81567
LR-10122,FRA-10122,1.72,FOREST,SUR-36144
LR-10123,FRA-10123,2.43,COMMUNITY,SUR-45811
LR-10124,FRA-10124,7.29,COMMUNITY,SUR-20828
LR-10125,FRA-10125,2.47,UNCLASSIFIED,SUR-31842
LR-10126,FRA-10126,1.89,UNCLASSIFIED,SUR-57619
LR-10127,FRA-10127,1.36,FOREST,SUR-89310
LR-10128,FRA-10128,1.46,REVENUE,SUR-75410
LR-10129,FRA-10129,4.04,FOREST,SUR-27790
LR-10130,FRA-10130,6.88,COMMUNITY,SUR-49315
LR-10131,FRA-10131,3.0,UNCLASSIFIED,SUR-13445
LR-10132,FRA-10132,4.65,UNCLASSIFIED,SUR-63665
LR-10133,FRA-10133,3.9,REVENUE,SUR-26912
LR-10134,FRA-10134,1.53,COMMUNITY,SUR-20336
LR-10135,FRA-10135,2.71,REVENUE,SUR-96341
LR-10136,FRA-10136,6.37,REVENUE,SUR-84991
LR-10137,FRA-10137,5.02,FOREST,SUR-17852
LR-10138,FRA-10138,1.63,REVENUE,SUR-58567
LR-10139,FRA-10139,3.56,UNCLASSIFIED,SUR-42541
LR-10140,FRA-10140,6.06,FOREST,SUR-21802
LR-10141,FRA-10141,0.86,FOREST,SUR-24089
LR-10142,FRA-10142,0.76,UNCLASSIFIED,SUR-82070
LR-10143,FRA-10143,3.46,UNCLASSIFIED,SUR-75546
LR-10144,FRA-10144,3.89,UNCLASSIFIED,SUR-90805
LR-10145,FRA-10145,4.11,UNCLASSIFIED,SUR-86507
LR-10146,FRA-10146,2.01,UNCLASSIFIED,SUR-29369
LR-10147,FRA-10147,0.61,UNCLASSIFIED,SUR-18163
LR-10148,FRA-10148,3.47,COMMUNITY,SUR-89963
LR-10149,FRA-10149,7.92,UNCLASSIFIED,SUR-51555
LR-10150,FRA-10150,1.41,REVENUE,SUR-48070
LR-10151,FRA-10151,2.35,COMMUNITY,SUR-27992
LR-10152,FRA-10152,6.81,UNCLASSIFIED,SUR-23178
LR-10153,FRA-10153,5.57,COMMUNITY,SUR-47409
LR-10154,FRA-10154,4.55,REVENUE,SUR-14763
LR-10155,FRA-10155,0.74,UNCLASSIFIED,SUR-94058
LR-10156,FRA-10156,2.6,REVENUE,SUR-11846
LR-10157,FRA-10157,5.06,FOREST,SUR-34219
LR-10158,FRA-10158,2.3,FOREST,SUR-44282
LR-10159,FRA-10159,2.69,COMMUNITY,SUR-25389
LR-10160,FRA-10160,1.67,REVENUE,SUR-42435
LR-10161,FRA-10161,5.27,REVENUE,SUR-85065
LR-10162,FRA-10162,5.64,UNCLASSIFIED,SUR-27294
LR-10163,FRA-10163,6.61,FOREST,SUR-15936
LR-10164,FRA-10164,7.56,UNCLASSIFIED,SUR-59081
LR-10165,FRA-10165,5.62,REVENUE,SUR-80419
LR-10166,FRA-10166,0.63,REVENUE,SUR-42441
LR-10167,FRA-10167,6.33,REVENUE,SUR-18819
LR-10168,FRA-10168,5.81,REVENUE,SUR-76046
LR-10169,FRA-10169,4.98,REVENUE,SUR-64206
LR-10170,FRA-10170,5.5,UNCLASSIFIED,SUR-78742
LR-10171,FRA-10171,4.24,FOREST,SUR-83713
LR-10172,FRA-10172,2.02,REVENUE,SUR-16755
LR-10173,FRA-10173,6.45,COMMUNITY,SUR-12009
LR-10174,FRA-10174,2.3,COMMUNITY,SUR-59894
LR-10175,FRA-10175,6.91,COMMUNITY,SUR-51015
LR-10176,FRA-10176,1.93,COMMUNITY,SUR-40149
LR-10177,FRA-10177,6.06,COMMUNITY,SUR-32185
LR-10178,FRA-10178,7.52,FOREST,SUR-10836
LR-10179,FRA-10179,2.07,UNCLASSIFIED,SUR-96413
LR-10180,FRA-10180,4.21,REVENUE,SUR-24026
LR-10181,FRA-10181,6.21,REVENUE,SUR-39603
LR-10182,FRA-10182,3.39,UNCLASSIFIED,SUR-66873
LR-10183,FRA-10183,4.04,COMMUNITY,SUR-16102
LR-10184,FRA-10184,7.08,UNCLASSIFIED,SUR-20084
LR-10185,FRA-10185,0.57,COMMUNITY,SUR-17038
LR-10186,FRA-10186,2.94,UNCLASSIFIED,SUR-66603
LR-10187,FRA-10187,2.14,REVENUE,SUR-61068
LR-10188,FRA-10188,3.01,UNCLASSIFIED,SUR-23538
LR-10189,FRA-10189,3.2,REVENUE,SUR-84967
LR-10190,FRA-10190,2.31,FOREST,SUR-57333
LR-10191,FRA-10191,1.23,UNCLASSIFIED,SUR-53874
LR-10192,FRA-10192,2.99,REVENUE,SUR-52714
LR-10193,FRA-10193,4.68,UNCLASSIFIED,SUR-37479
LR-10194,FRA-10194,4.22,UNCLASSIFIED,SUR-19694
LR-10195,FRA-10195,7.43,FOREST,SUR-24335
LR-10196,FRA-10196,7.89,FOREST,SUR-11382
LR-10197,FRA-10197,5.28,REVENUE,SUR-55215
LR-10198,FRA-10198,1.41,UNCLASSIFIED,SUR-55652
LR-10199,FRA-10199,2.81,REVENUE,SUR-41970
LR-10200,FRA-10200,4.05,FOREST,SUR-90492
LR-10201,FRA-10201,2.6,COMMUNITY,SUR-52727
LR-10202,FRA-10202,7.33,UNCLASSIFIED,SUR-90918
LR-10203,FRA-10203,1.31,REVENUE,SUR-85340
LR-10204,FRA-10204,1.65,FOREST,SUR-73518
LR-10205,FRA-10205,4.22,FOREST,SUR-84107
LR-10206,FRA-10206,1.7,FOREST,SUR-85066
LR-10207,FRA-10207,6.04,REVENUE,SUR-49021
LR-10208,FRA-10208,6.41,UNCLASSIFIED,SUR-31755
LR-10209,FRA-10209,2.95,COMMUNITY,SUR-77425
LR-10210,FRA-10210,0.89,COMMUNITY,SUR-42447
LR-10211,FRA-10211,3.49,COMMUNITY,SUR-58374
LR-10212,FRA-10212,7.75,UNCLASSIFIED,SUR-38551
LR-10213,FRA-10213,4.23,FOREST,SUR-23051
LR-10214,FRA-10214,4.11,COMMUNITY,SUR-30837
LR-10215,FRA-10215,5.47,REVENUE,SUR-66260
LR-10216,FRA-10216,1.4,FOREST,SUR-65353
LR-10217,FRA-10217,5.99,REVENUE,SUR-94092
LR-10218,FRA-10218,2.92,FOREST,SUR-23168
LR-10219,FRA-10219,6.03,COMMUNITY,SUR-13515
LR-10220,FRA-10220,3.43,FOREST,SUR-79243
LR-10221,FRA-10221,3.25,FOREST,SUR-86986
LR-10222,FRA-10222,6.27,UNCLASSIFIED,SUR-20803
LR-10223,FRA-10223,1.13,FOREST,SUR-50654
LR-10224,FRA-10224,1.11,REVENUE,SUR-25655
LR-10225,FRA-10225,4.48,COMMUNITY,SUR-25473
LR-10226,FRA-10226,2.58,UNCLASSIFIED,SUR-84302
LR-10227,FRA-10227,5.53,FOREST,SUR-71835
LR-10228,FRA-10228,6.57,COMMUNITY,SUR-45554
LR-10229,FRA-10229,2.12,COMMUNITY,SUR-50723
LR-10230,FRA-10230,4.47,REVENUE,SUR-81638
LR-10231,FRA-10231,4.54,UNCLASSIFIED,SUR-50306
LR-10232,FRA-10232,1.0,UNCLASSIFIED,SUR-58823
LR-10233,FRA-10233,4.49,COMMUNITY,SUR-61505
LR-10234,FRA-10234,2.05,UNCLASSIFIED,SUR-51160
LR-10235,FRA-10235,2.64,FOREST,SUR-38183
LR-10236,FRA-10236,4.36,UNCLASSIFIED,SUR-82869
LR-10237,FRA-10237,0.6,FOREST,SUR-86326
LR-10238,FRA-10238,7.03,COMMUNITY,SUR-26059
LR-10239,FRA-10239,5.78,REVENUE,SUR-46042
LR-10240,FRA-10240,2.61,REVENUE,SUR-64949
LR-10241,FRA-10241,0.62,COMMUNITY,SUR-84141
LR-10242,FRA-10242,2.21,COMMUNITY,SUR-86544
LR-10243,FRA-10243,6.87,UNCLASSIFIED,SUR-56504
LR-10244,FRA-10244,4.97,UNCLASSIFIED,SUR-81057
LR-10245,FRA-10245,2.09,REVENUE,SUR-54663
LR-10246,FRA-10246,0.65,FOREST,SUR-58967
LR-10247,FRA-10247,7.9,REVENUE,SUR-83659
LR-10248,FRA-10248,2.81,UNCLASSIFIED,SUR-84381
LR-10249,FRA-10249,4.93,COMMUNITY,SUR-32005
LR-10250,FRA-10250,0.55,FOREST,SUR-16310
LR-10251,FRA-10251,0.85,REVENUE,SUR-31319
LR-10252,FRA-10252,2.25,FOREST,SUR-81702
LR-10253,FRA-10253,0.76,COMMUNITY,SUR-36941
LR-10254,FRA-10254,5.15,REVENUE,SUR-17144
LR-10255,FRA-10255,1.15,COMMUNITY,SUR-62096
LR-10256,FRA-10256,1.95,UNCLASSIFIED,SUR-44524
LR-10257,FRA-10257,5.63,FOREST,SUR-60738
LR-10258,FRA-10258,6.91,REVENUE,SUR-25765
LR-10259,FRA-10259,1.77,REVENUE,SUR-87994
LR-10260,FRA-10260,3.27,UNCLASSIFIED,SUR-24748
LR-10261,FRA-10261,1.31,COMMUNITY,SUR-60206
LR-10262,FRA-10262,0.65,REVENUE,SUR-16460
LR-10263,FRA-10263,6.27,REVENUE,SUR-27614
LR-10264,FRA-10264,4.96,COMMUNITY,SUR-17367
LR-10265,FRA-10265,6.21,FOREST,SUR-42701
LR-10266,FRA-10266,3.16,COMMUNITY,SUR-74066
LR-10267,FRA-10267,3.16,UNCLASSIFIED,SUR-16507
LR-10268,FRA-10268,2.04,FOREST,SUR-72140
LR-10269,FRA-10269,6.19,COMMUNITY,SUR-70161
LR-10270,FRA-10270,1.24,COMMUNITY,SUR-49121
LR-10271,FRA-10271,2.77,REVENUE,SUR-77802
LR-10272,FRA-10272,2.67,UNCLASSIFIED,SUR-60891
LR-10273,FRA-10273,5.55,COMMUNITY,SUR-76494
LR-10274,FRA-10274,1.13,COMMUNITY,SUR-95778
LR-10275,FRA-10275,6.09,FOREST,SUR-93151
LR-10276,FRA-10276,1.4,REVENUE,SUR-28004
LR-10277,FRA-10277,2.89,FOREST,SUR-10617
LR-10278,FRA-10278,1.72,UNCLASSIFIED,SUR-72573
LR-10279,FRA-10279,0.58,REVENUE,SUR-39657
LR-10280,FRA-10280,2.55,COMMUNITY,SUR-66841
LR-10281,FRA-10281,1.99,REVENUE,SUR-37681
LR-10282,FRA-10282,4.87,FOREST,SUR-87846
LR-10283,FRA-10283,3.52,FOREST,SUR-49467
LR-10284,FRA-10284,6.16,FOREST,SUR-75239
LR-10285,FRA-10285,3.06,UNCLASSIFIED,SUR-53332
LR-10286,FRA-10286,2.49,FOREST,SUR-43540
LR-10287,FRA-10287,0.9,COMMUNITY,SUR-65836
LR-10288,FRA-10288,6.89,COMMUNITY,SUR-22183
LR-10289,FRA-10289,6.79,FOREST,SUR-27368
LR-10290,FRA-10290,7.13,COMMUNITY,SUR-90131
LR-10291,FRA-10291,0.79,REVENUE,SUR-97797
LR-10292,FRA-10292,5.12,FOREST,SUR-11526
LR-10293,FRA-10293,1.76,REVENUE,SUR-82154
LR-10294,FRA-10294,6.3,FOREST,SUR-23453
LR-10295,FRA-10295,4.99,UNCLASSIFIED,SUR-54676
LR-10296,FRA-10296,6.2,REVENUE,SUR-10287
LR-10297,FRA-10297,4.43,UNCLASSIFIED,SUR-24019
LR-10298,FRA-10298,4.0,FOREST,SUR-69048
LR-10299,FRA-10299,4.06,REVENUE,SUR-85832
LR-10300,FRA-10300,6.85,COMMUNITY,SUR-48557
LR-10301,FRA-10301,6.7,REVENUE,SUR-37487
LR-10302,FRA-10302,5.62,FOREST,SUR-56168
LR-10303,FRA-10303,6.27,FOREST,SUR-13312
LR-10304,FRA-10304,6.69,COMMUNITY,SUR-36738
LR-10305,FRA-10305,7.09,COMMUNITY,SUR-97096
LR-10306,FRA-10306,4.19,REVENUE,SUR-93071
LR-10307,FRA-10307,5.52,FOREST,SUR-59440
LR-10308,FRA-10308,6.17,COMMUNITY,SUR-88234
LR-10309,FRA-10309,3.25,REVENUE,SUR-64516
LR-10310,FRA-10310,2.85,FOREST,SUR-25036
LR-10311,FRA-10311,0.83,COMMUNITY,SUR-80809
LR-10312,FRA-10312,6.3,FOREST,SUR-22577
LR-10313,FRA-10313,4.86,UNCLASSIFIED,SUR-94746
LR-10314,FRA-10314,2.73,REVENUE,SUR-43901
LR-10315,FRA-10315,3.14,FOREST,SUR-19514
LR-10316,FRA-10316,1.17,REVENUE,SUR-79922
LR-10317,FRA-10317,7.1,COMMUNITY,SUR-11461
LR-10318,FRA-10318,3.4,COMMUNITY,SUR-37752
LR-10319,FRA-10319,1.36,UNCLASSIFIED,SUR-94498
LR-10320,FRA-10320,5.78,FOREST,SUR-47373
LR-10321,FRA-10321,4.84,UNCLASSIFIED,SUR-32103
LR-10322,FRA-10322,6.26,COMMUNITY,SUR-50038
LR-10323,FRA-10323,2.66,FOREST,SUR-12441
LR-10324,FRA-10324,5.84,REVENUE,SUR-57948
LR-10325,FRA-10325,3.9,REVENUE,SUR-77388
LR-10326,FRA-10326,6.49,REVENUE,SUR-18239
LR-10327,FRA-10327,6.17,FOREST,SUR-78337
LR-10328,FRA-10328,1.8,COMMUNITY,SUR-59326
LR-10329,FRA-10329,6.65,FOREST,SUR-77441
LR-10330,FRA-10330,5.4,UNCLASSIFIED,SUR-98503
LR-10331,FRA-10331,2.14,REVENUE,SUR-17328
LR-10332,FRA-10332,1.5,REVENUE,SUR-68877
LR-10333,FRA-10333,1.55,REVENUE,SUR-99861
LR-10334,FRA-10334,1.34,REVENUE,SUR-89365
LR-10335,FRA-10335,6.22,FOREST,SUR-98940
LR-10336,FRA-10336,4.18,FOREST,SUR-65769
LR-10337,FRA-10337,4.9,FOREST,SUR-85757
LR-10338,FRA-10338,2.15,UNCLASSIFIED,SUR-84012
LR-10339,FRA-10339,4.56,COMMUNITY,SUR-62183
LR-10340,FRA-10340,6.64,FOREST,SUR-31068
LR-10341,FRA-10341,4.57,UNCLASSIFIED,SUR-62513
LR-10342,FRA-10342,5.84,COMMUNITY,SUR-35525
LR-10343,FRA-10343,0.72,UNCLASSIFIED,SUR-56285
LR-10344,FRA-10344,6.0,COMMUNITY,SUR-55544
LR-10345,FRA-10345,3.18,COMMUNITY,SUR-54560
LR-10346,FRA-10346,5.97,UNCLASSIFIED,SUR-99337
LR-10347,FRA-10347,3.43,COMMUNITY,SUR-77699
LR-10348,FRA-10348,3.53,COMMUNITY,SUR-56338
LR-10349,FRA-10349,5.64,REVENUE,SUR-91080
LR-10350,FRA-10350,7.47,UNCLASSIFIED,SUR-58653
LR-10351,FRA-10351,2.37,REVENUE,SUR-17097
LR-10352,FRA-10352,3.46,COMMUNITY,SUR-11103
LR-10353,FRA-10353,6.46,COMMUNITY,SUR-57962
LR-10354,FRA-10354,6.51,FOREST,SUR-45382
LR-10355,FRA-10355,6.57,COMMUNITY,SUR-73782
LR-10356,FRA-10356,5.16,COMMUNITY,SUR-44048
LR-10357,FRA-10357,0.6,REVENUE,SUR-47304
LR-10358,FRA-10358,2.48,COMMUNITY,SUR-65288
LR-10359,FRA-10359,1.6,UNCLASSIFIED,SUR-45553
LR-10360,FRA-10360,1.8,FOREST,SUR-37600
LR-10361,FRA-10361,0.91,REVENUE,SUR-21050
LR-10362,FRA-10362,4.78,COMMUNITY,SUR-72410
LR-10363,FRA-10363,5.31,UNCLASSIFIED,SUR-78610
LR-10364,FRA-10364,6.32,REVENUE,SUR-55073
LR-10365,FRA-10365,5.83,COMMUNITY,SUR-34716
LR-10366,FRA-10366,3.14,COMMUNITY,SUR-47313
LR-10367,FRA-10367,1.39,REVENUE,SUR-52027
LR-10368,FRA-10368,2.41,UNCLASSIFIED,SUR-38467
LR-10369,FRA-10369,5.18,UNCLASSIFIED,SUR-19356
LR-10370,FRA-10370,3.03,FOREST,SUR-36106
LR-10371,FRA-10371,5.31,FOREST,SUR-43202
LR-10372,FRA-10372,2.19,REVENUE,SUR-11170
LR-10373,FRA-10373,5.89,FOREST,SUR-17834
LR-10374,FRA-10374,2.36,REVENUE,SUR-12798
LR-10375,FRA-10375,5.71,COMMUNITY,SUR-52425
LR-10376,FRA-10376,0.94,UNCLASSIFIED,SUR-34318
LR-10377,FRA-10377,5.9,REVENUE,SUR-90352
LR-10378,FRA-10378,4.93,REVENUE,SUR-22943
LR-10379,FRA-10379,5.12,REVENUE,SUR-95950
LR-10380,FRA-10380,6.28,FOREST,SUR-19225
LR-10381,FRA-10381,1.18,REVENUE,SUR-83193
LR-10382,FRA-10382,5.59,UNCLASSIFIED,SUR-76151
LR-10383,FRA-10383,3.0,COMMUNITY,SUR-89745
LR-10384,FRA-10384,5.8,COMMUNITY,SUR-88087
LR-10385,FRA-10385,7.35,COMMUNITY,SUR-82569
LR-10386,FRA-10386,3.65,COMMUNITY,SUR-22046
LR-10387,FRA-10387,2.86,FOREST,SUR-88018
LR-10388,FRA-10388,6.59,REVENUE,SUR-95561
LR-10389,FRA-10389,2.53,REVENUE,SUR-16621
LR-10390,FRA-10390,1.14,FOREST,SUR-81847
LR-10391,FRA-10391,1.49,REVENUE,SUR-41760
LR-10392,FRA-10392,1.29,FOREST,SUR-49953
LR-10393,FRA-10393,1.44,FOREST,SUR-24728
LR-10394,FRA-10394,6.36,FOREST,SUR-53499
LR-10395,FRA-10395,4.16,FOREST,SUR-43483
LR-10396,FRA-10396,4.16,COMMUNITY,SUR-24141
LR-10397,FRA-10397,1.67,REVENUE,SUR-75621
LR-10398,FRA-10398,4.25,COMMUNITY,SUR-56580
LR-10399,FRA-10399,6.55,COMMUNITY,SUR-39567
LR-10400,FRA-10400,3.52,REVENUE,SUR-65897
LR-10401,FRA-10401,1.51,REVENUE,SUR-66369
LR-10402,FRA-10402,0.99,FOREST,SUR-51771
LR-10403,FRA-10403,5.81,REVENUE,SUR-88166
LR-10404,FRA-10404,4.23,UNCLASSIFIED,SUR-28024
LR-10405,FRA-10405,2.42,UNCLASSIFIED,SUR-90879
LR-10406,FRA-10406,6.26,FOREST,SUR-78242
LR-10407,FRA-10407,4.75,REVENUE,SUR-48165
LR-10408,FRA-10408,1.65,UNCLASSIFIED,SUR-21854
LR-10409,FRA-10409,3.27,UNCLASSIFIED,SUR-21820
LR-10410,FRA-10410,5.48,UNCLASSIFIED,SUR-77065
LR-10411,FRA-10411,3.1,FOREST,SUR-64995
LR-10412,FRA-10412,1.92,FOREST,SUR-70115
LR-10413,FRA-10413,2.13,FOREST,SUR-42075
LR-10414,FRA-10414,1.72,COMMUNITY,SUR-53399
LR-10415,FRA-10415,2.63,UNCLASSIFIED,SUR-85886
LR-10416,FRA-10416,3.04,FOREST,SUR-45968
LR-10417,FRA-10417,0.93,COMMUNITY,SUR-65974
LR-10418,FRA-10418,1.45,REVENUE,SUR-48074
LR-10419,FRA-10419,7.0,REVENUE,SUR-11480
LR-10420,FRA-10420,2.7,UNCLASSIFIED,SUR-84569
LR-10421,FRA-10421,5.75,UNCLASSIFIED,SUR-80381
LR-10422,FRA-10422,4.34,COMMUNITY,SUR-56346
LR-10423,FRA-10423,4.17,COMMUNITY,SUR-51222
LR-10424,FRA-10424,4.06,FOREST,SUR-36489
LR-10425,FRA-10425,2.0,REVENUE,SUR-36894
LR-10426,FRA-10426,0.55,FOREST,SUR-23513
LR-10427,FRA-10427,1.89,REVENUE,SUR-30643
LR-10428,FRA-10428,1.95,REVENUE,SUR-32449
LR-10429,FRA-10429,1.44,UNCLASSIFIED,SUR-33459
LR-10430,FRA-10430,3.01,UNCLASSIFIED,SUR-84421
LR-10431,FRA-10431,3.93,REVENUE,SUR-90863
LR-10432,FRA-10432,6.6,UNCLASSIFIED,SUR-32387
LR-10433,FRA-10433,6.76,UNCLASSIFIED,SUR-62535
LR-10434,FRA-10434,3.21,COMMUNITY,SUR-81372
LR-10435,FRA-10435,4.1,COMMUNITY,SUR-63188
LR-10436,FRA-10436,4.21,FOREST,SUR-29231
LR-10437,FRA-10437,1.97,UNCLASSIFIED,SUR-55123
LR-10438,FRA-10438,1.38,COMMUNITY,SUR-24378
LR-10439,FRA-10439,2.77,UNCLASSIFIED,SUR-28228
LR-10440,FRA-10440,2.74,REVENUE,SUR-73792
LR-10441,FRA-10441,6.73,REVENUE,SUR-69558
LR-10442,FRA-10442,1.87,COMMUNITY,SUR-63849
LR-10443,FRA-10443,5.31,COMMUNITY,SUR-70940
LR-10444,FRA-10444,5.23,COMMUNITY,SUR-90352
LR-10445,FRA-10445,7.2,COMMUNITY,SUR-31955
LR-10446,FRA-10446,0.93,FOREST,SUR-47593
LR-10447,FRA-10447,1.4,REVENUE,SUR-87564
LR-10448,FRA-10448,5.96,REVENUE,SUR-88059
LR-10449,FRA-10449,3.37,FOREST,SUR-94182
LR-10450,FRA-10450,4.24,COMMUNITY,SUR-29025
LR-10451,FRA-10451,5.84,COMMUNITY,SUR-66595
LR-10452,FRA-10452,5.19,REVENUE,SUR-78151
LR-10453,FRA-10453,0.97,COMMUNITY,SUR-43016
LR-10454,FRA-10454,4.59,UNCLASSIFIED,SUR-96034
LR-10455,FRA-10455,1.78,UNCLASSIFIED,SUR-97500
LR-10456,FRA-10456,0.93,FOREST,SUR-74450
LR-10457,FRA-10457,4.39,FOREST,SUR-14569
LR-10458,FRA-10458,6.66,COMMUNITY,SUR-29871
LR-10459,FRA-10459,7.35,FOREST,SUR-80795
LR-10460,FRA-10460,4.94,FOREST,SUR-57887
LR-10461,FRA-10461,1.99,COMMUNITY,SUR-73766
LR-10462,FRA-10462,5.83,COMMUNITY,SUR-75494
LR-10463,FRA-10463,3.05,UNCLASSIFIED,SUR-98877
LR-10464,FRA-10464,5.86,REVENUE,SUR-11882
LR-10465,FRA-10465,5.21,REVENUE,SUR-18271
LR-10466,FRA-10466,1.41,FOREST,SUR-87736
LR-10467,FRA-10467,5.62,FOREST,SUR-92863
LR-10468,FRA-10468,0.51,UNCLASSIFIED,SUR-72391
LR-10469,FRA-10469,3.74,FOREST,SUR-92207
LR-10470,FRA-10470,1.35,REVENUE,SUR-70845
LR-10471,FRA-10471,7.08,FOREST,SUR-94523
LR-10472,FRA-10472,1.16,FOREST,SUR-19287
LR-10473,FRA-10473,5.29,REVENUE,SUR-59221
LR-10474,FRA-10474,2.1,COMMUNITY,SUR-45349
LR-10475,FRA-10475,1.56,REVENUE,SUR-93623
LR-10476,FRA-10476,3.51,UNCLASSIFIED,SUR-42329
LR-10477,FRA-10477,4.32,FOREST,SUR-65797
LR-10478,FRA-10478,3.84,COMMUNITY,SUR-48769
LR-10479,FRA-10479,3.88,UNCLASSIFIED,SUR-34241
LR-10480,FRA-10480,4.98,COMMUNITY,SUR-90281
LR-10481,FRA-10481,7.18,FOREST,SUR-60194
LR-10482,FRA-10482,4.27,FOREST,SUR-95070
LR-10483,FRA-10483,2.96,UNCLASSIFIED,SUR-73730
LR-10484,FRA-10484,6.92,FOREST,SUR-34687
LR-10485,FRA-10485,7.03,FOREST,SUR-48426
LR-10486,FRA-10486,5.45,COMMUNITY,SUR-63961
LR-10487,FRA-10487,5.38,COMMUNITY,SUR-32509
LR-10488,FRA-10488,6.31,COMMUNITY,SUR-33891
LR-10489,FRA-10489,1.36,COMMUNITY,SUR-55068
LR-10490,FRA-10490,1.27,COMMUNITY,SUR-30454
LR-10491,FRA-10491,7.55,COMMUNITY,SUR-24721
LR-10492,FRA-10492,2.7,FOREST,SUR-89711
LR-10493,FRA-10493,0.66,UNCLASSIFIED,SUR-35486
LR-10494,FRA-10494,5.28,COMMUNITY,SUR-55209
LR-10495,FRA-10495,5.76,UNCLASSIFIED,SUR-64289
LR-10496,FRA-10496,0.58,UNCLASSIFIED,SUR-21593
LR-10497,FRA-10497,3.91,COMMUNITY,SUR-82596
LR-10498,FRA-10498,4.55,UNCLASSIFIED,SUR-26276
LR-10499,FRA-10499,1.32,UNCLASSIFIED,SUR-43804
LR-10500,FRA-10500,5.42,REVENUE,SUR-56843
LR-10501,FRA-10501,2.62,FOREST,SUR-88480
LR-10502,FRA-10502,5.66,REVENUE,SUR-77917
LR-10503,FRA-10503,2.08,FOREST,SUR-64702
LR-10504,FRA-10504,3.12,COMMUNITY,SUR-32571
LR-10505,FRA-10505,6.38,FOREST,SUR-20188
LR-10506,FRA-10506,1.93,FOREST,SUR-49537
LR-10507,FRA-10507,6.74,COMMUNITY,SUR-56163
LR-10508,FRA-10508,1.03,REVENUE,SUR-80402
LR-10509,FRA-10509,5.33,UNCLASSIFIED,SUR-65586
LR-10510,FRA-10510,3.9,FOREST,SUR-20780
LR-10511,FRA-10511,7.56,FOREST,SUR-72347
LR-10512,FRA-10512,1.25,UNCLASSIFIED,SUR-87405
LR-10513,FRA-10513,5.2,COMMUNITY,SUR-86273
LR-10514,FRA-10514,4.03,UNCLASSIFIED,SUR-24160
LR-10515,FRA-10515,1.13,UNCLASSIFIED,SUR-89244
LR-10516,FRA-10516,1.08,UNCLASSIFIED,SUR-76164
LR-10517,FRA-10517,6.91,UNCLASSIFIED,SUR-68006
LR-10518,FRA-10518,5.65,UNCLASSIFIED,SUR-96517
LR-10519,FRA-10519,0.86,COMMUNITY,SUR-52006
LR-10520,FRA-10520,6.49,UNCLASSIFIED,SUR-55238
LR-10521,FRA-10521,5.3,FOREST,SUR-80571
LR-10522,FRA-10522,6.82,UNCLASSIFIED,SUR-52260
LR-10523,FRA-10523,4.32,UNCLASSIFIED,SUR-36444
LR-10524,FRA-10524,0.9,FOREST,SUR-87576
LR-10525,FRA-10525,2.11,COMMUNITY,SUR-36224
LR-10526,FRA-10526,7.07,UNCLASSIFIED,SUR-45118
LR-10527,FRA-10527,4.72,COMMUNITY,SUR-67067
LR-10528,FRA-10528,3.67,UNCLASSIFIED,SUR-41258
LR-10529,FRA-10529,4.34,COMMUNITY,SUR-27882
LR-10530,FRA-10530,4.83,COMMUNITY,SUR-88852
LR-10531,FRA-10531,4.96,FOREST,SUR-78414
LR-10532,FRA-10532,6.67,UNCLASSIFIED,SUR-40924
LR-10533,FRA-10533,3.66,COMMUNITY,SUR-81531
LR-10534,FRA-10534,3.88,FOREST,SUR-96798
LR-10535,FRA-10535,4.4,REVENUE,SUR-67986
LR-10536,FRA-10536,1.21,COMMUNITY,SUR-94466
LR-10537,FRA-10537,6.27,FOREST,SUR-31016
LR-10538,FRA-10538,2.96,REVENUE,SUR-10403
LR-10539,FRA-10539,1.64,COMMUNITY,SUR-69177
LR-10540,FRA-10540,2.38,REVENUE,SUR-12717
LR-10541,FRA-10541,2.0,REVENUE,SUR-21673
LR-10542,FRA-10542,2.86,REVENUE,SUR-34975
LR-10543,FRA-10543,6.85,REVENUE,SUR-13771
LR-10544,FRA-10544,4.86,UNCLASSIFIED,SUR-37815
LR-10545,FRA-10545,1.1,FOREST,SUR-10702
LR-10546,FRA-10546,3.43,UNCLASSIFIED,SUR-54456
LR-10547,FRA-10547,2.32,COMMUNITY,SUR-66372
LR-10548,FRA-10548,2.95,UNCLASSIFIED,SUR-16975
LR-10549,FRA-10549,1.68,UNCLASSIFIED,SUR-56729
LR-10550,FRA-10550,2.9,COMMUNITY,SUR-83825
LR-10551,FRA-10551,5.79,FOREST,SUR-53077
LR-10552,FRA-10552,5.14,UNCLASSIFIED,SUR-69513
LR-10553,FRA-10553,5.0,REVENUE,SUR-37704
LR-10554,FRA-10554,1.07,UNCLASSIFIED,SUR-21690
LR-10555,FRA-10555,6.13,COMMUNITY,SUR-99779
LR-10556,FRA-10556,1.93,FOREST,SUR-65382
LR-10557,FRA-10557,0.76,UNCLASSIFIED,SUR-79111
LR-10558,FRA-10558,6.15,UNCLASSIFIED,SUR-48729
LR-10559,FRA-10559,4.17,COMMUNITY,SUR-43405
LR-10560,FRA-10560,6.57,COMMUNITY,SUR-86966
LR-10561,FRA-10561,7.99,FOREST,SUR-66858
LR-10562,FRA-10562,4.1,UNCLASSIFIED,SUR-49688
LR-10563,FRA-10563,2.54,FOREST,SUR-37424
LR-10564,FRA-10564,1.17,UNCLASSIFIED,SUR-73576
LR-10565,FRA-10565,4.89,UNCLASSIFIED,SUR-64484
LR-10566,FRA-10566,0.75,UNCLASSIFIED,SUR-40396
LR-10567,FRA-10567,1.01,COMMUNITY,SUR-68762
LR-10568,FRA-10568,2.88,UNCLASSIFIED,SUR-27191
LR-10569,FRA-10569,4.22,UNCLASSIFIED,SUR-26920
LR-10570,FRA-10570,7.52,COMMUNITY,SUR-98726
LR-10571,FRA-10571,0.95,COMMUNITY,SUR-56562
LR-10572,FRA-10572,5.55,UNCLASSIFIED,SUR-24539
LR-10573,FRA-10573,4.61,REVENUE,SUR-48289
LR-10574,FRA-10574,5.08,FOREST,SUR-42154
LR-10575,FRA-10575,3.33,UNCLASSIFIED,SUR-39908
LR-10576,FRA-10576,7.02,FOREST,SUR-21112
LR-10577,FRA-10577,3.12,COMMUNITY,SUR-64959
LR-10578,FRA-10578,3.15,REVENUE,SUR-81358
LR-10579,FRA-10579,1.87,REVENUE,SUR-78219
LR-10580,FRA-10580,3.05,REVENUE,SUR-49838
LR-10581,FRA-10581,3.28,UNCLASSIFIED,SUR-49054
LR-10582,FRA-10582,7.17,COMMUNITY,SUR-97414
LR-10583,FRA-10583,2.24,REVENUE,SUR-65796
LR-10584,FRA-10584,1.92,UNCLASSIFIED,SUR-44562
LR-10585,FRA-10585,7.98,REVENUE,SUR-77264
LR-10586,FRA-10586,6.35,UNCLASSIFIED,SUR-24461
LR-10587,FRA-10587,3.45,REVENUE,SUR-87283
LR-10588,FRA-10588,1.89,UNCLASSIFIED,SUR-73068
LR-10589,FRA-10589,6.93,UNCLASSIFIED,SUR-97453
LR-10590,FRA-10590,2.16,COMMUNITY,SUR-94661
LR-10591,FRA-10591,5.32,FOREST,SUR-84743
LR-10592,FRA-10592,5.33,UNCLASSIFIED,SUR-21094
LR-10593,FRA-10593,6.29,UNCLASSIFIED,SUR-43708
LR-10594,FRA-10594,1.9,COMMUNITY,SUR-33784
LR-10595,FRA-10595,6.76,REVENUE,SUR-88250
LR-10596,FRA-10596,1.24,REVENUE,SUR-12440
LR-10597,FRA-10597,1.26,REVENUE,SUR-28660
LR-10598,FRA-10598,3.82,COMMUNITY,SUR-95597
LR-10599,FRA-10599,2.38,COMMUNITY,SUR-15961
LR-10600,FRA-10600,1.31,COMMUNITY,SUR-99404
LR-10601,FRA-10601,5.19,REVENUE,SUR-94730
LR-10602,FRA-10602,4.69,FOREST,SUR-80601
LR-10603,FRA-10603,4.8,UNCLASSIFIED,SUR-11227
LR-10604,FRA-10604,1.16,FOREST,SUR-46799
LR-10605,FRA-10605,6.92,REVENUE,SUR-18566
LR-10606,FRA-10606,2.16,COMMUNITY,SUR-99218
LR-10607,FRA-10607,7.28,COMMUNITY,SUR-77797
LR-10608,FRA-10608,3.53,FOREST,SUR-39573
LR-10609,FRA-10609,2.7,FOREST,SUR-87664
LR-10610,FRA-10610,7.88,UNCLASSIFIED,SUR-22539
LR-10611,FRA-10611,0.71,UNCLASSIFIED,SUR-17181
LR-10612,FRA-10612,0.91,FOREST,SUR-69429
LR-10613,FRA-10613,5.39,FOREST,SUR-11610
LR-10614,FRA-10614,4.95,REVENUE,SUR-15776
LR-10615,FRA-10615,4.79,COMMUNITY,SUR-11059
LR-10616,FRA-10616,6.53,REVENUE,SUR-18965
LR-10617,FRA-10617,5.85,REVENUE,SUR-23742
LR-10618,FRA-10618,2.22,COMMUNITY,SUR-59271
LR-10619,FRA-10619,0.95,COMMUNITY,SUR-15754
LR-10620,FRA-10620,1.86,COMMUNITY,SUR-23263
LR-10621,FRA-10621,7.11,UNCLASSIFIED,SUR-18569
LR-10622,FRA-10622,4.51,FOREST,SUR-90744
LR-10623,FRA-10623,2.34,UNCLASSIFIED,SUR-37425
LR-10624,FRA-10624,4.36,REVENUE,SUR-52182
LR-10625,FRA-10625,2.41,UNCLASSIFIED,SUR-40721
LR-10626,FRA-10626,7.19,COMMUNITY,SUR-40169
LR-10627,FRA-10627,3.85,REVENUE,SUR-44815
LR-10628,FRA-10628,4.19,COMMUNITY,SUR-15017
LR-10629,FRA-10629,6.18,COMMUNITY,SUR-11118
LR-10630,FRA-10630,3.49,UNCLASSIFIED,SUR-39829
LR-10631,FRA-10631,4.11,UNCLASSIFIED,SUR-37470
LR-10632,FRA-10632,6.67,COMMUNITY,SUR-54541
LR-10633,FRA-10633,2.67,UNCLASSIFIED,SUR-59980
LR-10634,FRA-10634,3.1,REVENUE,SUR-14202
LR-10635,FRA-10635,7.28,FOREST,SUR-58319
LR-10636,FRA-10636,1.54,REVENUE,SUR-36958
LR-10637,FRA-10637,4.55,FOREST,SUR-28702
LR-10638,FRA-10638,2.93,COMMUNITY,SUR-94711
LR-10639,FRA-10639,5.21,UNCLASSIFIED,SUR-70008
LR-10640,FRA-10640,6.6,REVENUE,SUR-74682
LR-10641,FRA-10641,5.93,FOREST,SUR-19593
LR-10642,FRA-10642,0.73,UNCLASSIFIED,SUR-70470
LR-10643,FRA-10643,3.8,REVENUE,SUR-48554
LR-10644,FRA-10644,2.46,REVENUE,SUR-67941
LR-10645,FRA-10645,5.49,REVENUE,SUR-59105
LR-10646,FRA-10646,6.66,REVENUE,SUR-31895
LR-10647,FRA-10647,5.17,FOREST,SUR-56737
LR-10648,FRA-10648,1.96,FOREST,SUR-38647
LR-10649,FRA-10649,4.74,UNCLASSIFIED,SUR-98853
LR-10650,FRA-10650,5.01,REVENUE,SUR-75984
LR-10651,FRA-10651,2.19,COMMUNITY,SUR-36478
LR-10652,FRA-10652,6.51,UNCLASSIFIED,SUR-94940
LR-10653,FRA-10653,2.28,REVENUE,SUR-89700
LR-10654,FRA-10654,6.39,REVENUE,SUR-22027
LR-10655,FRA-10655,4.15,REVENUE,SUR-89410
LR-10656,FRA-10656,6.78,UNCLASSIFIED,SUR-30431
LR-10657,FRA-10657,6.9,UNCLASSIFIED,SUR-50088
LR-10658,FRA-10658,1.47,COMMUNITY,SUR-74415
LR-10659,FRA-10659,4.15,UNCLASSIFIED,SUR-84135
LR-10660,FRA-10660,5.79,REVENUE,SUR-41765
LR-10661,FRA-10661,5.06,REVENUE,SUR-11617
LR-10662,FRA-10662,5.07,UNCLASSIFIED,SUR-43144
LR-10663,FRA-10663,1.77,REVENUE,SUR-45261
LR-10664,FRA-10664,8.08,UNCLASSIFIED,SUR-95789
LR-10665,FRA-10665,4.05,FOREST,SUR-33950
LR-10666,FRA-10666,5.17,UNCLASSIFIED,SUR-26342
LR-10667,FRA-10667,5.08,FOREST,SUR-22693
LR-10668,FRA-10668,6.46,COMMUNITY,SUR-51317
LR-10669,FRA-10669,0.89,UNCLASSIFIED,SUR-28201
LR-10670,FRA-10670,3.9,COMMUNITY,SUR-12179
LR-10671,FRA-10671,3.8,UNCLASSIFIED,SUR-72406
LR-10672,FRA-10672,1.54,UNCLASSIFIED,SUR-21415
LR-10673,FRA-10673,1.37,FOREST,SUR-23824
LR-10674,FRA-10674,2.62,REVENUE,SUR-80063
LR-10675,FRA-10675,5.01,UNCLASSIFIED,SUR-95710
LR-10676,FRA-10676,2.3,FOREST,SUR-85083
LR-10677,FRA-10677,0.46,COMMUNITY,SUR-99037
LR-10678,FRA-10678,3.39,REVENUE,SUR-75514
LR-10679,FRA-10679,2.83,UNCLASSIFIED,SUR-92716
LR-10680,FRA-10680,7.47,FOREST,SUR-33464
LR-10681,FRA-10681,4.38,FOREST,SUR-79185
LR-10682,FRA-10682,1.17,COMMUNITY,SUR-69969
LR-10683,FRA-10683,6.73,FOREST,SUR-98908
LR-10684,FRA-10684,0.88,COMMUNITY,SUR-87777
LR-10685,FRA-10685,2.25,FOREST,SUR-70774
LR-10686,FRA-10686,1.28,UNCLASSIFIED,SUR-45877
LR-10687,FRA-10687,5.45,REVENUE,SUR-63127
LR-10688,FRA-10688,1.01,REVENUE,SUR-96321
LR-10689,FRA-10689,3.65,COMMUNITY,SUR-14588
LR-10690,FRA-10690,3.82,COMMUNITY,SUR-96397
LR-10691,FRA-10691,7.69,FOREST,SUR-41077
LR-10692,FRA-10692,1.48,FOREST,SUR-82069
LR-10693,FRA-10693,1.05,FOREST,SUR-92518
LR-10694,FRA-10694,3.29,UNCLASSIFIED,SUR-59668
LR-10695,FRA-10695,5.41,COMMUNITY,SUR-29179
LR-10696,FRA-10696,7.77,UNCLASSIFIED,SUR-22522
LR-10697,FRA-10697,5.23,UNCLASSIFIED,SUR-72503
LR-10698,FRA-10698,1.39,REVENUE,SUR-98895
LR-10699,FRA-10699,3.78,REVENUE,SUR-50001
LR-10700,FRA-10700,1.08,COMMUNITY,SUR-82634
LR-10701,FRA-10701,5.81,FOREST,SUR-63145
LR-10702,FRA-10702,3.62,FOREST,SUR-89609
LR-10703,FRA-10703,2.0,UNCLASSIFIED,SUR-32345
LR-10704,FRA-10704,5.74,UNCLASSIFIED,SUR-38503
LR-10705,FRA-10705,4.99,COMMUNITY,SUR-24046
LR-10706,FRA-10706,1.23,FOREST,SUR-73886
LR-10707,FRA-10707,3.16,UNCLASSIFIED,SUR-96019
LR-10708,FRA-10708,3.29,UNCLASSIFIED,SUR-53412
LR-10709,FRA-10709,3.6,UNCLASSIFIED,SUR-75779
LR-10710,FRA-10710,1.63,COMMUNITY,SUR-66317
LR-10711,FRA-10711,5.82,FOREST,SUR-44541
LR-10712,FRA-10712,5.83,REVENUE,SUR-40065
LR-10713,FRA-10713,1.44,COMMUNITY,SUR-93009
LR-10714,FRA-10714,5.04,REVENUE,SUR-51922
LR-10715,FRA-10715,2.49,COMMUNITY,SUR-53815
LR-10716,FRA-10716,6.61,COMMUNITY,SUR-41228
LR-10717,FRA-10717,5.17,REVENUE,SUR-35287
LR-10718,FRA-10718,3.1,FOREST,SUR-26755
LR-10719,FRA-10719,6.97,UNCLASSIFIED,SUR-78650
LR-10720,FRA-10720,0.83,UNCLASSIFIED,SUR-74884
LR-10721,FRA-10721,5.87,REVENUE,SUR-10471
LR-10722,FRA-10722,4.31,FOREST,SUR-32427
LR-10723,FRA-10723,7.41,REVENUE,SUR-80070
LR-10724,FRA-10724,1.13,COMMUNITY,SUR-52550
LR-10725,FRA-10725,2.18,FOREST,SUR-60067
LR-10726,FRA-10726,6.19,UNCLASSIFIED,SUR-30400
LR-10727,FRA-10727,3.99,UNCLASSIFIED,SUR-33646
LR-10728,FRA-10728,3.43,UNCLASSIFIED,SUR-23137
LR-10729,FRA-10729,1.2,REVENUE,SUR-42550
LR-10730,FRA-10730,8.09,FOREST,SUR-36518
LR-10731,FRA-10731,2.76,FOREST,SUR-15836
LR-10732,FRA-10732,0.48,REVENUE,SUR-99707
LR-10733,FRA-10733,7.23,FOREST,SUR-89233
LR-10734,FRA-10734,3.82,COMMUNITY,SUR-75437
LR-10735,FRA-10735,0.54,UNCLASSIFIED,SUR-72709
LR-10736,FRA-10736,1.24,UNCLASSIFIED,SUR-64256
LR-10737,FRA-10737,3.55,UNCLASSIFIED,SUR-20959
LR-10738,FRA-10738,1.1,REVENUE,SUR-24438
LR-10739,FRA-10739,4.05,REVENUE,SUR-17322
LR-10740,FRA-10740,6.03,FOREST,SUR-72498
LR-10741,FRA-10741,0.99,REVENUE,SUR-71573
LR-10742,FRA-10742,3.41,FOREST,SUR-89190
LR-10743,FRA-10743,7.37,COMMUNITY,SUR-39794
LR-10744,FRA-10744,1.34,FOREST,SUR-71398
LR-10745,FRA-10745,0.87,COMMUNITY,SUR-13676
LR-10746,FRA-10746,0.6,REVENUE,SUR-45280
LR-10747,FRA-10747,0.79,REVENUE,SUR-51218
LR-10748,FRA-10748,3.59,UNCLASSIFIED,SUR-72515
LR-10749,FRA-10749,6.53,REVENUE,SUR-31108
LR-10750,FRA-10750,6.05,FOREST,SUR-99505
LR-10751,FRA-10751,1.63,FOREST,SUR-75393
LR-10752,FRA-10752,2.48,COMMUNITY,SUR-72031
LR-10753,FRA-10753,3.97,REVENUE,SUR-67780
LR-10754,FRA-10754,5.48,FOREST,SUR-42088
LR-10755,FRA-10755,1.62,COMMUNITY,SUR-71063
LR-10756,FRA-10756,6.22,COMMUNITY,SUR-54882
LR-10757,FRA-10757,3.84,UNCLASSIFIED,SUR-18178
LR-10758,FRA-10758,1.89,REVENUE,SUR-20956
LR-10759,FRA-10759,3.4,UNCLASSIFIED,SUR-54829
LR-10760,FRA-10760,4.08,UNCLASSIFIED,SUR-11301
LR-10761,FRA-10761,1.58,UNCLASSIFIED,SUR-51472
LR-10762,FRA-10762,6.19,REVENUE,SUR-65073
LR-10763,FRA-10763,1.92,FOREST,SUR-49576
LR-10764,FRA-10764,7.69,COMMUNITY,SUR-24860
LR-10765,FRA-10765,3.55,FOREST,SUR-21484
LR-10766,FRA-10766,4.27,FOREST,SUR-97518
LR-10767,FRA-10767,1.4,UNCLASSIFIED,SUR-10996
LR-10768,FRA-10768,6.92,FOREST,SUR-12035
LR-10769,FRA-10769,5.74,UNCLASSIFIED,SUR-35252
LR-10770,FRA-10770,1.46,REVENUE,SUR-23051
LR-10771,FRA-10771,6.45,FOREST,SUR-67333
LR-10772,FRA-10772,7.68,COMMUNITY,SUR-34452
LR-10773,FRA-10773,6.46,FOREST,SUR-93674
LR-10774,FRA-10774,1.47,REVENUE,SUR-61222
LR-10775,FRA-10775,4.83,REVENUE,SUR-33567
LR-10776,FRA-10776,8.2,COMMUNITY,SUR-25937
LR-10777,FRA-10777,1.69,REVENUE,SUR-20937
LR-10778,FRA-10778,2.63,REVENUE,SUR-42780
LR-10779,FRA-10779,3.41,UNCLASSIFIED,SUR-66815
LR-10780,FRA-10780,1.25,FOREST,SUR-68904
LR-10781,FRA-10781,5.19,FOREST,SUR-33580
LR-10782,FRA-10782,2.02,FOREST,SUR-53105
LR-10783,FRA-10783,0.94,FOREST,SUR-85228
LR-10784,FRA-10784,2.02,UNCLASSIFIED,SUR-32431
LR-10785,FRA-10785,0.64,REVENUE,SUR-62797
LR-10786,FRA-10786,4.12,COMMUNITY,SUR-62473
LR-10787,FRA-10787,2.87,COMMUNITY,SUR-90999
LR-10788,FRA-10788,8.18,COMMUNITY,SUR-80458
LR-10789,FRA-10789,6.93,REVENUE,SUR-28056
LR-10790,FRA-10790,5.01,REVENUE,SUR-85744
LR-10791,FRA-10791,1.21,REVENUE,SUR-20225
LR-10792,FRA-10792,6.16,COMMUNITY,SUR-50871
LR-10793,FRA-10793,1.54,UNCLASSIFIED,SUR-34635
LR-10794,FRA-10794,1.23,REVENUE,SUR-44964
LR-10795,FRA-10795,6.8,COMMUNITY,SUR-16967
LR-10796,FRA-10796,6.93,UNCLASSIFIED,SUR-77976
LR-10797,FRA-10797,1.41,REVENUE,SUR-91293
LR-10798,FRA-10798,2.08,FOREST,SUR-22352
LR-10799,FRA-10799,6.83,REVENUE,SUR-11669
LR-10800,FRA-10800,1.08,FOREST,SUR-74003
LR-10801,FRA-10801,5.28,FOREST,SUR-23106
LR-10802,FRA-10802,5.14,UNCLASSIFIED,SUR-24779
LR-10803,FRA-10803,2.26,UNCLASSIFIED,SUR-57109
LR-10804,FRA-10804,2.53,REVENUE,SUR-44774
LR-10805,FRA-10805,7.52,FOREST,SUR-66814
LR-10806,FRA-10806,1.2,REVENUE,SUR-49799
LR-10807,FRA-10807,2.18,FOREST,SUR-16540
LR-10808,FRA-10808,7.57,UNCLASSIFIED,SUR-86706
LR-10809,FRA-10809,6.56,COMMUNITY,SUR-88255
LR-10810,FRA-10810,4.85,COMMUNITY,SUR-21219
LR-10811,FRA-10811,6.53,COMMUNITY,SUR-71391
LR-10812,FRA-10812,6.64,COMMUNITY,SUR-41804
LR-10813,FRA-10813,2.74,UNCLASSIFIED,SUR-17123
LR-10814,FRA-10814,5.08,FOREST,SUR-86626
LR-10815,FRA-10815,1.6,REVENUE,SUR-49438
LR-10816,FRA-10816,5.19,FOREST,SUR-42401
LR-10817,FRA-10817,0.84,COMMUNITY,SUR-90315
LR-10818,FRA-10818,4.89,REVENUE,SUR-72411
LR-10819,FRA-10819,5.28,UNCLASSIFIED,SUR-29420
LR-10820,FRA-10820,2.76,REVENUE,SUR-71329
LR-10821,FRA-10821,6.75,FOREST,SUR-32871
LR-10822,FRA-10822,5.97,FOREST,SUR-94559
LR-10823,FRA-10823,5.67,COMMUNITY,SUR-86610
LR-10824,FRA-10824,1.12,REVENUE,SUR-23819
LR-10825,FRA-10825,4.67,FOREST,SUR-32815
LR-10826,FRA-10826,1.88,UNCLASSIFIED,SUR-79275
LR-10827,FRA-10827,0.69,FOREST,SUR-54657
LR-10828,FRA-10828,3.86,UNCLASSIFIED,SUR-66034
LR-10829,FRA-10829,4.01,REVENUE,SUR-47997
LR-10830,FRA-10830,2.61,UNCLASSIFIED,SUR-91087
LR-10831,FRA-10831,6.93,COMMUNITY,SUR-17784
LR-10832,FRA-10832,4.29,FOREST,SUR-55330
LR-10833,FRA-10833,0.99,REVENUE,SUR-95240
LR-10834,FRA-10834,6.76,FOREST,SUR-82416
LR-10835,FRA-10835,5.66,COMMUNITY,SUR-35381
LR-10836,FRA-10836,0.56,FOREST,SUR-11952
LR-10837,FRA-10837,2.49,REVENUE,SUR-89445
LR-10838,FRA-10838,7.02,UNCLASSIFIED,SUR-49677
LR-10839,FRA-10839,2.52,UNCLASSIFIED,SUR-46671
LR-10840,FRA-10840,2.74,REVENUE,SUR-67708
LR-10841,FRA-10841,2.47,UNCLASSIFIED,SUR-74927
LR-10842,FRA-10842,1.81,COMMUNITY,SUR-13406
LR-10843,FRA-10843,0.72,FOREST,SUR-24314
LR-10844,FRA-10844,7.77,COMMUNITY,SUR-31305
LR-10845,FRA-10845,2.8,COMMUNITY,SUR-54241
LR-10846,FRA-10846,2.38,COMMUNITY,SUR-44670
LR-10847,FRA-10847,0.74,FOREST,SUR-46234
LR-10848,FRA-10848,5.87,REVENUE,SUR-90995
LR-10849,FRA-10849,4.15,COMMUNITY,SUR-43743
LR-10850,FRA-10850,1.29,COMMUNITY,SUR-99262
LR-10851,FRA-10851,3.0,COMMUNITY,SUR-91515
LR-10852,FRA-10852,4.52,COMMUNITY,SUR-38163
LR-10853,FRA-10853,7.28,UNCLASSIFIED,SUR-80643
LR-10854,FRA-10854,3.95,REVENUE,SUR-53081
LR-10855,FRA-10855,2.33,COMMUNITY,SUR-95633
LR-10856,FRA-10856,7.03,REVENUE,SUR-89370
LR-10857,FRA-10857,3.96,UNCLASSIFIED,SUR-12033
LR-10858,FRA-10858,1.3,UNCLASSIFIED,SUR-65359
LR-10859,FRA-10859,3.1,FOREST,SUR-56525
LR-10860,FRA-10860,6.21,FOREST,SUR-29956
LR-10861,FRA-10861,2.69,COMMUNITY,SUR-74656
LR-10862,FRA-10862,7.03,REVENUE,SUR-66431
LR-10863,FRA-10863,2.42,COMMUNITY,SUR-89451
LR-10864,FRA-10864,2.1,REVENUE,SUR-10873
LR-10865,FRA-10865,5.86,FOREST,SUR-68249
LR-10866,FRA-10866,5.77,REVENUE,SUR-76461
LR-10867,FRA-10867,1.43,COMMUNITY,SUR-34955
LR-10868,FRA-10868,4.74,REVENUE,SUR-44771
LR-10869,FRA-10869,1.48,REVENUE,SUR-10419
LR-10870,FRA-10870,3.42,REVENUE,SUR-49334
LR-10871,FRA-10871,5.18,COMMUNITY,SUR-64997
LR-10872,FRA-10872,7.66,UNCLASSIFIED,SUR-88781
LR-10873,FRA-10873,6.61,UNCLASSIFIED,SUR-61298
LR-10874,FRA-10874,3.86,REVENUE,SUR-85039
LR-10875,FRA-10875,4.55,COMMUNITY,SUR-56229
LR-10876,FRA-10876,4.74,COMMUNITY,SUR-31155
LR-10877,FRA-10877,0.62,REVENUE,SUR-47105
LR-10878,FRA-10878,2.33,FOREST,SUR-20030
LR-10879,FRA-10879,0.62,UNCLASSIFIED,SUR-35465
LR-10880,FRA-10880,5.75,UNCLASSIFIED,SUR-59359
LR-10881,FRA-10881,4.28,UNCLASSIFIED,SUR-58855
LR-10882,FRA-10882,3.25,REVENUE,SUR-92564
LR-10883,FRA-10883,2.18,REVENUE,SUR-17724
LR-10884,FRA-10884,1.55,REVENUE,SUR-83716
LR-10885,FRA-10885,3.85,UNCLASSIFIED,SUR-20158
LR-10886,FRA-10886,2.04,UNCLASSIFIED,SUR-28332
LR-10887,FRA-10887,8.03,COMMUNITY,SUR-83899
LR-10888,FRA-10888,5.14,REVENUE,SUR-31527
LR-10889,FRA-10889,1.05,UNCLASSIFIED,SUR-53389
LR-10890,FRA-10890,5.44,UNCLASSIFIED,SUR-86607
LR-10891,FRA-10891,4.56,REVENUE,SUR-44463
LR-10892,FRA-10892,4.96,UNCLASSIFIED,SUR-37434
LR-10893,FRA-10893,6.02,FOREST,SUR-27953
LR-10894,FRA-10894,5.8,COMMUNITY,SUR-78417
LR-10895,FRA-10895,1.74,UNCLASSIFIED,SUR-42838
LR-10896,FRA-10896,0.66,REVENUE,SUR-60129
LR-10897,FRA-10897,2.98,COMMUNITY,SUR-75902
LR-10898,FRA-10898,0.83,FOREST,SUR-71709
LR-10899,FRA-10899,1.22,REVENUE,SUR-20855
LR-10900,FRA-10900,1.21,COMMUNITY,SUR-32179
LR-10901,FRA-10901,6.78,COMMUNITY,SUR-21005
LR-10902,FRA-10902,1.82,UNCLASSIFIED,SUR-84471
LR-10903,FRA-10903,1.19,REVENUE,SUR-11368
LR-10904,FRA-10904,6.76,UNCLASSIFIED,SUR-47627
LR-10905,FRA-10905,1.97,FOREST,SUR-74210
LR-10906,FRA-10906,6.74,REVENUE,SUR-66866
LR-10907,FRA-10907,6.85,COMMUNITY,SUR-14121
LR-10908,FRA-10908,4.68,FOREST,SUR-92506
LR-10909,FRA-10909,6.75,FOREST,SUR-67541
LR-10910,FRA-10910,3.59,UNCLASSIFIED,SUR-49344
LR-10911,FRA-10911,2.05,REVENUE,SUR-49397
LR-10912,FRA-10912,5.58,REVENUE,SUR-55364
LR-10913,FRA-10913,6.73,FOREST,SUR-42077
LR-10914,FRA-10914,3.0,UNCLASSIFIED,SUR-70749
LR-10915,FRA-10915,5.72,UNCLASSIFIED,SUR-88241
LR-10916,FRA-10916,6.62,UNCLASSIFIED,SUR-20127
LR-10917,FRA-10917,3.59,UNCLASSIFIED,SUR-98509
LR-10918,FRA-10918,2.43,FOREST,SUR-95966
LR-10919,FRA-10919,4.61,UNCLASSIFIED,SUR-65372
LR-10920,FRA-10920,6.79,COMMUNITY,SUR-24637
LR-10921,FRA-10921,5.13,UNCLASSIFIED,SUR-67001
LR-10922,FRA-10922,3.36,COMMUNITY,SUR-13084
LR-10923,FRA-10923,2.92,UNCLASSIFIED,SUR-42588
LR-10924,FRA-10924,4.34,UNCLASSIFIED,SUR-15326
LR-10925,FRA-10925,4.38,UNCLASSIFIED,SUR-12933
LR-10926,FRA-10926,7.67,REVENUE,SUR-16400
LR-10927,FRA-10927,6.2,COMMUNITY,SUR-45740
LR-10928,FRA-10928,2.47,COMMUNITY,SUR-38974
LR-10929,FRA-10929,3.62,COMMUNITY,SUR-51896
LR-10930,FRA-10930,4.16,FOREST,SUR-92756
LR-10931,FRA-10931,1.42,REVENUE,SUR-91823
LR-10932,FRA-10932,7.67,REVENUE,SUR-59601
LR-10933,FRA-10933,2.75,UNCLASSIFIED,SUR-56140
LR-10934,FRA-10934,2.95,UNCLASSIFIED,SUR-39504
LR-10935,FRA-10935,2.21,REVENUE,SUR-99568
LR-10936,FRA-10936,1.74,UNCLASSIFIED,SUR-12992
LR-10937,FRA-10937,1.13,REVENUE,SUR-31152
LR-10938,FRA-10938,5.44,UNCLASSIFIED,SUR-70187
LR-10939,FRA-10939,3.9,REVENUE,SUR-70583
LR-10940,FRA-10940,4.27,FOREST,SUR-89557
LR-10941,FRA-10941,6.75,UNCLASSIFIED,SUR-66175
LR-10942,FRA-10942,1.7,COMMUNITY,SUR-22730
LR-10943,FRA-10943,2.31,COMMUNITY,SUR-87912
LR-10944,FRA-10944,3.13,COMMUNITY,SUR-72296
LR-10945,FRA-10945,5.21,COMMUNITY,SUR-29446
LR-10946,FRA-10946,4.22,COMMUNITY,SUR-59542
LR-10947,FRA-10947,3.95,REVENUE,SUR-29672
LR-10948,FRA-10948,2.2,REVENUE,SUR-36546
LR-10949,FRA-10949,0.98,FOREST,SUR-68541
LR-10950,FRA-10950,7.74,COMMUNITY,SUR-82348
LR-10951,FRA-10951,7.11,UNCLASSIFIED,SUR-70852
LR-10952,FRA-10952,3.95,UNCLASSIFIED,SUR-49316
LR-10953,FRA-10953,7.27,FOREST,SUR-42997
LR-10954,FRA-10954,4.2,COMMUNITY,SUR-98846
LR-10955,FRA-10955,0.57,UNCLASSIFIED,SUR-98208
LR-10956,FRA-10956,1.9,UNCLASSIFIED,SUR-23489
LR-10957,FRA-10957,1.69,REVENUE,SUR-52687
LR-10958,FRA-10958,7.28,COMMUNITY,SUR-68944
LR-10959,FRA-10959,6.86,COMMUNITY,SUR-12553
LR-10960,FRA-10960,3.13,REVENUE,SUR-90944
LR-10961,FRA-10961,2.86,UNCLASSIFIED,SUR-73837
LR-10962,FRA-10962,0.88,REVENUE,SUR-19697
LR-10963,FRA-10963,1.83,COMMUNITY,SUR-12864
LR-10964,FRA-10964,7.15,REVENUE,SUR-70398
LR-10965,FRA-10965,5.23,UNCLASSIFIED,SUR-16295
LR-10966,FRA-10966,4.97,UNCLASSIFIED,SUR-47047
LR-10967,FRA-10967,7.94,UNCLASSIFIED,SUR-89958
LR-10968,FRA-10968,2.5,COMMUNITY,SUR-69512
LR-10969,FRA-10969,4.96,REVENUE,SUR-86595
LR-10970,FRA-10970,6.92,REVENUE,SUR-50433
LR-10971,FRA-10971,1.38,REVENUE,SUR-36437
LR-10972,FRA-10972,2.92,FOREST,SUR-68189
LR-10973,FRA-10973,1.95,FOREST,SUR-31349
LR-10974,FRA-10974,0.78,COMMUNITY,SUR-76680
LR-10975,FRA-10975,7.05,COMMUNITY,SUR-40062
LR-10976,FRA-10976,7.18,REVENUE,SUR-84000
LR-10977,FRA-10977,0.78,UNCLASSIFIED,SUR-30641
LR-10978,FRA-10978,6.57,UNCLASSIFIED,SUR-36748
LR-10979,FRA-10979,0.57,REVENUE,SUR-63432
LR-10980,FRA-10980,1.52,UNCLASSIFIED,SUR-64404
LR-10981,FRA-10981,4.21,FOREST,SUR-72624
LR-10982,FRA-10982,7.07,FOREST,SUR-42739
LR-10983,FRA-10983,7.8,REVENUE,SUR-52984
LR-10984,FRA-10984,6.99,FOREST,SUR-41172
LR-10985,FRA-10985,3.06,COMMUNITY,SUR-81549
LR-10986,FRA-10986,3.18,UNCLASSIFIED,SUR-96933
LR-10987,FRA-10987,5.56,FOREST,SUR-25765
LR-10988,FRA-10988,4.84,REVENUE,SUR-28574
LR-10989,FRA-10989,4.62,COMMUNITY,SUR-80707
LR-10990,FRA-10990,5.22,UNCLASSIFIED,SUR-36502
LR-10991,FRA-10991,7.59,COMMUNITY,SUR-10046
LR-10992,FRA-10992,5.93,REVENUE,SUR-41780
LR-10993,FRA-10993,6.16,REVENUE,SUR-36978
LR-10994,FRA-10994,1.31,UNCLASSIFIED,SUR-49167
LR-10995,FRA-10995,7.19,COMMUNITY,SUR-24789
LR-10996,FRA-10996,2.62,COMMUNITY,SUR-41626
LR-10997,FRA-10997,5.45,COMMUNITY,SUR-65003
LR-10998,FRA-10998,6.12,FOREST,SUR-73945
LR-10999,FRA-10999,7.12,FOREST,SUR-25397
LR-11000,FRA-11000,3.49,FOREST,SUR-62257
LR-11001,FRA-11001,0.71,UNCLASSIFIED,SUR-43228
LR-11002,FRA-11002,6.05,REVENUE,SUR-37443
LR-11003,FRA-11003,6.8,REVENUE,SUR-51488
LR-11004,FRA-11004,5.14,COMMUNITY,SUR-67379
LR-11005,FRA-11005,5.04,REVENUE,SUR-62162
LR-11006,FRA-11006,2.5,FOREST,SUR-48523
LR-11007,FRA-11007,6.28,REVENUE,SUR-42158
LR-11008,FRA-11008,2.1,REVENUE,SUR-64044
LR-11009,FRA-11009,2.51,REVENUE,SUR-51963
LR-11010,FRA-11010,6.75,UNCLASSIFIED,SUR-80170
LR-11011,FRA-11011,6.04,UNCLASSIFIED,SUR-75160
LR-11012,FRA-11012,3.85,FOREST,SUR-99392
LR-11013,FRA-11013,6.53,UNCLASSIFIED,SUR-38207
LR-11014,FRA-11014,2.28,COMMUNITY,SUR-10888
LR-11015,FRA-11015,7.77,REVENUE,SUR-33755
LR-11016,FRA-11016,3.55,REVENUE,SUR-54996
LR-11017,FRA-11017,2.18,FOREST,SUR-54527
LR-11018,FRA-11018,0.9,FOREST,SUR-52842
LR-11019,FRA-11019,7.25,REVENUE,SUR-55252
LR-11020,FRA-11020,6.95,FOREST,SUR-80462
LR-11021,FRA-11021,2.89,REVENUE,SUR-90372
LR-11022,FRA-11022,3.54,UNCLASSIFIED,SUR-34686
LR-11023,FRA-11023,6.82,FOREST,SUR-96967
LR-11024,FRA-11024,3.4,COMMUNITY,SUR-92095
LR-11025,FRA-11025,1.26,COMMUNITY,SUR-99660
LR-11026,FRA-11026,7.28,FOREST,SUR-80030
LR-11027,FRA-11027,4.64,REVENUE,SUR-76682
LR-11028,FRA-11028,2.05,FOREST,SUR-15928
LR-11029,FRA-11029,7.27,REVENUE,SUR-58730
LR-11030,FRA-11030,5.69,COMMUNITY,SUR-36853
LR-11031,FRA-11031,2.68,UNCLASSIFIED,SUR-15478
LR-11032,FRA-11032,1.26,COMMUNITY,SUR-99247
LR-11033,FRA-11033,1.2,REVENUE,SUR-77924
LR-11034,FRA-11034,3.11,COMMUNITY,SUR-67423
LR-11035,FRA-11035,7.93,COMMUNITY,SUR-33006
LR-11036,FRA-11036,1.56,UNCLASSIFIED,SUR-13317
LR-11037,FRA-11037,4.31,UNCLASSIFIED,SUR-77901
LR-11038,FRA-11038,0.82,FOREST,SUR-60793
LR-11039,FRA-11039,4.14,UNCLASSIFIED,SUR-47023
LR-11040,FRA-11040,3.92,UNCLASSIFIED,SUR-80314
LR-11041,FRA-11041,8.15,REVENUE,SUR-15577
LR-11042,FRA-11042,1.43,UNCLASSIFIED,SUR-68181
LR-11043,FRA-11043,5.51,COMMUNITY,SUR-70735
LR-11044,FRA-11044,3.96,UNCLASSIFIED,SUR-16669
LR-11045,FRA-11045,4.06,REVENUE,SUR-45824
LR-11046,FRA-11046,6.01,UNCLASSIFIED,SUR-51446
LR-11047,FRA-11047,1.12,FOREST,SUR-51064
LR-11048,FRA-11048,0.99,COMMUNITY,SUR-32966
LR-11049,FRA-11049,3.54,COMMUNITY,SUR-42688
LR-11050,FRA-11050,6.89,COMMUNITY,SUR-67794
LR-11051,FRA-11051,5.27,REVENUE,SUR-91793
LR-11052,FRA-11052,4.96,UNCLASSIFIED,SUR-12091
LR-11053,FRA-11053,4.56,FOREST,SUR-95118
LR-11054,FRA-11054,2.68,FOREST,SUR-27124
LR-11055,FRA-11055,1.94,COMMUNITY,SUR-58076
LR-11056,FRA-11056,3.2,FOREST,SUR-68965
LR-11057,FRA-11057,1.38,COMMUNITY,SUR-18514
LR-11058,FRA-11058,5.98,UNCLASSIFIED,SUR-92706
LR-11059,FRA-11059,5.37,FOREST,SUR-10503
LR-11060,FRA-11060,4.82,UNCLASSIFIED,SUR-47757
LR-11061,FRA-11061,0.51,REVENUE,SUR-26254
LR-11062,FRA-11062,3.55,UNCLASSIFIED,SUR-42892
LR-11063,FRA-11063,5.6,UNCLASSIFIED,SUR-20479
LR-11064,FRA-11064,5.09,COMMUNITY,SUR-51820
LR-11065,FRA-11065,5.9,UNCLASSIFIED,SUR-70941
LR-11066,FRA-11066,6.81,REVENUE,SUR-51513
LR-11067,FRA-11067,4.59,COMMUNITY,SUR-35920
LR-11068,FRA-11068,2.15,UNCLASSIFIED,SUR-97266
LR-11069,FRA-11069,3.85,UNCLASSIFIED,SUR-74291
LR-11070,FRA-11070,5.1,REVENUE,SUR-58439
LR-11071,FRA-11071,1.96,COMMUNITY,SUR-82744
LR-11072,FRA-11072,2.9,REVENUE,SUR-74040
LR-11073,FRA-11073,6.09,COMMUNITY,SUR-18772
LR-11074,FRA-11074,1.61,COMMUNITY,SUR-91350
LR-11075,FRA-11075,7.82,FOREST,SUR-48747
LR-11076,FRA-11076,2.26,REVENUE,SUR-28882
LR-11077,FRA-11077,3.31,UNCLASSIFIED,SUR-51168
LR-11078,FRA-11078,1.58,UNCLASSIFIED,SUR-58342
LR-11079,FRA-11079,3.57,COMMUNITY,SUR-52469
LR-11080,FRA-11080,0.89,FOREST,SUR-57227
LR-11081,FRA-11081,3.18,FOREST,SUR-37165
LR-11082,FRA-11082,2.28,REVENUE,SUR-72743
LR-11083,FRA-11083,6.85,FOREST,SUR-76879
LR-11084,FRA-11084,0.94,FOREST,SUR-86229
LR-11085,FRA-11085,4.69,UNCLASSIFIED,SUR-30953
LR-11086,FRA-11086,6.93,UNCLASSIFIED,SUR-36816
LR-11087,FRA-11087,6.26,COMMUNITY,SUR-57308
LR-11088,FRA-11088,4.1,UNCLASSIFIED,SUR-60930
LR-11089,FRA-11089,4.12,FOREST,SUR-90788
LR-11090,FRA-11090,1.23,FOREST,SUR-58241
LR-11091,FRA-11091,2.59,COMMUNITY,SUR-69890
LR-11092,FRA-11092,7.27,COMMUNITY,SUR-45398
LR-11093,FRA-11093,0.99,REVENUE,SUR-11739
LR-11094,FRA-11094,2.54,REVENUE,SUR-68718
LR-11095,FRA-11095,6.82,FOREST,SUR-47554
LR-11096,FRA-11096,1.73,COMMUNITY,SUR-63346
LR-11097,FRA-11097,2.75,FOREST,SUR-88925
LR-11098,FRA-11098,6.33,REVENUE,SUR-88484
LR-11099,FRA-11099,7.98,FOREST,SUR-78100
LR-11100,FRA-11100,2.21,COMMUNITY,SUR-81886
LR-11101,FRA-11101,6.14,REVENUE,SUR-10078
LR-11102,FRA-11102,7.14,REVENUE,SUR-13080
LR-11103,FRA-11103,2.5,COMMUNITY,SUR-54979
LR-11104,FRA-11104,4.63,COMMUNITY,SUR-72075
LR-11105,FRA-11105,5.06,FOREST,SUR-72242
LR-11106,FRA-11106,3.18,UNCLASSIFIED,SUR-38384
LR-11107,FRA-11107,3.91,FOREST,SUR-43187
LR-11108,FRA-11108,6.25,FOREST,SUR-36099
LR-11109,FRA-11109,3.15,REVENUE,SUR-68283
LR-11110,FRA-11110,3.62,COMMUNITY,SUR-93208
LR-11111,FRA-11111,5.25,UNCLASSIFIED,SUR-62602
LR-11112,FRA-11112,1.69,COMMUNITY,SUR-72636
LR-11113,FRA-11113,1.91,FOREST,SUR-24778
LR-11114,FRA-11114,7.63,UNCLASSIFIED,SUR-38065
LR-11115,FRA-11115,6.02,UNCLASSIFIED,SUR-77290
LR-11116,FRA-11116,5.4,UNCLASSIFIED,SUR-13626
LR-11117,FRA-11117,7.1,REVENUE,SUR-41632
LR-11118,FRA-11118,0.66,FOREST,SUR-58433
LR-11119,FRA-11119,6.71,REVENUE,SUR-71515
LR-11120,FRA-11120,4.66,REVENUE,SUR-51032
LR-11121,FRA-11121,6.54,REVENUE,SUR-90354
LR-11122,FRA-11122,5.68,REVENUE,SUR-25363
LR-11123,FRA-11123,7.3,UNCLASSIFIED,SUR-80439
LR-11124,FRA-11124,3.26,UNCLASSIFIED,SUR-69606
LR-11125,FRA-11125,2.61,UNCLASSIFIED,SUR-51044
LR-11126,FRA-11126,6.45,UNCLASSIFIED,SUR-36855
LR-11127,FRA-11127,3.48,COMMUNITY,SUR-40980
LR-11128,FRA-11128,6.7,COMMUNITY,SUR-73734
LR-11129,FRA-11129,5.24,UNCLASSIFIED,SUR-85974
LR-11130,FRA-11130,6.58,UNCLASSIFIED,SUR-13018
LR-11131,FRA-11131,6.72,REVENUE,SUR-58884
LR-11132,FRA-11132,5.97,REVENUE,SUR-59734
LR-11133,FRA-11133,4.86,UNCLASSIFIED,SUR-12686
LR-11134,FRA-11134,2.25,REVENUE,SUR-38722
LR-11135,FRA-11135,0.74,FOREST,SUR-90668
LR-11136,FRA-11136,1.49,UNCLASSIFIED,SUR-50841
LR-11137,FRA-11137,5.51,REVENUE,SUR-12252
LR-11138,FRA-11138,6.14,REVENUE,SUR-30017
LR-11139,FRA-11139,2.6,REVENUE,SUR-16336
LR-11140,FRA-11140,6.17,REVENUE,SUR-93903
LR-11141,FRA-11141,4.04,UNCLASSIFIED,SUR-94849
LR-11142,FRA-11142,2.49,REVENUE,SUR-19622
LR-11143,FRA-11143,3.17,UNCLASSIFIED,SUR-93683
LR-11144,FRA-11144,2.79,UNCLASSIFIED,SUR-62329
LR-11145,FRA-11145,7.21,COMMUNITY,SUR-16962
LR-11146,FRA-11146,4.76,UNCLASSIFIED,SUR-18880
LR-11147,FRA-11147,7.32,REVENUE,SUR-92663
LR-11148,FRA-11148,4.86,UNCLASSIFIED,SUR-66807
LR-11149,FRA-11149,1.05,COMMUNITY,SUR-28868
LR-11150,FRA-11150,0.77,REVENUE,SUR-65956
LR-11151,FRA-11151,1.57,REVENUE,SUR-98160
LR-11152,FRA-11152,5.7,COMMUNITY,SUR-92775
LR-11153,FRA-11153,2.56,COMMUNITY,SUR-76694
LR-11154,FRA-11154,5.04,REVENUE,SUR-42602
LR-11155,FRA-11155,3.45,UNCLASSIFIED,SUR-96885
LR-11156,FRA-11156,3.6,COMMUNITY,SUR-40891
LR-11157,FRA-11157,3.49,COMMUNITY,SUR-87784
LR-11158,FRA-11158,4.43,REVENUE,SUR-16731
LR-11159,FRA-11159,5.78,COMMUNITY,SUR-53272
LR-11160,FRA-11160,0.52,FOREST,SUR-45039
LR-11161,FRA-11161,0.98,UNCLASSIFIED,SUR-89493
LR-11162,FRA-11162,3.91,UNCLASSIFIED,SUR-40818
LR-11163,FRA-11163,5.22,UNCLASSIFIED,SUR-26529
LR-11164,FRA-11164,2.23,COMMUNITY,SUR-37495
LR-11165,FRA-11165,0.89,UNCLASSIFIED,SUR-52412
LR-11166,FRA-11166,2.97,REVENUE,SUR-42846
LR-11167,FRA-11167,6.67,REVENUE,SUR-64771
LR-11168,FRA-11168,0.51,COMMUNITY,SUR-79582
LR-11169,FRA-11169,6.33,UNCLASSIFIED,SUR-15834
LR-11170,FRA-11170,6.47,REVENUE,SUR-68886
LR-11171,FRA-11171,6.83,UNCLASSIFIED,SUR-41323
LR-11172,FRA-11172,6.49,COMMUNITY,SUR-88675
LR-11173,FRA-11173,4.72,REVENUE,SUR-81442
LR-11174,FRA-11174,2.27,COMMUNITY,SUR-98055
LR-11175,FRA-11175,1.28,FOREST,SUR-30390
LR-11176,FRA-11176,6.46,UNCLASSIFIED,SUR-54240
LR-11177,FRA-11177,1.29,REVENUE,SUR-60840
LR-11178,FRA-11178,7.5,REVENUE,SUR-54839
LR-11179,FRA-11179,5.89,UNCLASSIFIED,SUR-37834
LR-11180,FRA-11180,2.2,COMMUNITY,SUR-36098
LR-11181,FRA-11181,8.23,COMMUNITY,SUR-70749
LR-11182,FRA-11182,1.26,FOREST,SUR-91912
LR-11183,FRA-11183,4.37,REVENUE,SUR-43853
LR-11184,FRA-11184,7.46,COMMUNITY,SUR-52959
LR-11185,FRA-11185,1.41,REVENUE,SUR-86313
LR-11186,FRA-11186,4.69,COMMUNITY,SUR-82399
LR-11187,FRA-11187,7.12,FOREST,SUR-87110
LR-11188,FRA-11188,4.28,FOREST,SUR-53786
LR-11189,FRA-11189,6.4,REVENUE,SUR-63465
LR-11190,FRA-11190,4.19,COMMUNITY,SUR-55123
LR-11191,FRA-11191,2.5,FOREST,SUR-25022
LR-11192,FRA-11192,1.87,FOREST,SUR-40258
LR-11193,FRA-11193,2.23,FOREST,SUR-64179
LR-11194,FRA-11194,3.42,REVENUE,SUR-93237
LR-11195,FRA-11195,3.92,FOREST,SUR-17810
LR-11196,FRA-11196,2.5,FOREST,SUR-86871
LR-11197,FRA-11197,7.16,UNCLASSIFIED,SUR-27496
LR-11198,FRA-11198,4.89,COMMUNITY,SUR-96283
LR-11199,FRA-11199,6.68,REVENUE,SUR-92250
LR-11200,FRA-11200,5.57,FOREST,SUR-50152
LR-11201,FRA-11201,3.6,REVENUE,SUR-42097
LR-11202,FRA-11202,2.11,REVENUE,SUR-63835
LR-11203,FRA-11203,5.87,COMMUNITY,SUR-22695
LR-11204,FRA-11204,5.5,FOREST,SUR-42809
LR-11205,FRA-11205,3.83,UNCLASSIFIED,SUR-38358
LR-11206,FRA-11206,2.19,UNCLASSIFIED,SUR-82913
LR-11207,FRA-11207,5.11,REVENUE,SUR-35671
LR-11208,FRA-11208,3.84,COMMUNITY,SUR-66599
LR-11209,FRA-11209,2.52,FOREST,SUR-30648
LR-11210,FRA-11210,6.19,COMMUNITY,SUR-69382
LR-11211,FRA-11211,1.84,FOREST,SUR-35725
LR-11212,FRA-11212,4.95,FOREST,SUR-83408
LR-11213,FRA-11213,4.3,FOREST,SUR-41653
LR-11214,FRA-11214,2.42,REVENUE,SUR-38902
LR-11215,FRA-11215,5.8,FOREST,SUR-14339
LR-11216,FRA-11216,5.94,FOREST,SUR-20830
LR-11217,FRA-11217,7.19,REVENUE,SUR-56312
LR-11218,FRA-11218,2.52,UNCLASSIFIED,SUR-47641
LR-11219,FRA-11219,6.07,UNCLASSIFIED,SUR-71251
LR-11220,FRA-11220,2.23,REVENUE,SUR-63108
LR-11221,FRA-11221,2.1,UNCLASSIFIED,SUR-15488
LR-11222,FRA-11222,3.68,REVENUE,SUR-26484
LR-11223,FRA-11223,3.53,FOREST,SUR-44289
LR-11224,FRA-11224,4.18,FOREST,SUR-62390
LR-11225,FRA-11225,5.63,COMMUNITY,SUR-63430
LR-11226,FRA-11226,6.08,FOREST,SUR-70550
LR-11227,FRA-11227,3.2,REVENUE,SUR-98572
LR-11228,FRA-11228,7.06,COMMUNITY,SUR-48089
LR-11229,FRA-11229,2.01,COMMUNITY,SUR-53457
LR-11230,FRA-11230,5.13,REVENUE,SUR-38329
LR-11231,FRA-11231,5.58,UNCLASSIFIED,SUR-78971
LR-11232,FRA-11232,4.92,REVENUE,SUR-15139
LR-11233,FRA-11233,5.88,FOREST,SUR-11398
LR-11234,FRA-11234,1.32,FOREST,SUR-42032
LR-11235,FRA-11235,6.11,REVENUE,SUR-61348
LR-11236,FRA-11236,2.58,COMMUNITY,SUR-24267
LR-11237,FRA-11237,6.71,REVENUE,SUR-19633
LR-11238,FRA-11238,2.18,FOREST,SUR-58081
LR-11239,FRA-11239,3.35,UNCLASSIFIED,SUR-12355
LR-11240,FRA-11240,3.54,REVENUE,SUR-99772
LR-11241,FRA-11241,1.7,REVENUE,SUR-67178
LR-11242,FRA-11242,4.88,FOREST,SUR-25181
LR-11243,FRA-11243,6.04,REVENUE,SUR-63406
LR-11244,FRA-11244,1.21,COMMUNITY,SUR-83985
LR-11245,FRA-11245,0.65,UNCLASSIFIED,SUR-91852
LR-11246,FRA-11246,4.98,COMMUNITY,SUR-29029
LR-11247,FRA-11247,1.58,REVENUE,SUR-32953
LR-11248,FRA-11248,6.45,UNCLASSIFIED,SUR-91555
LR-11249,FRA-11249,1.4,REVENUE,SUR-78156
LR-11250,FRA-11250,2.43,COMMUNITY,SUR-10402
LR-11251,FRA-11251,5.66,REVENUE,SUR-63245
LR-11252,FRA-11252,6.11,REVENUE,SUR-11957
LR-11253,FRA-11253,1.89,COMMUNITY,SUR-35171
LR-11254,FRA-11254,4.29,UNCLASSIFIED,SUR-39325
LR-11255,FRA-11255,6.49,REVENUE,SUR-19837
LR-11256,FRA-11256,7.26,FOREST,SUR-52125
LR-11257,FRA-11257,7.34,COMMUNITY,SUR-38902
LR-11258,FRA-11258,1.48,UNCLASSIFIED,SUR-63955
LR-11259,FRA-11259,1.23,REVENUE,SUR-84110
LR-11260,FRA-11260,7.53,REVENUE,SUR-21689
LR-11261,FRA-11261,7.08,REVENUE,SUR-31531
LR-11262,FRA-11262,2.06,UNCLASSIFIED,SUR-74978
LR-11263,FRA-11263,3.99,REVENUE,SUR-85865
LR-11264,FRA-11264,7.13,COMMUNITY,SUR-23318
LR-11265,FRA-11265,6.43,REVENUE,SUR-93763
LR-11266,FRA-11266,4.89,UNCLASSIFIED,SUR-89494
LR-11267,FRA-11267,6.25,UNCLASSIFIED,SUR-13821
LR-11268,FRA-11268,6.32,UNCLASSIFIED,SUR-72694
LR-11269,FRA-11269,3.6,FOREST,SUR-59298
LR-11270,FRA-11270,4.95,COMMUNITY,SUR-11944
LR-11271,FRA-11271,2.45,REVENUE,SUR-52911
LR-11272,FRA-11272,5.01,FOREST,SUR-30753
LR-11273,FRA-11273,6.57,REVENUE,SUR-49077
LR-11274,FRA-11274,0.91,FOREST,SUR-95830
LR-11275,FRA-11275,3.75,UNCLASSIFIED,SUR-46031
LR-11276,FRA-11276,4.95,UNCLASSIFIED,SUR-30173
LR-11277,FRA-11277,0.79,REVENUE,SUR-58323
LR-11278,FRA-11278,7.62,FOREST,SUR-32009
LR-11279,FRA-11279,2.48,COMMUNITY,SUR-34338
LR-11280,FRA-11280,4.53,FOREST,SUR-54588
LR-11281,FRA-11281,4.28,REVENUE,SUR-62907
LR-11282,FRA-11282,6.08,UNCLASSIFIED,SUR-58395
LR-11283,FRA-11283,3.49,COMMUNITY,SUR-44302
LR-11284,FRA-11284,5.44,UNCLASSIFIED,SUR-31602
LR-11285,FRA-11285,5.89,UNCLASSIFIED,SUR-24093
LR-11286,FRA-11286,4.8,FOREST,SUR-41214
LR-11287,FRA-11287,2.09,FOREST,SUR-14612
LR-11288,FRA-11288,8.02,REVENUE,SUR-72654
LR-11289,FRA-11289,4.75,UNCLASSIFIED,SUR-64536
LR-11290,FRA-11290,6.04,COMMUNITY,SUR-76874
LR-11291,FRA-11291,3.33,COMMUNITY,SUR-90528
LR-11292,FRA-11292,1.56,REVENUE,SUR-86851
LR-11293,FRA-11293,2.79,REVENUE,SUR-93023
LR-11294,FRA-11294,2.85,UNCLASSIFIED,SUR-28883
LR-11295,FRA-11295,7.59,REVENUE,SUR-58343
LR-11296,FRA-11296,6.64,FOREST,SUR-26553
LR-11297,FRA-11297,2.55,UNCLASSIFIED,SUR-44392
LR-11298,FRA-11298,4.56,REVENUE,SUR-55886
LR-11299,FRA-11299,5.07,REVENUE,SUR-91082
LR-11300,FRA-11300,7.13,UNCLASSIFIED,SUR-25850
LR-11301,FRA-11301,3.85,FOREST,SUR-52706
LR-11302,FRA-11302,3.32,FOREST,SUR-93932
LR-11303,FRA-11303,5.43,REVENUE,SUR-51969
LR-11304,FRA-11304,5.92,COMMUNITY,SUR-44214
LR-11305,FRA-11305,5.39,UNCLASSIFIED,SUR-10352
LR-11306,FRA-11306,2.43,FOREST,SUR-38080
LR-11307,FRA-11307,1.34,COMMUNITY,SUR-62052
LR-11308,FRA-11308,6.04,UNCLASSIFIED,SUR-55785
LR-11309,FRA-11309,4.04,FOREST,SUR-36475
LR-11310,FRA-11310,1.1,COMMUNITY,SUR-31365
LR-11311,FRA-11311,1.6,REVENUE,SUR-72648
LR-11312,FRA-11312,0.72,FOREST,SUR-29029
LR-11313,FRA-11313,1.73,REVENUE,SUR-17012
LR-11314,FRA-11314,3.09,REVENUE,SUR-54949
LR-11315,FRA-11315,5.22,COMMUNITY,SUR-37315
LR-11316,FRA-11316,4.07,UNCLASSIFIED,SUR-91965
LR-11317,FRA-11317,2.71,REVENUE,SUR-58067
LR-11318,FRA-11318,7.53,UNCLASSIFIED,SUR-12239
LR-11319,FRA-11319,2.01,REVENUE,SUR-37788
LR-11320,FRA-11320,0.92,UNCLASSIFIED,SUR-40252
LR-11321,FRA-11321,6.15,REVENUE,SUR-27037
LR-11322,FRA-11322,3.02,FOREST,SUR-39076
LR-11323,FRA-11323,3.34,UNCLASSIFIED,SUR-58308
LR-11324,FRA-11324,2.71,COMMUNITY,SUR-70521
LR-11325,FRA-11325,5.86,REVENUE,SUR-23156
LR-11326,FRA-11326,3.34,COMMUNITY,SUR-68688
LR-11327,FRA-11327,5.6,FOREST,SUR-70548
LR-11328,FRA-11328,8.1,FOREST,SUR-35762
LR-11329,FRA-11329,4.25,FOREST,SUR-36812
LR-11330,FRA-11330,3.6,UNCLASSIFIED,SUR-61593
LR-11331,FRA-11331,6.76,UNCLASSIFIED,SUR-65779
LR-11332,FRA-11332,0.93,FOREST,SUR-12575
LR-11333,FRA-11333,6.55,FOREST,SUR-51293
LR-11334,FRA-11334,4.59,UNCLASSIFIED,SUR-61773
LR-11335,FRA-11335,0.96,COMMUNITY,SUR-23376
LR-11336,FRA-11336,7.43,COMMUNITY,SUR-67264
LR-11337,FRA-11337,4.37,COMMUNITY,SUR-31645
LR-11338,FRA-11338,2.82,FOREST,SUR-92683
LR-11339,FRA-11339,7.12,UNCLASSIFIED,SUR-29215
LR-11340,FRA-11340,5.42,FOREST,SUR-81646
LR-11341,FRA-11341,7.85,UNCLASSIFIED,SUR-76433
LR-11342,FRA-11342,0.68,REVENUE,SUR-34761
LR-11343,FRA-11343,4.89,COMMUNITY,SUR-31672
LR-11344,FRA-11344,6.06,COMMUNITY,SUR-15653
LR-11345,FRA-11345,4.46,REVENUE,SUR-33203
LR-11346,FRA-11346,2.2,UNCLASSIFIED,SUR-33819
LR-11347,FRA-11347,4.85,FOREST,SUR-44818
LR-11348,FRA-11348,4.31,REVENUE,SUR-92616
LR-11349,FRA-11349,4.89,REVENUE,SUR-90488
LR-11350,FRA-11350,8.03,FOREST,SUR-21689
LR-11351,FRA-11351,5.72,UNCLASSIFIED,SUR-24150
LR-11352,FRA-11352,1.78,FOREST,SUR-31702
LR-11353,FRA-11353,4.94,FOREST,SUR-84346
LR-11354,FRA-11354,7.43,FOREST,SUR-81657
LR-11355,FRA-11355,1.12,REVENUE,SUR-52788
LR-11356,FRA-11356,3.67,UNCLASSIFIED,SUR-91073
LR-11357,FRA-11357,5.84,FOREST,SUR-24502
LR-11358,FRA-11358,6.96,FOREST,SUR-56040
LR-11359,FRA-11359,6.61,UNCLASSIFIED,SUR-94884
LR-11360,FRA-11360,0.9,COMMUNITY,SUR-27810
LR-11361,FRA-11361,7.77,UNCLASSIFIED,SUR-66536
LR-11362,FRA-11362,0.62,UNCLASSIFIED,SUR-54553
LR-11363,FRA-11363,2.7,COMMUNITY,SUR-43828
LR-11364,FRA-11364,3.66,COMMUNITY,SUR-40002
LR-11365,FRA-11365,1.76,UNCLASSIFIED,SUR-96067
LR-11366,FRA-11366,0.65,COMMUNITY,SUR-79914
LR-11367,FRA-11367,7.14,UNCLASSIFIED,SUR-83246
LR-11368,FRA-11368,7.74,UNCLASSIFIED,SUR-44487
LR-11369,FRA-11369,1.23,COMMUNITY,SUR-39881
LR-11370,FRA-11370,3.77,REVENUE,SUR-50601
LR-11371,FRA-11371,2.75,COMMUNITY,SUR-95566
LR-11372,FRA-11372,1.18,UNCLASSIFIED,SUR-47416
LR-11373,FRA-11373,7.63,REVENUE,SUR-41836
LR-11374,FRA-11374,1.64,UNCLASSIFIED,SUR-56351
LR-11375,FRA-11375,6.66,REVENUE,SUR-14351
LR-11376,FRA-11376,4.7,REVENUE,SUR-50053
LR-11377,FRA-11377,1.05,UNCLASSIFIED,SUR-55264
LR-11378,FRA-11378,2.23,FOREST,SUR-72273
LR-11379,FRA-11379,0.62,UNCLASSIFIED,SUR-75842
LR-11380,FRA-11380,3.65,FOREST,SUR-50117
LR-11381,FRA-11381,2.48,FOREST,SUR-88409
LR-11382,FRA-11382,2.0,REVENUE,SUR-84450
LR-11383,FRA-11383,0.76,FOREST,SUR-85769
LR-11384,FRA-11384,1.75,UNCLASSIFIED,SUR-66881
LR-11385,FRA-11385,6.34,COMMUNITY,SUR-34818
LR-11386,FRA-11386,4.83,FOREST,SUR-73253
LR-11387,FRA-11387,1.46,FOREST,SUR-14570
LR-11388,FRA-11388,6.37,UNCLASSIFIED,SUR-67348
LR-11389,FRA-11389,3.88,UNCLASSIFIED,SUR-58623
LR-11390,FRA-11390,0.49,COMMUNITY,SUR-91082
LR-11391,FRA-11391,1.89,UNCLASSIFIED,SUR-30880
LR-11392,FRA-11392,3.69,UNCLASSIFIED,SUR-90526
LR-11393,FRA-11393,3.31,REVENUE,SUR-26581
LR-11394,FRA-11394,6.83,COMMUNITY,SUR-20310
LR-11395,FRA-11395,7.82,FOREST,SUR-70367
LR-11396,FRA-11396,2.7,REVENUE,SUR-46743
LR-11397,FRA-11397,2.31,UNCLASSIFIED,SUR-16998
LR-11398,FRA-11398,6.35,UNCLASSIFIED,SUR-76295
LR-11399,FRA-11399,6.77,UNCLASSIFIED,SUR-38777
LR-11400,FRA-11400,1.91,REVENUE,SUR-83399
LR-11401,FRA-11401,0.91,COMMUNITY,SUR-69326
LR-11402,FRA-11402,7.79,FOREST,SUR-21988
LR-11403,FRA-11403,4.06,UNCLASSIFIED,SUR-20599
LR-11404,FRA-11404,6.13,COMMUNITY,SUR-99192
LR-11405,FRA-11405,4.36,REVENUE,SUR-84381
LR-11406,FRA-11406,6.6,UNCLASSIFIED,SUR-21546
LR-11407,FRA-11407,2.78,FOREST,SUR-43792
LR-11408,FRA-11408,5.13,COMMUNITY,SUR-67389
LR-11409,FRA-11409,7.12,FOREST,SUR-66264
LR-11410,FRA-11410,2.7,REVENUE,SUR-60151
LR-11411,FRA-11411,2.9,COMMUNITY,SUR-68849
LR-11412,FRA-11412,1.89,COMMUNITY,SUR-24043
LR-11413,FRA-11413,7.26,UNCLASSIFIED,SUR-22419
LR-11414,FRA-11414,3.43,COMMUNITY,SUR-40645
LR-11415,FRA-11415,7.2,COMMUNITY,SUR-17801
LR-11416,FRA-11416,2.76,COMMUNITY,SUR-67691
LR-11417,FRA-11417,6.19,FOREST,SUR-56381
LR-11418,FRA-11418,5.58,REVENUE,SUR-49854
LR-11419,FRA-11419,2.37,COMMUNITY,SUR-18442
LR-11420,FRA-11420,2.16,COMMUNITY,SUR-41933
LR-11421,FRA-11421,0.58,FOREST,SUR-62138
LR-11422,FRA-11422,1.01,REVENUE,SUR-72781
LR-11423,FRA-11423,2.0,FOREST,SUR-10364
LR-11424,FRA-11424,2.76,UNCLASSIFIED,SUR-51039
LR-11425,FRA-11425,4.2,REVENUE,SUR-38683
LR-11426,FRA-11426,5.46,FOREST,SUR-56683
LR-11427,FRA-11427,3.39,UNCLASSIFIED,SUR-61456
LR-11428,FRA-11428,6.86,UNCLASSIFIED,SUR-52372
LR-11429,FRA-11429,1.6,REVENUE,SUR-11110
LR-11430,FRA-11430,2.53,FOREST,SUR-21905
LR-11431,FRA-11431,1.79,REVENUE,SUR-18850
LR-11432,FRA-11432,0.51,REVENUE,SUR-80193
LR-11433,FRA-11433,6.14,FOREST,SUR-16598
LR-11434,FRA-11434,4.41,COMMUNITY,SUR-53476
LR-11435,FRA-11435,5.75,COMMUNITY,SUR-80340
LR-11436,FRA-11436,1.1,FOREST,SUR-18655
LR-11437,FRA-11437,1.44,REVENUE,SUR-38707
LR-11438,FRA-11438,7.51,REVENUE,SUR-75973
LR-11439,FRA-11439,1.98,REVENUE,SUR-67667
LR-11440,FRA-11440,4.17,FOREST,SUR-64488
LR-11441,FRA-11441,7.49,REVENUE,SUR-80937
LR-11442,FRA-11442,4.86,FOREST,SUR-58089
LR-11443,FRA-11443,7.45,REVENUE,SUR-61642
LR-11444,FRA-11444,0.94,UNCLASSIFIED,SUR-35735
LR-11445,FRA-11445,3.27,REVENUE,SUR-32143
LR-11446,FRA-11446,1.16,COMMUNITY,SUR-44937
LR-11447,FRA-11447,6.48,FOREST,SUR-91628
LR-11448,FRA-11448,5.02,REVENUE,SUR-46927
LR-11449,FRA-11449,2.13,FOREST,SUR-20313
LR-11450,FRA-11450,3.33,COMMUNITY,SUR-75454
LR-11451,FRA-11451,6.51,UNCLASSIFIED,SUR-58590
LR-11452,FRA-11452,6.06,COMMUNITY,SUR-26577
LR-11453,FRA-11453,7.21,COMMUNITY,SUR-34296
LR-11454,FRA-11454,3.18,UNCLASSIFIED,SUR-46199
LR-11455,FRA-11455,1.71,REVENUE,SUR-42481
LR-11456,FRA-11456,2.73,UNCLASSIFIED,SUR-39622
LR-11457,FRA-11457,7.73,UNCLASSIFIED,SUR-22108
LR-11458,FRA-11458,6.97,UNCLASSIFIED,SUR-16371
LR-11459,FRA-11459,4.56,UNCLASSIFIED,SUR-69371
LR-11460,FRA-11460,1.77,COMMUNITY,SUR-29988
LR-11461,FRA-11461,5.36,REVENUE,SUR-26780
LR-11462,FRA-11462,3.66,REVENUE,SUR-62166
LR-11463,FRA-11463,2.72,UNCLASSIFIED,SUR-33070
LR-11464,FRA-11464,2.16,REVENUE,SUR-40753
LR-11465,FRA-11465,5.33,UNCLASSIFIED,SUR-39105
LR-11466,FRA-11466,4.5,UNCLASSIFIED,SUR-15971
LR-11467,FRA-11467,3.96,REVENUE,SUR-61960
LR-11468,FRA-11468,7.08,UNCLASSIFIED,SUR-97322
LR-11469,FRA-11469,2.73,REVENUE,SUR-38402
LR-11470,FRA-11470,5.33,REVENUE,SUR-97163
LR-11471,FRA-11471,3.41,FOREST,SUR-61067
LR-11472,FRA-11472,0.88,FOREST,SUR-73644
LR-11473,FRA-11473,1.85,UNCLASSIFIED,SUR-32874
LR-11474,FRA-11474,4.82,UNCLASSIFIED,SUR-15902
LR-11475,FRA-11475,2.72,FOREST,SUR-84216
LR-11476,FRA-11476,5.45,UNCLASSIFIED,SUR-81712
LR-11477,FRA-11477,1.44,UNCLASSIFIED,SUR-22595
LR-11478,FRA-11478,2.35,UNCLASSIFIED,SUR-63213
LR-11479,FRA-11479,3.83,REVENUE,SUR-67389
LR-11480,FRA-11480,4.73,REVENUE,SUR-93545
LR-11481,FRA-11481,1.17,COMMUNITY,SUR-33814
LR-11482,FRA-11482,6.93,UNCLASSIFIED,SUR-47236
LR-11483,FRA-11483,1.63,UNCLASSIFIED,SUR-49025
LR-11484,FRA-11484,6.34,COMMUNITY,SUR-14328
LR-11485,FRA-11485,1.97,UNCLASSIFIED,SUR-67852
LR-11486,FRA-11486,4.57,FOREST,SUR-33494
LR-11487,FRA-11487,5.36,COMMUNITY,SUR-90179
LR-11488,FRA-11488,0.84,REVENUE,SUR-50290
LR-11489,FRA-11489,1.39,COMMUNITY,SUR-46148
LR-11490,FRA-11490,3.22,REVENUE,SUR-16257
LR-11491,FRA-11491,7.87,COMMUNITY,SUR-23075
LR-11492,FRA-11492,1.48,COMMUNITY,SUR-49499
LR-11493,FRA-11493,3.09,FOREST,SUR-49553
LR-11494,FRA-11494,5.54,FOREST,SUR-27873
LR-11495,FRA-11495,3.29,UNCLASSIFIED,SUR-10303
LR-11496,FRA-11496,1.95,COMMUNITY,SUR-61976
LR-11497,FRA-11497,3.39,REVENUE,SUR-97916
LR-11498,FRA-11498,2.54,UNCLASSIFIED,SUR-85949
LR-11499,FRA-11499,6.82,COMMUNITY,SUR-28463
LR-11500,FRA-11500,7.14,FOREST,SUR-71055
LR-11501,FRA-11501,1.63,COMMUNITY,SUR-65328
LR-11502,FRA-11502,2.54,REVENUE,SUR-53278
LR-11503,FRA-11503,1.24,FOREST,SUR-97861
LR-11504,FRA-11504,3.76,FOREST,SUR-32748
LR-11505,FRA-11505,2.2,FOREST,SUR-38414
LR-11506,FRA-11506,7.75,REVENUE,SUR-48361
LR-11507,FRA-11507,6.72,UNCLASSIFIED,SUR-94173
LR-11508,FRA-11508,6.34,COMMUNITY,SUR-93862
LR-11509,FRA-11509,5.55,REVENUE,SUR-51504
LR-11510,FRA-11510,3.39,REVENUE,SUR-73631
LR-11511,FRA-11511,1.75,FOREST,SUR-40894
LR-11512,FRA-11512,7.71,COMMUNITY,SUR-14725
LR-11513,FRA-11513,3.13,UNCLASSIFIED,SUR-43361
LR-11514,FRA-11514,6.39,COMMUNITY,SUR-87477
LR-11515,FRA-11515,6.04,COMMUNITY,SUR-68041
LR-11516,FRA-11516,5.18,COMMUNITY,SUR-90458
LR-11517,FRA-11517,5.92,UNCLASSIFIED,SUR-65985
LR-11518,FRA-11518,2.09,REVENUE,SUR-12298
LR-11519,FRA-11519,6.04,COMMUNITY,SUR-25338
LR-11520,FRA-11520,0.81,REVENUE,SUR-67133
LR-11521,FRA-11521,6.76,FOREST,SUR-53938
LR-11522,FRA-11522,1.14,FOREST,SUR-15715
LR-11523,FRA-11523,6.06,COMMUNITY,SUR-48806
LR-11524,FRA-11524,3.54,FOREST,SUR-79578
LR-11525,FRA-11525,1.07,UNCLASSIFIED,SUR-67965
LR-11526,FRA-11526,6.6,COMMUNITY,SUR-25565
LR-11527,FRA-11527,5.12,REVENUE,SUR-12242
LR-11528,FRA-11528,2.23,FOREST,SUR-21802
LR-11529,FRA-11529,5.31,REVENUE,SUR-24535
LR-11530,FRA-11530,3.61,COMMUNITY,SUR-35782
LR-11531,FRA-11531,6.35,REVENUE,SUR-79397
LR-11532,FRA-11532,1.65,FOREST,SUR-17817
LR-11533,FRA-11533,3.53,UNCLASSIFIED,SUR-98234
LR-11534,FRA-11534,2.77,UNCLASSIFIED,SUR-33204
LR-11535,FRA-11535,5.7,REVENUE,SUR-39571
LR-11536,FRA-11536,7.41,UNCLASSIFIED,SUR-52646
LR-11537,FRA-11537,1.1,FOREST,SUR-95745
LR-11538,FRA-11538,5.27,COMMUNITY,SUR-87780
LR-11539,FRA-11539,2.74,REVENUE,SUR-61221
LR-11540,FRA-11540,6.18,REVENUE,SUR-50376
LR-11541,FRA-11541,2.92,COMMUNITY,SUR-27891
LR-11542,FRA-11542,6.0,UNCLASSIFIED,SUR-85247
LR-11543,FRA-11543,4.69,COMMUNITY,SUR-63166
LR-11544,FRA-11544,2.66,COMMUNITY,SUR-37034
LR-11545,FRA-11545,6.19,UNCLASSIFIED,SUR-11299
LR-11546,FRA-11546,3.64,FOREST,SUR-81350
LR-11547,FRA-11547,5.65,FOREST,SUR-53238
LR-11548,FRA-11548,4.82,FOREST,SUR-29579
LR-11549,FRA-11549,5.64,COMMUNITY,SUR-94547
LR-11550,FRA-11550,1.16,COMMUNITY,SUR-66622
LR-11551,FRA-11551,1.68,REVENUE,SUR-66063
LR-11552,FRA-11552,7.15,COMMUNITY,SUR-97197
LR-11553,FRA-11553,2.5,COMMUNITY,SUR-90121
LR-11554,FRA-11554,1.92,REVENUE,SUR-93257
LR-11555,FRA-11555,1.94,REVENUE,SUR-88745
LR-11556,FRA-11556,1.97,REVENUE,SUR-23320
LR-11557,FRA-11557,5.67,REVENUE,SUR-93008
LR-11558,FRA-11558,4.3,COMMUNITY,SUR-32409
LR-11559,FRA-11559,5.54,COMMUNITY,SUR-90602
LR-11560,FRA-11560,6.25,COMMUNITY,SUR-71815
LR-11561,FRA-11561,3.71,COMMUNITY,SUR-86097
LR-11562,FRA-11562,1.3,REVENUE,SUR-65218
LR-11563,FRA-11563,4.65,REVENUE,SUR-82983
LR-11564,FRA-11564,0.58,FOREST,SUR-68349
LR-11565,FRA-11565,2.76,COMMUNITY,SUR-65686
LR-11566,FRA-11566,1.13,UNCLASSIFIED,SUR-87181
LR-11567,FRA-11567,4.72,FOREST,SUR-89900
LR-11568,FRA-11568,0.85,REVENUE,SUR-99621
LR-11569,FRA-11569,3.49,COMMUNITY,SUR-91166
LR-11570,FRA-11570,4.86,REVENUE,SUR-77936
LR-11571,FRA-11571,3.76,FOREST,SUR-28043
LR-11572,FRA-11572,1.0,COMMUNITY,SUR-22960
LR-11573,FRA-11573,6.9,REVENUE,SUR-93649
LR-11574,FRA-11574,4.59,FOREST,SUR-46058
LR-11575,FRA-11575,1.52,UNCLASSIFIED,SUR-65438
LR-11576,FRA-11576,6.36,FOREST,SUR-97678
LR-11577,FRA-11577,4.91,UNCLASSIFIED,SUR-50288
LR-11578,FRA-11578,4.82,FOREST,SUR-15598
LR-11579,FRA-11579,3.8,UNCLASSIFIED,SUR-36953
LR-11580,FRA-11580,3.15,FOREST,SUR-10932
LR-11581,FRA-11581,3.39,UNCLASSIFIED,SUR-59227
LR-11582,FRA-11582,6.48,FOREST,SUR-96510
LR-11583,FRA-11583,0.66,FOREST,SUR-54972
LR-11584,FRA-11584,1.03,UNCLASSIFIED,SUR-52379
LR-11585,FRA-11585,6.08,FOREST,SUR-27743
LR-11586,FRA-11586,3.82,COMMUNITY,SUR-69413
LR-11587,FRA-11587,1.89,UNCLASSIFIED,SUR-44095
LR-11588,FRA-11588,1.76,COMMUNITY,SUR-55954
LR-11589,FRA-11589,6.63,UNCLASSIFIED,SUR-82456
LR-11590,FRA-11590,6.05,FOREST,SUR-76487
LR-11591,FRA-11591,4.38,COMMUNITY,SUR-22359
LR-11592,FRA-11592,7.1,REVENUE,SUR-61891
LR-11593,FRA-11593,2.46,FOREST,SUR-95507
LR-11594,FRA-11594,0.65,FOREST,SUR-84059
LR-11595,FRA-11595,4.22,REVENUE,SUR-28900
LR-11596,FRA-11596,1.56,REVENUE,SUR-58915
LR-11597,FRA-11597,0.61,FOREST,SUR-79936
LR-11598,FRA-11598,3.75,UNCLASSIFIED,SUR-68805
LR-11599,FRA-11599,5.04,REVENUE,SUR-19185
LR-11600,FRA-11600,2.95,REVENUE,SUR-53717
LR-11601,FRA-11601,4.68,REVENUE,SUR-22258
LR-11602,FRA-11602,2.9,COMMUNITY,SUR-51446
LR-11603,FRA-11603,4.68,REVENUE,SUR-63354
LR-11604,FRA-11604,6.63,REVENUE,SUR-54868
LR-11605,FRA-11605,7.94,UNCLASSIFIED,SUR-72188
LR-11606,FRA-11606,5.06,FOREST,SUR-95399
LR-11607,FRA-11607,1.56,FOREST,SUR-27224
LR-11608,FRA-11608,6.78,COMMUNITY,SUR-89514
LR-11609,FRA-11609,6.66,UNCLASSIFIED,SUR-17705
LR-11610,FRA-11610,4.05,FOREST,SUR-74316
LR-11611,FRA-11611,0.8,REVENUE,SUR-61516
LR-11612,FRA-11612,0.96,FOREST,SUR-39360
LR-11613,FRA-11613,5.28,UNCLASSIFIED,SUR-99957
LR-11614,FRA-11614,7.19,REVENUE,SUR-48232
LR-11615,FRA-11615,4.31,FOREST,SUR-13033
LR-11616,FRA-11616,2.27,UNCLASSIFIED,SUR-90973
LR-11617,FRA-11617,4.69,UNCLASSIFIED,SUR-43818
LR-11618,FRA-11618,5.28,UNCLASSIFIED,SUR-20811
LR-11619,FRA-11619,3.07,REVENUE,SUR-12381
LR-11620,FRA-11620,2.06,COMMUNITY,SUR-47143
LR-11621,FRA-11621,0.82,REVENUE,SUR-80657
LR-11622,FRA-11622,4.0,REVENUE,SUR-14414
LR-11623,FRA-11623,2.71,UNCLASSIFIED,SUR-50838
LR-11624,FRA-11624,1.14,FOREST,SUR-99996
LR-11625,FRA-11625,4.46,REVENUE,SUR-38713
LR-11626,FRA-11626,4.61,REVENUE,SUR-36280
LR-11627,FRA-11627,2.88,COMMUNITY,SUR-11511
LR-11628,FRA-11628,3.05,REVENUE,SUR-93101
LR-11629,FRA-11629,2.17,COMMUNITY,SUR-74463
LR-11630,FRA-11630,4.02,REVENUE,SUR-70142
LR-11631,FRA-11631,6.89,UNCLASSIFIED,SUR-30007
LR-11632,FRA-11632,8.2,COMMUNITY,SUR-72037
LR-11633,FRA-11633,0.59,COMMUNITY,SUR-29080
LR-11634,FRA-11634,0.91,FOREST,SUR-29767
LR-11635,FRA-11635,5.76,COMMUNITY,SUR-47100
LR-11636,FRA-11636,1.94,UNCLASSIFIED,SUR-40605
LR-11637,FRA-11637,6.89,UNCLASSIFIED,SUR-80364
LR-11638,FRA-11638,7.0,COMMUNITY,SUR-35699
LR-11639,FRA-11639,0.72,FOREST,SUR-41420
LR-11640,FRA-11640,0.82,UNCLASSIFIED,SUR-82189
LR-11641,FRA-11641,1.1,FOREST,SUR-41549
LR-11642,FRA-11642,5.19,COMMUNITY,SUR-99619
LR-11643,FRA-11643,0.55,COMMUNITY,SUR-57796
LR-11644,FRA-11644,2.8,UNCLASSIFIED,SUR-78496
LR-11645,FRA-11645,2.02,FOREST,SUR-90683
LR-11646,FRA-11646,4.18,FOREST,SUR-68642
LR-11647,FRA-11647,6.37,UNCLASSIFIED,SUR-75601
LR-11648,FRA-11648,5.97,FOREST,SUR-61210
LR-11649,FRA-11649,3.04,COMMUNITY,SUR-18689
LR-11650,FRA-11650,6.3,UNCLASSIFIED,SUR-49084
LR-11651,FRA-11651,1.8,COMMUNITY,SUR-30518
LR-11652,FRA-11652,2.0,FOREST,SUR-49508
LR-11653,FRA-11653,6.29,COMMUNITY,SUR-82096
LR-11654,FRA-11654,6.96,COMMUNITY,SUR-12238
LR-11655,FRA-11655,2.57,UNCLASSIFIED,SUR-26027
LR-11656,FRA-11656,4.19,REVENUE,SUR-87630
LR-11657,FRA-11657,1.71,UNCLASSIFIED,SUR-31073
LR-11658,FRA-11658,6.35,REVENUE,SUR-14807
LR-11659,FRA-11659,6.5,UNCLASSIFIED,SUR-79672
LR-11660,FRA-11660,3.93,COMMUNITY,SUR-19554
LR-11661,FRA-11661,1.69,UNCLASSIFIED,SUR-29333
LR-11662,FRA-11662,3.39,REVENUE,SUR-72683
LR-11663,FRA-11663,7.2,UNCLASSIFIED,SUR-76053
LR-11664,FRA-11664,2.56,FOREST,SUR-53857
LR-11665,FRA-11665,0.68,UNCLASSIFIED,SUR-20984
LR-11666,FRA-11666,0.53,UNCLASSIFIED,SUR-75561
LR-11667,FRA-11667,3.44,COMMUNITY,SUR-29288
LR-11668,FRA-11668,5.53,FOREST,SUR-23948
LR-11669,FRA-11669,5.28,COMMUNITY,SUR-24944
LR-11670,FRA-11670,0.69,REVENUE,SUR-34534
LR-11671,FRA-11671,4.22,COMMUNITY,SUR-74940
LR-11672,FRA-11672,4.11,REVENUE,SUR-68412
LR-11673,FRA-11673,4.54,UNCLASSIFIED,SUR-85703
LR-11674,FRA-11674,6.15,FOREST,SUR-62127
LR-11675,FRA-11675,6.09,REVENUE,SUR-26675
LR-11676,FRA-11676,1.19,COMMUNITY,SUR-83821
LR-11677,FRA-11677,3.29,COMMUNITY,SUR-36923
LR-11678,FRA-11678,3.5,UNCLASSIFIED,SUR-57629
LR-11679,FRA-11679,0.58,FOREST,SUR-31745
LR-11680,FRA-11680,6.55,REVENUE,SUR-32721
LR-11681,FRA-11681,7.19,COMMUNITY,SUR-55095
LR-11682,FRA-11682,2.68,COMMUNITY,SUR-37282
LR-11683,FRA-11683,6.59,FOREST,SUR-55458
LR-11684,FRA-11684,7.28,UNCLASSIFIED,SUR-53691
LR-11685,FRA-11685,0.85,UNCLASSIFIED,SUR-50499
LR-11686,FRA-11686,1.9,COMMUNITY,SUR-91544
LR-11687,FRA-11687,5.28,COMMUNITY,SUR-72056
LR-11688,FRA-11688,3.49,UNCLASSIFIED,SUR-39958
LR-11689,FRA-11689,2.59,FOREST,SUR-56377
LR-11690,FRA-11690,2.55,FOREST,SUR-77819
LR-11691,FRA-11691,4.18,FOREST,SUR-75761
LR-11692,FRA-11692,7.63,COMMUNITY,SUR-81136
LR-11693,FRA-11693,5.02,COMMUNITY,SUR-22487
LR-11694,FRA-11694,4.31,COMMUNITY,SUR-79113
LR-11695,FRA-11695,3.85,COMMUNITY,SUR-62153
LR-11696,FRA-11696,7.65,UNCLASSIFIED,SUR-32121
LR-11697,FRA-11697,1.21,UNCLASSIFIED,SUR-32557
LR-11698,FRA-11698,0.62,COMMUNITY,SUR-84675
LR-11699,FRA-11699,1.79,COMMUNITY,SUR-16896
LR-11700,FRA-11700,2.39,FOREST,SUR-85356
LR-11701,FRA-11701,1.74,FOREST,SUR-16131
LR-11702,FRA-11702,0.75,FOREST,SUR-72128
LR-11703,FRA-11703,6.81,COMMUNITY,SUR-65529
LR-11704,FRA-11704,1.39,COMMUNITY,SUR-47108
LR-11705,FRA-11705,1.18,UNCLASSIFIED,SUR-71586
LR-11706,FRA-11706,6.69,FOREST,SUR-46365
LR-11707,FRA-11707,4.18,REVENUE,SUR-32601
LR-11708,FRA-11708,3.61,COMMUNITY,SUR-55265
LR-11709,FRA-11709,2.39,COMMUNITY,SUR-39542
LR-11710,FRA-11710,3.73,FOREST,SUR-88069
LR-11711,FRA-11711,2.33,FOREST,SUR-14260
LR-11712,FRA-11712,2.87,UNCLASSIFIED,SUR-76216
LR-11713,FRA-11713,3.25,COMMUNITY,SUR-64276
LR-11714,FRA-11714,4.75,COMMUNITY,SUR-77833
LR-11715,FRA-11715,4.09,COMMUNITY,SUR-53846
LR-11716,FRA-11716,2.51,REVENUE,SUR-42503
LR-11717,FRA-11717,0.68,FOREST,SUR-81826
LR-11718,FRA-11718,4.53,UNCLASSIFIED,SUR-53135
LR-11719,FRA-11719,3.75,UNCLASSIFIED,SUR-62403
LR-11720,FRA-11720,5.23,COMMUNITY,SUR-94923
LR-11721,FRA-11721,7.0,FOREST,SUR-19139
LR-11722,FRA-11722,1.98,FOREST,SUR-98198
LR-11723,FRA-11723,3.45,FOREST,SUR-79978
LR-11724,FRA-11724,0.74,FOREST,SUR-98417
LR-11725,FRA-11725,2.66,REVENUE,SUR-18324
LR-11726,FRA-11726,2.42,COMMUNITY,SUR-96335
LR-11727,FRA-11727,5.45,UNCLASSIFIED,SUR-94003
LR-11728,FRA-11728,7.08,REVENUE,SUR-95727
LR-11729,FRA-11729,0.83,COMMUNITY,SUR-15574
LR-11730,FRA-11730,4.53,UNCLASSIFIED,SUR-82124
LR-11731,FRA-11731,7.59,COMMUNITY,SUR-84048
LR-11732,FRA-11732,0.54,FOREST,SUR-32477
LR-11733,FRA-11733,4.6,REVENUE,SUR-65217
LR-11734,FRA-11734,5.36,FOREST,SUR-20646
LR-11735,FRA-11735,1.77,REVENUE,SUR-70100
LR-11736,FRA-11736,3.98,UNCLASSIFIED,SUR-10100
LR-11737,FRA-11737,2.93,UNCLASSIFIED,SUR-58131
LR-11738,FRA-11738,5.91,UNCLASSIFIED,SUR-75327
LR-11739,FRA-11739,1.52,UNCLASSIFIED,SUR-89209
LR-11740,FRA-11740,3.12,REVENUE,SUR-16618
LR-11741,FRA-11741,3.55,UNCLASSIFIED,SUR-33189
LR-11742,FRA-11742,7.29,UNCLASSIFIED,SUR-62404
LR-11743,FRA-11743,7.11,COMMUNITY,SUR-89692
LR-11744,FRA-11744,1.95,FOREST,SUR-10579
LR-11745,FRA-11745,3.58,REVENUE,SUR-14424
LR-11746,FRA-11746,1.29,UNCLASSIFIED,SUR-27353
LR-11747,FRA-11747,5.23,COMMUNITY,SUR-91406
LR-11748,FRA-11748,2.21,FOREST,SUR-91577
LR-11749,FRA-11749,7.96,REVENUE,SUR-10565
LR-11750,FRA-11750,4.92,REVENUE,SUR-95411
LR-11751,FRA-11751,7.35,REVENUE,SUR-73197
LR-11752,FRA-11752,4.11,FOREST,SUR-39590
LR-11753,FRA-11753,0.84,REVENUE,SUR-77585
LR-11754,FRA-11754,1.77,FOREST,SUR-45511
LR-11755,FRA-11755,7.11,UNCLASSIFIED,SUR-64203
LR-11756,FRA-11756,0.79,REVENUE,SUR-96168
LR-11757,FRA-11757,1.82,FOREST,SUR-55129
LR-11758,FRA-11758,6.98,REVENUE,SUR-88941
LR-11759,FRA-11759,3.68,FOREST,SUR-50826
LR-11760,FRA-11760,2.45,FOREST,SUR-99256
LR-11761,FRA-11761,1.47,FOREST,SUR-96516
LR-11762,FRA-11762,4.81,REVENUE,SUR-36702
LR-11763,FRA-11763,7.42,FOREST,SUR-66623
LR-11764,FRA-11764,7.2,FOREST,SUR-80890
LR-11765,FRA-11765,6.38,COMMUNITY,SUR-82554
LR-11766,FRA-11766,1.74,REVENUE,SUR-29233
LR-11767,FRA-11767,3.84,FOREST,SUR-79707
LR-11768,FRA-11768,5.78,COMMUNITY,SUR-65210
LR-11769,FRA-11769,3.34,COMMUNITY,SUR-40420
LR-11770,FRA-11770,0.59,UNCLASSIFIED,SUR-77755
LR-11771,FRA-11771,0.78,FOREST,SUR-94800
LR-11772,FRA-11772,1.45,REVENUE,SUR-93767
LR-11773,FRA-11773,1.57,COMMUNITY,SUR-40312
LR-11774,FRA-11774,0.88,UNCLASSIFIED,SUR-48702
LR-11775,FRA-11775,2.92,REVENUE,SUR-77344
LR-11776,FRA-11776,4.42,COMMUNITY,SUR-53276
LR-11777,FRA-11777,1.42,REVENUE,SUR-63528
LR-11778,FRA-11778,3.65,FOREST,SUR-27181
LR-11779,FRA-11779,0.67,FOREST,SUR-65464
LR-11780,FRA-11780,4.58,COMMUNITY,SUR-50316
LR-11781,FRA-11781,5.68,FOREST,SUR-51853
LR-11782,FRA-11782,5.21,COMMUNITY,SUR-63033
LR-11783,FRA-11783,2.33,UNCLASSIFIED,SUR-61902
LR-11784,FRA-11784,7.98,FOREST,SUR-94199
LR-11785,FRA-11785,3.89,UNCLASSIFIED,SUR-37879
LR-11786,FRA-11786,2.26,REVENUE,SUR-61745
LR-11787,FRA-11787,1.69,COMMUNITY,SUR-95420
LR-11788,FRA-11788,1.2,REVENUE,SUR-77667
LR-11789,FRA-11789,1.02,UNCLASSIFIED,SUR-53437
LR-11790,FRA-11790,3.18,FOREST,SUR-36442
LR-11791,FRA-11791,2.46,REVENUE,SUR-26814
LR-11792,FRA-11792,6.98,UNCLASSIFIED,SUR-13706
LR-11793,FRA-11793,3.02,REVENUE,SUR-92598
LR-11794,FRA-11794,5.86,UNCLASSIFIED,SUR-72028
LR-11795,FRA-11795,3.41,UNCLASSIFIED,SUR-35022
LR-11796,FRA-11796,1.31,COMMUNITY,SUR-87989
LR-11797,FRA-11797,5.66,FOREST,SUR-43775
LR-11798,FRA-11798,1.31,UNCLASSIFIED,SUR-67215
LR-11799,FRA-11799,3.09,FOREST,SUR-96577
LR-11800,FRA-11800,2.15,REVENUE,SUR-28018
LR-11801,FRA-11801,3.92,UNCLASSIFIED,SUR-18416
LR-11802,FRA-11802,3.87,COMMUNITY,SUR-18833
LR-11803,FRA-11803,5.85,COMMUNITY,SUR-61303
LR-11804,FRA-11804,6.05,UNCLASSIFIED,SUR-30206
LR-11805,FRA-11805,4.42,UNCLASSIFIED,SUR-52290
LR-11806,FRA-11806,2.52,COMMUNITY,SUR-74688
LR-11807,FRA-11807,2.31,UNCLASSIFIED,SUR-79593
LR-11808,FRA-11808,3.16,COMMUNITY,SUR-19006
LR-11809,FRA-11809,1.62,FOREST,SUR-77182
LR-11810,FRA-11810,0.88,COMMUNITY,SUR-30169
LR-11811,FRA-11811,5.76,COMMUNITY,SUR-19065
LR-11812,FRA-11812,0.99,UNCLASSIFIED,SUR-27685
LR-11813,FRA-11813,1.98,UNCLASSIFIED,SUR-36823
LR-11814,FRA-11814,4.68,COMMUNITY,SUR-86608
LR-11815,FRA-11815,1.75,REVENUE,SUR-21799
LR-11816,FRA-11816,2.67,REVENUE,SUR-22631
LR-11817,FRA-11817,3.92,COMMUNITY,SUR-78508
LR-11818,FRA-11818,5.14,FOREST,SUR-84783
LR-11819,FRA-11819,3.76,COMMUNITY,SUR-31724
LR-11820,FRA-11820,1.3,REVENUE,SUR-96140
LR-11821,FRA-11821,7.31,REVENUE,SUR-60001
LR-11822,FRA-11822,4.74,REVENUE,SUR-38844
LR-11823,FRA-11823,8.12,UNCLASSIFIED,SUR-51465
LR-11824,FRA-11824,5.44,FOREST,SUR-92197
LR-11825,FRA-11825,4.65,REVENUE,SUR-70656
LR-11826,FRA-11826,0.93,UNCLASSIFIED,SUR-31973
LR-11827,FRA-11827,3.5,UNCLASSIFIED,SUR-20390
LR-11828,FRA-11828,7.66,FOREST,SUR-30275
LR-11829,FRA-11829,6.39,UNCLASSIFIED,SUR-88117
LR-11830,FRA-11830,6.28,COMMUNITY,SUR-77027
LR-11831,FRA-11831,0.86,UNCLASSIFIED,SUR-77969
LR-11832,FRA-11832,3.93,REVENUE,SUR-23126
LR-11833,FRA-11833,5.04,REVENUE,SUR-77708
LR-11834,FRA-11834,2.16,FOREST,SUR-29973
LR-11835,FRA-11835,1.34,FOREST,SUR-14911
LR-11836,FRA-11836,0.93,COMMUNITY,SUR-56813
LR-11837,FRA-11837,5.95,COMMUNITY,SUR-12837
LR-11838,FRA-11838,2.09,UNCLASSIFIED,SUR-57979
LR-11839,FRA-11839,3.47,FOREST,SUR-27918
LR-11840,FRA-11840,1.77,COMMUNITY,SUR-19040
LR-11841,FRA-11841,3.59,UNCLASSIFIED,SUR-71727
LR-11842,FRA-11842,5.0,FOREST,SUR-65665
LR-11843,FRA-11843,1.7,COMMUNITY,SUR-22960
LR-11844,FRA-11844,7.21,UNCLASSIFIED,SUR-47722
LR-11845,FRA-11845,3.54,REVENUE,SUR-65673
LR-11846,FRA-11846,5.11,UNCLASSIFIED,SUR-70251
LR-11847,FRA-11847,6.88,COMMUNITY,SUR-32792
LR-11848,FRA-11848,5.86,UNCLASSIFIED,SUR-65492
LR-11849,FRA-11849,3.93,UNCLASSIFIED,SUR-25767
LR-11850,FRA-11850,6.31,COMMUNITY,SUR-28364
LR-11851,FRA-11851,3.83,COMMUNITY,SUR-94259
LR-11852,FRA-11852,1.88,FOREST,SUR-13450
LR-11853,FRA-11853,0.99,COMMUNITY,SUR-99567
LR-11854,FRA-11854,4.46,FOREST,SUR-43120
LR-11855,FRA-11855,5.33,UNCLASSIFIED,SUR-78941
LR-11856,FRA-11856,6.36,UNCLASSIFIED,SUR-65695
LR-11857,FRA-11857,0.81,REVENUE,SUR-86322
LR-11858,FRA-11858,3.95,FOREST,SUR-81931
LR-11859,FRA-11859,3.37,FOREST,SUR-28715
LR-11860,FRA-11860,5.97,FOREST,SUR-16919
LR-11861,FRA-11861,3.0,COMMUNITY,SUR-28101
LR-11862,FRA-11862,3.0,REVENUE,SUR-12502
LR-11863,FRA-11863,1.51,REVENUE,SUR-34142
LR-11864,FRA-11864,7.79,COMMUNITY,SUR-37403
LR-11865,FRA-11865,1.78,COMMUNITY,SUR-53979
LR-11866,FRA-11866,1.81,COMMUNITY,SUR-86500
LR-11867,FRA-11867,6.86,UNCLASSIFIED,SUR-91933
LR-11868,FRA-11868,5.29,REVENUE,SUR-60285
LR-11869,FRA-11869,1.45,FOREST,SUR-91210
LR-11870,FRA-11870,2.43,COMMUNITY,SUR-61617
LR-11871,FRA-11871,5.77,COMMUNITY,SUR-42747
LR-11872,FRA-11872,6.85,UNCLASSIFIED,SUR-94523
LR-11873,FRA-11873,2.05,UNCLASSIFIED,SUR-42289
LR-11874,FRA-11874,4.29,FOREST,SUR-64431
LR-11875,FRA-11875,1.3,REVENUE,SUR-13030
LR-11876,FRA-11876,1.79,UNCLASSIFIED,SUR-82599
LR-11877,FRA-11877,1.89,COMMUNITY,SUR-67936
LR-11878,FRA-11878,4.96,UNCLASSIFIED,SUR-36884
LR-11879,FRA-11879,2.16,REVENUE,SUR-94152
LR-11880,FRA-11880,3.74,COMMUNITY,SUR-38924
LR-11881,FRA-11881,3.17,COMMUNITY,SUR-86690
LR-11882,FRA-11882,4.07,COMMUNITY,SUR-79924
LR-11883,FRA-11883,5.2,REVENUE,SUR-14941
LR-11884,FRA-11884,7.71,FOREST,SUR-16233
LR-11885,FRA-11885,4.58,FOREST,SUR-19483
LR-11886,FRA-11886,6.36,COMMUNITY,SUR-30438
LR-11887,FRA-11887,4.28,FOREST,SUR-36923
LR-11888,FRA-11888,7.14,FOREST,SUR-86410
LR-11889,FRA-11889,7.3,FOREST,SUR-47922
LR-11890,FRA-11890,1.49,UNCLASSIFIED,SUR-76856
LR-11891,FRA-11891,1.02,FOREST,SUR-96195
LR-11892,FRA-11892,4.87,FOREST,SUR-53976
LR-11893,FRA-11893,5.23,COMMUNITY,SUR-33003
LR-11894,FRA-11894,4.95,COMMUNITY,SUR-78235
LR-11895,FRA-11895,7.78,COMMUNITY,SUR-66713
LR-11896,FRA-11896,3.15,FOREST,SUR-69727
LR-11897,FRA-11897,3.05,COMMUNITY,SUR-24579
LR-11898,FRA-11898,7.39,FOREST,SUR-10674
LR-11899,FRA-11899,6.03,FOREST,SUR-25953
LR-11900,FRA-11900,1.67,REVENUE,SUR-56912
LR-11901,FRA-11901,0.8,COMMUNITY,SUR-23340
LR-11902,FRA-11902,7.01,REVENUE,SUR-94296
LR-11903,FRA-11903,1.39,UNCLASSIFIED,SUR-78706
LR-11904,FRA-11904,6.6,COMMUNITY,SUR-20118
LR-11905,FRA-11905,7.59,UNCLASSIFIED,SUR-47727
LR-11906,FRA-11906,4.63,FOREST,SUR-98301
LR-11907,FRA-11907,2.16,UNCLASSIFIED,SUR-88153
LR-11908,FRA-11908,3.0,COMMUNITY,SUR-34454
LR-11909,FRA-11909,5.3,UNCLASSIFIED,SUR-11936
LR-11910,FRA-11910,0.51,COMMUNITY,SUR-28861
LR-11911,FRA-11911,2.84,COMMUNITY,SUR-35487
LR-11912,FRA-11912,2.44,FOREST,SUR-79665
LR-11913,FRA-11913,2.04,REVENUE,SUR-50345
LR-11914,FRA-11914,1.28,FOREST,SUR-60354
LR-11915,FRA-11915,1.67,COMMUNITY,SUR-98559
LR-11916,FRA-11916,5.5,FOREST,SUR-28326
LR-11917,FRA-11917,1.63,FOREST,SUR-49588
LR-11918,FRA-11918,1.39,REVENUE,SUR-72238
LR-11919,FRA-11919,0.7,COMMUNITY,SUR-79682
LR-11920,FRA-11920,5.03,REVENUE,SUR-74147
LR-11921,FRA-11921,0.66,REVENUE,SUR-54631
LR-11922,FRA-11922,7.35,REVENUE,SUR-39740
LR-11923,FRA-11923,5.54,FOREST,SUR-47337
LR-11924,FRA-11924,0.61,FOREST,SUR-20522
LR-11925,FRA-11925,3.37,FOREST,SUR-26386
LR-11926,FRA-11926,4.43,REVENUE,SUR-42231
LR-11927,FRA-11927,3.48,REVENUE,SUR-99647
LR-11928,FRA-11928,1.58,REVENUE,SUR-75271
LR-11929,FRA-11929,0.6,REVENUE,SUR-84684
LR-11930,FRA-11930,5.34,UNCLASSIFIED,SUR-59805
LR-11931,FRA-11931,2.37,FOREST,SUR-54672
LR-11932,FRA-11932,7.19,COMMUNITY,SUR-34115
LR-11933,FRA-11933,6.36,REVENUE,SUR-74095
LR-11934,FRA-11934,3.87,REVENUE,SUR-46527
LR-11935,FRA-11935,1.18,UNCLASSIFIED,SUR-52859
LR-11936,FRA-11936,5.71,REVENUE,SUR-88286
LR-11937,FRA-11937,5.3,COMMUNITY,SUR-10572
LR-11938,FRA-11938,4.76,UNCLASSIFIED,SUR-84348
LR-11939,FRA-11939,5.25,COMMUNITY,SUR-69347
LR-11940,FRA-11940,0.91,UNCLASSIFIED,SUR-62455
LR-11941,FRA-11941,1.6,FOREST,SUR-18829
LR-11942,FRA-11942,7.17,COMMUNITY,SUR-81190
LR-11943,FRA-11943,4.35,UNCLASSIFIED,SUR-75374
LR-11944,FRA-11944,5.53,FOREST,SUR-83700
LR-11945,FRA-11945,6.45,REVENUE,SUR-59047
LR-11946,FRA-11946,1.26,FOREST,SUR-38408
LR-11947,FRA-11947,2.19,UNCLASSIFIED,SUR-76711
LR-11948,FRA-11948,4.82,COMMUNITY,SUR-76281
LR-11949,FRA-11949,3.66,UNCLASSIFIED,SUR-81947
LR-11950,FRA-11950,7.29,REVENUE,SUR-73403
LR-11951,FRA-11951,3.58,UNCLASSIFIED,SUR-60512
LR-11952,FRA-11952,1.91,COMMUNITY,SUR-80295
LR-11953,FRA-11953,4.73,REVENUE,SUR-42435
LR-11954,FRA-11954,3.41,FOREST,SUR-18720
LR-11955,FRA-11955,4.57,FOREST,SUR-29873
LR-11956,FRA-11956,3.92,COMMUNITY,SUR-19126
LR-11957,FRA-11957,1.41,UNCLASSIFIED,SUR-34961
LR-11958,FRA-11958,5.34,REVENUE,SUR-73410
LR-11959,FRA-11959,6.91,UNCLASSIFIED,SUR-36007
LR-11960,FRA-11960,1.08,COMMUNITY,SUR-74075
LR-11961,FRA-11961,1.19,UNCLASSIFIED,SUR-24199
LR-11962,FRA-11962,6.03,REVENUE,SUR-35529
LR-11963,FRA-11963,1.75,COMMUNITY,SUR-35726
LR-11964,FRA-11964,6.69,FOREST,SUR-70116
LR-11965,FRA-11965,0.81,FOREST,SUR-22606
LR-11966,FRA-11966,0.56,COMMUNITY,SUR-71436
LR-11967,FRA-11967,2.82,REVENUE,SUR-24129
LR-11968,FRA-11968,2.4,COMMUNITY,SUR-98968
LR-11969,FRA-11969,7.89,COMMUNITY,SUR-29169
LR-11970,FRA-11970,6.86,FOREST,SUR-15163
LR-11971,FRA-11971,4.6,COMMUNITY,SUR-21274
LR-11972,FRA-11972,1.62,REVENUE,SUR-40732
LR-11973,FRA-11973,6.0,FOREST,SUR-14943
LR-11974,FRA-11974,4.55,FOREST,SUR-32739
LR-11975,FRA-11975,4.77,REVENUE,SUR-16470
LR-11976,FRA-11976,6.02,FOREST,SUR-28393
LR-11977,FRA-11977,6.57,REVENUE,SUR-19653
LR-11978,FRA-11978,2.13,UNCLASSIFIED,SUR-91098
LR-11979,FRA-11979,2.81,COMMUNITY,SUR-94887
LR-11980,FRA-11980,6.83,REVENUE,SUR-63630
LR-11981,FRA-11981,1.16,UNCLASSIFIED,SUR-32530
LR-11982,FRA-11982,6.58,FOREST,SUR-61796
LR-11983,FRA-11983,4.92,FOREST,SUR-27770
LR-11984,FRA-11984,2.89,COMMUNITY,SUR-79756
LR-11985,FRA-11985,5.77,REVENUE,SUR-84928
LR-11986,FRA-11986,3.54,COMMUNITY,SUR-78889
LR-11987,FRA-11987,5.46,UNCLASSIFIED,SUR-55820
LR-11988,FRA-11988,1.49,FOREST,SUR-18363
LR-11989,FRA-11989,1.8,REVENUE,SUR-31240
LR-11990,FRA-11990,4.51,REVENUE,SUR-12596
LR-11991,FRA-11991,2.5,COMMUNITY,SUR-13261
LR-11992,FRA-11992,5.01,UNCLASSIFIED,SUR-43516
LR-11993,FRA-11993,5.01,UNCLASSIFIED,SUR-95893
LR-11994,FRA-11994,7.29,COMMUNITY,SUR-83605
LR-11995,FRA-11995,3.44,COMMUNITY,SUR-77840
LR-11996,FRA-11996,3.14,UNCLASSIFIED,SUR-89964
LR-11997,FRA-11997,7.1,FOREST,SUR-50055
LR-11998,FRA-11998,2.44,REVENUE,SUR-84336
LR-11999,FRA-11999,1.63,FOREST,SUR-41678
LR-12000,FRA-12000,1.2,COMMUNITY,SUR-13035
LR-12001,FRA-12001,2.0,REVENUE,SUR-39333
LR-12002,FRA-12002,1.1,FOREST,SUR-46014
LR-12003,FRA-12003,2.44,COMMUNITY,SUR-24550
LR-12004,FRA-12004,4.67,UNCLASSIFIED,SUR-15371
LR-12005,FRA-12005,1.17,REVENUE,SUR-69474
LR-12006,FRA-12006,4.2,REVENUE,SUR-21386
LR-12007,FRA-12007,6.09,UNCLASSIFIED,SUR-13767
LR-12008,FRA-12008,1.68,UNCLASSIFIED,SUR-41522
LR-12009,FRA-12009,6.34,REVENUE,SUR-26389
LR-12010,FRA-12010,1.83,FOREST,SUR-50445
LR-12011,FRA-12011,1.51,FOREST,SUR-99066
LR-12012,FRA-12012,2.35,FOREST,SUR-24444
LR-12013,FRA-12013,2.52,REVENUE,SUR-67131
LR-12014,FRA-12014,4.99,COMMUNITY,SUR-12070
LR-12015,FRA-12015,1.5,REVENUE,SUR-31197
LR-12016,FRA-12016,0.88,REVENUE,SUR-62044
LR-12017,FRA-12017,5.81,UNCLASSIFIED,SUR-10128
LR-12018,FRA-12018,6.34,REVENUE,SUR-94698
LR-12019,FRA-12019,2.19,UNCLASSIFIED,SUR-69321
LR-12020,FRA-12020,0.57,COMMUNITY,SUR-49006
LR-12021,FRA-12021,3.59,REVENUE,SUR-68511
LR-12022,FRA-12022,2.23,REVENUE,SUR-80178
LR-12023,FRA-12023,6.35,FOREST,SUR-93515
LR-12024,FRA-12024,5.59,UNCLASSIFIED,SUR-88673
LR-12025,FRA-12025,4.04,FOREST,SUR-16600
LR-12026,FRA-12026,3.3,REVENUE,SUR-38402
LR-12027,FRA-12027,6.44,COMMUNITY,SUR-57627
LR-12028,FRA-12028,3.14,UNCLASSIFIED,SUR-99699
LR-12029,FRA-12029,6.3,UNCLASSIFIED,SUR-60027
LR-12030,FRA-12030,4.08,COMMUNITY,SUR-16099
LR-12031,FRA-12031,3.06,UNCLASSIFIED,SUR-36842
LR-12032,FRA-12032,6.29,FOREST,SUR-59098
LR-12033,FRA-12033,5.61,COMMUNITY,SUR-60895
LR-12034,FRA-12034,3.72,FOREST,SUR-46477
LR-12035,FRA-12035,5.99,REVENUE,SUR-87838
LR-12036,FRA-12036,1.97,REVENUE,SUR-85891
LR-12037,FRA-12037,2.4,UNCLASSIFIED,SUR-95459
LR-12038,FRA-12038,2.36,COMMUNITY,SUR-31132
LR-12039,FRA-12039,7.03,FOREST,SUR-11233
LR-12040,FRA-12040,6.36,COMMUNITY,SUR-56189
LR-12041,FRA-12041,4.94,REVENUE,SUR-78885
LR-12042,FRA-12042,4.67,FOREST,SUR-75482
LR-12043,FRA-12043,3.49,REVENUE,SUR-20077
LR-12044,FRA-12044,5.59,REVENUE,SUR-88823
LR-12045,FRA-12045,2.95,FOREST,SUR-30073
LR-12046,FRA-12046,7.45,FOREST,SUR-88669
LR-12047,FRA-12047,6.33,FOREST,SUR-33880
LR-12048,FRA-12048,2.23,COMMUNITY,SUR-51725
LR-12049,FRA-12049,2.4,COMMUNITY,SUR-91495
LR-12050,FRA-12050,6.29,REVENUE,SUR-24104
LR-12051,FRA-12051,7.88,REVENUE,SUR-91487
LR-12052,FRA-12052,1.48,COMMUNITY,SUR-27380
LR-12053,FRA-12053,5.54,REVENUE,SUR-34225
LR-12054,FRA-12054,6.58,COMMUNITY,SUR-30355
LR-12055,FRA-12055,5.42,FOREST,SUR-97596
LR-12056,FRA-12056,7.14,COMMUNITY,SUR-35218
LR-12057,FRA-12057,0.75,FOREST,SUR-76659
LR-12058,FRA-12058,5.04,REVENUE,SUR-14618
LR-12059,FRA-12059,1.32,REVENUE,SUR-40371
LR-12060,FRA-12060,6.79,REVENUE,SUR-50048
LR-12061,FRA-12061,3.34,COMMUNITY,SUR-98414
LR-12062,FRA-12062,3.7,COMMUNITY,SUR-14886
LR-12063,FRA-12063,2.65,COMMUNITY,SUR-55026
LR-12064,FRA-12064,6.43,COMMUNITY,SUR-89793
LR-12065,FRA-12065,3.83,UNCLASSIFIED,SUR-63065
LR-12066,FRA-12066,1.82,UNCLASSIFIED,SUR-37822
LR-12067,FRA-12067,3.48,UNCLASSIFIED,SUR-12149
LR-12068,FRA-12068,7.17,FOREST,SUR-20589
LR-12069,FRA-12069,2.95,COMMUNITY,SUR-20036
LR-12070,FRA-12070,3.95,COMMUNITY,SUR-37195
LR-12071,FRA-12071,3.06,COMMUNITY,SUR-63603
LR-12072,FRA-12072,0.86,UNCLASSIFIED,SUR-19450
LR-12073,FRA-12073,2.49,COMMUNITY,SUR-74291
LR-12074,FRA-12074,7.24,REVENUE,SUR-63373
LR-12075,FRA-12075,4.05,REVENUE,SUR-67576
LR-12076,FRA-12076,6.17,UNCLASSIFIED,SUR-70249
LR-12077,FRA-12077,2.73,COMMUNITY,SUR-37693
LR-12078,FRA-12078,5.66,REVENUE,SUR-58599
LR-12079,FRA-12079,7.3,UNCLASSIFIED,SUR-32683
LR-12080,FRA-12080,4.56,UNCLASSIFIED,SUR-74998
LR-12081,FRA-12081,2.48,COMMUNITY,SUR-34937
LR-12082,FRA-12082,5.76,COMMUNITY,SUR-29699
LR-12083,FRA-12083,3.57,REVENUE,SUR-17785
LR-12084,FRA-12084,6.95,REVENUE,SUR-41741
LR-12085,FRA-12085,6.49,REVENUE,SUR-63951
LR-12086,FRA-12086,7.21,FOREST,SUR-17855
LR-12087,FRA-12087,3.34,UNCLASSIFIED,SUR-51203
LR-12088,FRA-12088,2.2,UNCLASSIFIED,SUR-68809
LR-12089,FRA-12089,3.74,UNCLASSIFIED,SUR-81769
LR-12090,FRA-12090,3.69,COMMUNITY,SUR-31505
LR-12091,FRA-12091,5.63,UNCLASSIFIED,SUR-99182
LR-12092,FRA-12092,2.29,FOREST,SUR-50413
LR-12093,FRA-12093,6.37,UNCLASSIFIED,SUR-49220
LR-12094,FRA-12094,2.26,REVENUE,SUR-76132
LR-12095,FRA-12095,6.14,UNCLASSIFIED,SUR-49642
LR-12096,FRA-12096,3.98,UNCLASSIFIED,SUR-51717
LR-12097,FRA-12097,4.51,COMMUNITY,SUR-91607
LR-12098,FRA-12098,7.29,COMMUNITY,SUR-57317
LR-12099,FRA-12099,4.01,FOREST,SUR-87017
LR-12100,FRA-12100,1.38,FOREST,SUR-43842
LR-12101,FRA-12101,6.74,REVENUE,SUR-16818
LR-12102,FRA-12102,2.78,UNCLASSIFIED,SUR-21550
LR-12103,FRA-12103,1.79,COMMUNITY,SUR-48906
LR-12104,FRA-12104,0.9,COMMUNITY,SUR-51912
LR-12105,FRA-12105,6.17,FOREST,SUR-28528
LR-12106,FRA-12106,0.86,FOREST,SUR-64965
LR-12107,FRA-12107,0.95,COMMUNITY,SUR-27563
LR-12108,FRA-12108,1.44,UNCLASSIFIED,SUR-32347
LR-12109,FRA-12109,2.07,FOREST,SUR-10508
LR-12110,FRA-12110,1.35,REVENUE,SUR-13998
LR-12111,FRA-12111,3.86,REVENUE,SUR-89961
LR-12112,FRA-12112,5.45,UNCLASSIFIED,SUR-12088
LR-12113,FRA-12113,6.96,COMMUNITY,SUR-69133
LR-12114,FRA-12114,5.32,COMMUNITY,SUR-67101
LR-12115,FRA-12115,4.96,UNCLASSIFIED,SUR-59927
LR-12116,FRA-12116,2.05,FOREST,SUR-21558
LR-12117,FRA-12117,6.34,FOREST,SUR-38091
LR-12118,FRA-12118,7.86,REVENUE,SUR-84650
LR-12119,FRA-12119,3.89,REVENUE,SUR-87139
LR-12120,FRA-12120,0.91,COMMUNITY,SUR-76916
LR-12121,FRA-12121,6.22,REVENUE,SUR-30820
LR-12122,FRA-12122,2.0,COMMUNITY,SUR-65980
LR-12123,FRA-12123,3.48,REVENUE,SUR-72866
LR-12124,FRA-12124,1.5,COMMUNITY,SUR-88603
LR-12125,FRA-12125,4.39,COMMUNITY,SUR-79017
LR-12126,FRA-12126,5.61,COMMUNITY,SUR-90363
LR-12127,FRA-12127,5.03,UNCLASSIFIED,SUR-41140
LR-12128,FRA-12128,6.16,FOREST,SUR-21254
LR-12129,FRA-12129,6.83,COMMUNITY,SUR-96876
LR-12130,FRA-12130,5.29,FOREST,SUR-45991
LR-12131,FRA-12131,6.45,UNCLASSIFIED,SUR-62460
LR-12132,FRA-12132,3.28,UNCLASSIFIED,SUR-73511
LR-12133,FRA-12133,5.6,COMMUNITY,SUR-91795
LR-12134,FRA-12134,7.56,FOREST,SUR-32375
LR-12135,FRA-12135,2.11,FOREST,SUR-30803
LR-12136,FRA-12136,3.99,FOREST,SUR-72979
LR-12137,FRA-12137,4.36,REVENUE,SUR-85050
LR-12138,FRA-12138,1.88,REVENUE,SUR-77810
LR-12139,FRA-12139,3.6,COMMUNITY,SUR-49713
LR-12140,FRA-12140,6.32,UNCLASSIFIED,SUR-83882
LR-12141,FRA-12141,5.27,FOREST,SUR-55321
LR-12142,FRA-12142,0.79,COMMUNITY,SUR-90551
LR-12143,FRA-12143,4.16,UNCLASSIFIED,SUR-43365
LR-12144,FRA-12144,1.19,REVENUE,SUR-41167
LR-12145,FRA-12145,0.64,UNCLASSIFIED,SUR-88355
LR-12146,FRA-12146,0.85,REVENUE,SUR-63810
LR-12147,FRA-12147,0.46,FOREST,SUR-43355
LR-12148,FRA-12148,2.44,REVENUE,SUR-75446
LR-12149,FRA-12149,0.68,FOREST,SUR-96383
LR-12150,FRA-12150,3.32,REVENUE,SUR-79337
LR-12151,FRA-12151,5.84,UNCLASSIFIED,SUR-68349
LR-12152,FRA-12152,7.64,UNCLASSIFIED,SUR-15960
LR-12153,FRA-12153,2.31,REVENUE,SUR-90228
LR-12154,FRA-12154,6.41,UNCLASSIFIED,SUR-98129
LR-12155,FRA-12155,3.9,REVENUE,SUR-97498
LR-12156,FRA-12156,3.21,REVENUE,SUR-54919
LR-12157,FRA-12157,5.77,FOREST,SUR-21594
LR-12158,FRA-12158,2.48,FOREST,SUR-86753
LR-12159,FRA-12159,4.86,COMMUNITY,SUR-59485
LR-12160,FRA-12160,2.42,COMMUNITY,SUR-21184
LR-12161,FRA-12161,2.76,REVENUE,SUR-68269
LR-12162,FRA-12162,7.44,FOREST,SUR-44214
LR-12163,FRA-12163,6.65,FOREST,SUR-35637
LR-12164,FRA-12164,6.63,UNCLASSIFIED,SUR-24209
LR-12165,FRA-12165,4.11,UNCLASSIFIED,SUR-29304
LR-12166,FRA-12166,0.82,REVENUE,SUR-60740
LR-12167,FRA-12167,3.51,REVENUE,SUR-89852
LR-12168,FRA-12168,7.8,REVENUE,SUR-54078
LR-12169,FRA-12169,4.69,REVENUE,SUR-85966
LR-12170,FRA-12170,8.01,REVENUE,SUR-54686
LR-12171,FRA-12171,4.98,COMMUNITY,SUR-77423
LR-12172,FRA-12172,6.02,FOREST,SUR-10558
LR-12173,FRA-12173,1.07,COMMUNITY,SUR-26006
LR-12174,FRA-12174,6.87,UNCLASSIFIED,SUR-84221
LR-12175,FRA-12175,4.09,UNCLASSIFIED,SUR-17468
LR-12176,FRA-12176,3.1,COMMUNITY,SUR-37372
LR-12177,FRA-12177,5.98,FOREST,SUR-60826
LR-12178,FRA-12178,5.4,REVENUE,SUR-15846
LR-12179,FRA-12179,6.78,COMMUNITY,SUR-25245
LR-12180,FRA-12180,0.78,FOREST,SUR-55146
LR-12181,FRA-12181,0.88,COMMUNITY,SUR-72563
LR-12182,FRA-12182,3.55,COMMUNITY,SUR-70468
LR-12183,FRA-12183,5.24,REVENUE,SUR-86017
LR-12184,FRA-12184,7.02,REVENUE,SUR-95190
LR-12185,FRA-12185,4.17,COMMUNITY,SUR-71392
LR-12186,FRA-12186,3.24,FOREST,SUR-97828
LR-12187,FRA-12187,1.4,REVENUE,SUR-47672
LR-12188,FRA-12188,5.98,UNCLASSIFIED,SUR-13608
LR-12189,FRA-12189,7.08,UNCLASSIFIED,SUR-52351
LR-12190,FRA-12190,2.34,COMMUNITY,SUR-79607
LR-12191,FRA-12191,1.36,COMMUNITY,SUR-31852
LR-12192,FRA-12192,0.79,COMMUNITY,SUR-53649
LR-12193,FRA-12193,4.68,REVENUE,SUR-32122
LR-12194,FRA-12194,7.2,REVENUE,SUR-87577
LR-12195,FRA-12195,4.31,COMMUNITY,SUR-30644
LR-12196,FRA-12196,6.44,FOREST,SUR-40730
LR-12197,FRA-12197,0.59,FOREST,SUR-29669
LR-12198,FRA-12198,5.76,UNCLASSIFIED,SUR-91200
LR-12199,FRA-12199,1.45,UNCLASSIFIED,SUR-99252
LR-12200,FRA-12200,6.73,REVENUE,SUR-36432
LR-12201,FRA-12201,7.29,FOREST,SUR-21524
LR-12202,FRA-12202,1.47,FOREST,SUR-91390
LR-12203,FRA-12203,3.71,FOREST,SUR-84902
LR-12204,FRA-12204,5.43,FOREST,SUR-45212
LR-12205,FRA-12205,4.53,FOREST,SUR-20135
LR-12206,FRA-12206,5.24,FOREST,SUR-50602
LR-12207,FRA-12207,3.44,FOREST,SUR-33306
LR-12208,FRA-12208,3.92,REVENUE,SUR-43801
LR-12209,FRA-12209,2.88,COMMUNITY,SUR-72462
LR-12210,FRA-12210,7.43,FOREST,SUR-39673
LR-12211,FRA-12211,4.15,FOREST,SUR-88827
LR-12212,FRA-12212,1.51,REVENUE,SUR-26500
LR-12213,FRA-12213,5.94,FOREST,SUR-23140
LR-12214,FRA-12214,4.04,COMMUNITY,SUR-65194
LR-12215,FRA-12215,1.43,COMMUNITY,SUR-68769
LR-12216,FRA-12216,6.54,UNCLASSIFIED,SUR-72477
LR-12217,FRA-12217,1.71,REVENUE,SUR-62780
LR-12218,FRA-12218,4.84,UNCLASSIFIED,SUR-18854
LR-12219,FRA-12219,6.86,REVENUE,SUR-94056
LR-12220,FRA-12220,5.26,REVENUE,SUR-91523
LR-12221,FRA-12221,0.61,COMMUNITY,SUR-32874
LR-12222,FRA-12222,2.41,UNCLASSIFIED,SUR-40466
LR-12223,FRA-12223,1.74,UNCLASSIFIED,SUR-43226
LR-12224,FRA-12224,0.85,REVENUE,SUR-42576
LR-12225,FRA-12225,1.22,COMMUNITY,SUR-93106
LR-12226,FRA-12226,2.89,COMMUNITY,SUR-21482
LR-12227,FRA-12227,4.06,FOREST,SUR-55782
LR-12228,FRA-12228,2.03,COMMUNITY,SUR-56916
LR-12229,FRA-12229,7.65,UNCLASSIFIED,SUR-25771
LR-12230,FRA-12230,1.06,FOREST,SUR-70057
LR-12231,FRA-12231,5.04,UNCLASSIFIED,SUR-70369
LR-12232,FRA-12232,7.17,FOREST,SUR-47293
LR-12233,FRA-12233,1.66,FOREST,SUR-46837
LR-12234,FRA-12234,4.25,COMMUNITY,SUR-65111
LR-12235,FRA-12235,8.06,FOREST,SUR-11576
LR-12236,FRA-12236,0.74,REVENUE,SUR-92873
LR-12237,FRA-12237,4.41,UNCLASSIFIED,SUR-89122
LR-12238,FRA-12238,1.19,COMMUNITY,SUR-60794
LR-12239,FRA-12239,4.2,UNCLASSIFIED,SUR-23235
LR-12240,FRA-12240,4.83,FOREST,SUR-76031
LR-12241,FRA-12241,0.7,REVENUE,SUR-41486
LR-12242,FRA-12242,5.11,REVENUE,SUR-64484
LR-12243,FRA-12243,6.35,COMMUNITY,SUR-54173
LR-12244,FRA-12244,7.75,REVENUE,SUR-84452
LR-12245,FRA-12245,3.87,COMMUNITY,SUR-42601
LR-12246,FRA-12246,1.03,FOREST,SUR-74450
LR-12247,FRA-12247,5.05,UNCLASSIFIED,SUR-35513
LR-12248,FRA-12248,2.93,REVENUE,SUR-14896
LR-12249,FRA-12249,5.88,FOREST,SUR-44392
LR-12250,FRA-12250,6.95,FOREST,SUR-33552
LR-12251,FRA-12251,0.9,FOREST,SUR-52779
LR-12252,FRA-12252,6.78,COMMUNITY,SUR-82787
LR-12253,FRA-12253,1.06,FOREST,SUR-24401
LR-12254,FRA-12254,4.5,UNCLASSIFIED,SUR-10839
LR-12255,FRA-12255,4.37,REVENUE,SUR-51330
LR-12256,FRA-12256,2.7,FOREST,SUR-38894
LR-12257,FRA-12257,1.33,FOREST,SUR-54801
LR-12258,FRA-12258,4.41,COMMUNITY,SUR-16260
LR-12259,FRA-12259,4.05,UNCLASSIFIED,SUR-45620
LR-12260,FRA-12260,5.3,REVENUE,SUR-38153
LR-12261,FRA-12261,0.55,COMMUNITY,SUR-21660
LR-12262,FRA-12262,2.1,FOREST,SUR-55571
LR-12263,FRA-12263,0.69,REVENUE,SUR-52220
LR-12264,FRA-12264,2.46,UNCLASSIFIED,SUR-93306
LR-12265,FRA-12265,4.25,UNCLASSIFIED,SUR-71411
LR-12266,FRA-12266,4.04,FOREST,SUR-68215
LR-12267,FRA-12267,1.72,FOREST,SUR-45133
LR-12268,FRA-12268,6.62,COMMUNITY,SUR-96978
LR-12269,FRA-12269,1.68,REVENUE,SUR-40688
LR-12270,FRA-12270,5.23,UNCLASSIFIED,SUR-24636
LR-12271,FRA-12271,7.42,COMMUNITY,SUR-76396
LR-12272,FRA-12272,3.05,REVENUE,SUR-72804
LR-12273,FRA-12273,1.13,UNCLASSIFIED,SUR-89817
LR-12274,FRA-12274,4.29,FOREST,SUR-60932
LR-12275,FRA-12275,1.97,UNCLASSIFIED,SUR-12041
LR-12276,FRA-12276,4.25,UNCLASSIFIED,SUR-22983
LR-12277,FRA-12277,2.89,UNCLASSIFIED,SUR-17024
LR-12278,FRA-12278,5.7,UNCLASSIFIED,SUR-35234
LR-12279,FRA-12279,1.41,REVENUE,SUR-95871
LR-12280,FRA-12280,4.36,UNCLASSIFIED,SUR-72661
LR-12281,FRA-12281,5.38,REVENUE,SUR-92330
LR-12282,FRA-12282,1.61,REVENUE,SUR-20696
LR-12283,FRA-12283,5.26,UNCLASSIFIED,SUR-44314
LR-12284,FRA-12284,4.07,UNCLASSIFIED,SUR-45902
LR-12285,FRA-12285,4.47,REVENUE,SUR-93239
LR-12286,FRA-12286,6.7,COMMUNITY,SUR-31681
LR-12287,FRA-12287,2.7,UNCLASSIFIED,SUR-76492
LR-12288,FRA-12288,0.8,UNCLASSIFIED,SUR-21163
LR-12289,FRA-12289,5.08,FOREST,SUR-32509
LR-12290,FRA-12290,3.21,UNCLASSIFIED,SUR-61808
LR-12291,FRA-12291,1.42,UNCLASSIFIED,SUR-71395
LR-12292,FRA-12292,4.78,FOREST,SUR-83967
LR-12293,FRA-12293,0.98,UNCLASSIFIED,SUR-29453
LR-12294,FRA-12294,1.22,FOREST,SUR-11889
LR-12295,FRA-12295,7.65,REVENUE,SUR-77014
LR-12296,FRA-12296,1.37,UNCLASSIFIED,SUR-40084
LR-12297,FRA-12297,2.89,FOREST,SUR-82143
LR-12298,FRA-12298,5.18,UNCLASSIFIED,SUR-52761
LR-12299,FRA-12299,1.2,FOREST,SUR-91060
LR-12300,FRA-12300,6.59,REVENUE,SUR-41539
LR-12301,FRA-12301,5.38,REVENUE,SUR-69886
LR-12302,FRA-12302,6.76,UNCLASSIFIED,SUR-38981
LR-12303,FRA-12303,4.73,COMMUNITY,SUR-46496
LR-12304,FRA-12304,2.4,COMMUNITY,SUR-82393
LR-12305,FRA-12305,2.7,REVENUE,SUR-48760
LR-12306,FRA-12306,5.18,REVENUE,SUR-26012
LR-12307,FRA-12307,1.72,REVENUE,SUR-69772
LR-12308,FRA-12308,0.93,COMMUNITY,SUR-98652
LR-12309,FRA-12309,7.48,UNCLASSIFIED,SUR-68369
LR-12310,FRA-12310,1.08,COMMUNITY,SUR-57021
LR-12311,FRA-12311,2.45,COMMUNITY,SUR-53054
LR-12312,FRA-12312,3.0,FOREST,SUR-24021
LR-12313,FRA-12313,0.61,COMMUNITY,SUR-52616
LR-12314,FRA-12314,8.05,FOREST,SUR-55695
LR-12315,FRA-12315,5.76,UNCLASSIFIED,SUR-66704
LR-12316,FRA-12316,4.34,UNCLASSIFIED,SUR-23871
LR-12317,FRA-12317,5.99,UNCLASSIFIED,SUR-16375
LR-12318,FRA-12318,4.18,UNCLASSIFIED,SUR-77178
LR-12319,FRA-12319,4.03,FOREST,SUR-71638
LR-12320,FRA-12320,2.5,FOREST,SUR-15664
LR-12321,FRA-12321,3.44,COMMUNITY,SUR-84454
LR-12322,FRA-12322,3.05,FOREST,SUR-70563
LR-12323,FRA-12323,4.07,UNCLASSIFIED,SUR-97293
LR-12324,FRA-12324,2.02,UNCLASSIFIED,SUR-95479
LR-12325,FRA-12325,3.52,FOREST,SUR-74478
LR-12326,FRA-12326,1.99,COMMUNITY,SUR-27025
LR-12327,FRA-12327,1.21,COMMUNITY,SUR-35633
LR-12328,FRA-12328,1.38,REVENUE,SUR-42200
LR-12329,FRA-12329,0.7,REVENUE,SUR-14816
LR-12330,FRA-12330,7.34,UNCLASSIFIED,SUR-61331
LR-12331,FRA-12331,5.11,UNCLASSIFIED,SUR-23548
LR-12332,FRA-12332,2.29,COMMUNITY,SUR-42549
LR-12333,FRA-12333,7.45,UNCLASSIFIED,SUR-10867
LR-12334,FRA-12334,6.03,FOREST,SUR-44452
LR-12335,FRA-12335,4.78,FOREST,SUR-34083
LR-12336,FRA-12336,2.74,UNCLASSIFIED,SUR-13113
LR-12337,FRA-12337,0.91,UNCLASSIFIED,SUR-31442
LR-12338,FRA-12338,2.29,FOREST,SUR-88154
LR-12339,FRA-12339,0.49,FOREST,SUR-17294
LR-12340,FRA-12340,5.67,UNCLASSIFIED,SUR-31825
LR-12341,FRA-12341,5.58,UNCLASSIFIED,SUR-85618
LR-12342,FRA-12342,4.05,UNCLASSIFIED,SUR-12549
LR-12343,FRA-12343,5.36,REVENUE,SUR-69381
LR-12344,FRA-12344,4.08,COMMUNITY,SUR-72724
LR-12345,FRA-12345,1.56,COMMUNITY,SUR-30324
LR-12346,FRA-12346,2.08,COMMUNITY,SUR-25666
LR-12347,FRA-12347,5.56,FOREST,SUR-36380
LR-12348,FRA-12348,2.97,REVENUE,SUR-44407
LR-12349,FRA-12349,5.15,FOREST,SUR-90845
LR-12350,FRA-12350,5.6,FOREST,SUR-58105
LR-12351,FRA-12351,6.09,UNCLASSIFIED,SUR-88263
LR-12352,FRA-12352,1.02,FOREST,SUR-98642
LR-12353,FRA-12353,5.37,REVENUE,SUR-99925
LR-12354,FRA-12354,0.59,UNCLASSIFIED,SUR-45262
LR-12355,FRA-12355,0.93,COMMUNITY,SUR-43345
LR-12356,FRA-12356,4.87,REVENUE,SUR-67777
LR-12357,FRA-12357,7.61,REVENUE,SUR-68214
LR-12358,FRA-12358,6.32,FOREST,SUR-79493
LR-12359,FRA-12359,4.53,FOREST,SUR-46049
LR-12360,FRA-12360,6.32,UNCLASSIFIED,SUR-43487
LR-12361,FRA-12361,1.94,FOREST,SUR-22736
LR-12362,FRA-12362,6.7,COMMUNITY,SUR-88178
LR-12363,FRA-12363,1.38,COMMUNITY,SUR-79713
LR-12364,FRA-12364,1.65,COMMUNITY,SUR-53500
LR-12365,FRA-12365,6.93,COMMUNITY,SUR-71666
LR-12366,FRA-12366,3.21,COMMUNITY,SUR-99416
LR-12367,FRA-12367,4.16,UNCLASSIFIED,SUR-68459
LR-12368,FRA-12368,7.78,UNCLASSIFIED,SUR-48654
LR-12369,FRA-12369,7.89,COMMUNITY,SUR-88914
LR-12370,FRA-12370,4.56,COMMUNITY,SUR-79204
LR-12371,FRA-12371,1.44,REVENUE,SUR-27342
LR-12372,FRA-12372,5.16,FOREST,SUR-59645
LR-12373,FRA-12373,2.2,UNCLASSIFIED,SUR-18835
LR-12374,FRA-12374,6.71,REVENUE,SUR-91991
LR-12375,FRA-12375,1.97,UNCLASSIFIED,SUR-20167
LR-12376,FRA-12376,3.28,FOREST,SUR-31659
LR-12377,FRA-12377,7.82,FOREST,SUR-51431
LR-12378,FRA-12378,2.77,FOREST,SUR-53035
LR-12379,FRA-12379,5.04,REVENUE,SUR-30885
LR-12380,FRA-12380,7.21,UNCLASSIFIED,SUR-27849
LR-12381,FRA-12381,1.53,UNCLASSIFIED,SUR-68829
LR-12382,FRA-12382,5.84,COMMUNITY,SUR-93441
LR-12383,FRA-12383,1.95,COMMUNITY,SUR-53331
LR-12384,FRA-12384,0.88,REVENUE,SUR-82188
LR-12385,FRA-12385,2.44,UNCLASSIFIED,SUR-78315
LR-12386,FRA-12386,0.72,COMMUNITY,SUR-86517
LR-12387,FRA-12387,3.49,COMMUNITY,SUR-97966
LR-12388,FRA-12388,7.17,UNCLASSIFIED,SUR-67370
LR-12389,FRA-12389,5.24,REVENUE,SUR-65279
LR-12390,FRA-12390,2.65,FOREST,SUR-25378
LR-12391,FRA-12391,4.29,FOREST,SUR-15005
LR-12392,FRA-12392,4.03,UNCLASSIFIED,SUR-74356
LR-12393,FRA-12393,3.33,COMMUNITY,SUR-56327
LR-12394,FRA-12394,0.66,FOREST,SUR-68079
LR-12395,FRA-12395,2.49,COMMUNITY,SUR-28797
LR-12396,FRA-12396,7.23,REVENUE,SUR-22128
LR-12397,FRA-12397,0.88,COMMUNITY,SUR-70716
LR-12398,FRA-12398,7.08,REVENUE,SUR-47291
LR-12399,FRA-12399,3.56,FOREST,SUR-33072
LR-12400,FRA-12400,6.22,FOREST,SUR-47003
LR-12401,FRA-12401,6.86,FOREST,SUR-24922
LR-12402,FRA-12402,6.55,UNCLASSIFIED,SUR-33055
LR-12403,FRA-12403,2.46,FOREST,SUR-36714
LR-12404,FRA-12404,6.83,FOREST,SUR-85811
LR-12405,FRA-12405,6.12,REVENUE,SUR-35191
LR-12406,FRA-12406,3.52,COMMUNITY,SUR-19070
LR-12407,FRA-12407,0.58,FOREST,SUR-24681
LR-12408,FRA-12408,7.19,COMMUNITY,SUR-78057
LR-12409,FRA-12409,3.12,FOREST,SUR-59456
LR-12410,FRA-12410,4.21,FOREST,SUR-51347
LR-12411,FRA-12411,6.87,UNCLASSIFIED,SUR-12976
LR-12412,FRA-12412,5.29,UNCLASSIFIED,SUR-17768
LR-12413,FRA-12413,0.52,UNCLASSIFIED,SUR-35939
LR-12414,FRA-12414,5.84,REVENUE,SUR-91664
LR-12415,FRA-12415,4.48,REVENUE,SUR-99901
LR-12416,FRA-12416,7.33,FOREST,SUR-38150
LR-12417,FRA-12417,4.15,REVENUE,SUR-29053
LR-12418,FRA-12418,1.7,UNCLASSIFIED,SUR-72863
LR-12419,FRA-12419,0.74,UNCLASSIFIED,SUR-73017
LR-12420,FRA-12420,3.99,FOREST,SUR-50842
LR-12421,FRA-12421,4.17,FOREST,SUR-21708
LR-12422,FRA-12422,2.85,REVENUE,SUR-62197
LR-12423,FRA-12423,4.08,COMMUNITY,SUR-46806
LR-12424,FRA-12424,0.6,REVENUE,SUR-75082
LR-12425,FRA-12425,5.08,UNCLASSIFIED,SUR-37218
LR-12426,FRA-12426,4.98,COMMUNITY,SUR-13850
LR-12427,FRA-12427,4.17,FOREST,SUR-41529
LR-12428,FRA-12428,5.91,UNCLASSIFIED,SUR-84765
LR-12429,FRA-12429,1.94,COMMUNITY,SUR-48493
LR-12430,FRA-12430,5.97,FOREST,SUR-24712
LR-12431,FRA-12431,3.96,COMMUNITY,SUR-98363
LR-12432,FRA-12432,2.62,FOREST,SUR-16949
LR-12433,FRA-12433,5.58,REVENUE,SUR-15367
LR-12434,FRA-12434,4.29,REVENUE,SUR-51075
LR-12435,FRA-12435,5.15,UNCLASSIFIED,SUR-85206
LR-12436,FRA-12436,6.83,FOREST,SUR-54780
LR-12437,FRA-12437,4.65,COMMUNITY,SUR-19566
LR-12438,FRA-12438,1.31,FOREST,SUR-86352
LR-12439,FRA-12439,6.02,COMMUNITY,SUR-34212
LR-12440,FRA-12440,5.81,FOREST,SUR-92906
LR-12441,FRA-12441,1.15,REVENUE,SUR-63238
LR-12442,FRA-12442,3.57,REVENUE,SUR-81999
LR-12443,FRA-12443,2.85,FOREST,SUR-11818
LR-12444,FRA-12444,0.8,UNCLASSIFIED,SUR-66969
LR-12445,FRA-12445,7.99,UNCLASSIFIED,SUR-74449
LR-12446,FRA-12446,3.24,COMMUNITY,SUR-61769
LR-12447,FRA-12447,2.61,UNCLASSIFIED,SUR-72472
LR-12448,FRA-12448,2.84,UNCLASSIFIED,SUR-90144
LR-12449,FRA-12449,7.17,REVENUE,SUR-11325
LR-12450,FRA-12450,6.26,REVENUE,SUR-45620
LR-12451,FRA-12451,5.4,COMMUNITY,SUR-37517
LR-12452,FRA-12452,3.51,UNCLASSIFIED,SUR-30885
LR-12453,FRA-12453,5.16,REVENUE,SUR-71805
LR-12454,FRA-12454,5.07,REVENUE,SUR-40568
LR-12455,FRA-12455,6.13,REVENUE,SUR-57192
LR-12456,FRA-12456,3.85,FOREST,SUR-72589
LR-12457,FRA-12457,3.29,COMMUNITY,SUR-74155
LR-12458,FRA-12458,2.53,UNCLASSIFIED,SUR-78471
LR-12459,FRA-12459,7.4,UNCLASSIFIED,SUR-98727
LR-12460,FRA-12460,3.08,UNCLASSIFIED,SUR-55278
LR-12461,FRA-12461,2.87,FOREST,SUR-62857
LR-12462,FRA-12462,1.13,COMMUNITY,SUR-90692
LR-12463,FRA-12463,6.62,REVENUE,SUR-98736
LR-12464,FRA-12464,4.66,COMMUNITY,SUR-51993
LR-12465,FRA-12465,0.96,FOREST,SUR-12057
LR-12466,FRA-12466,5.17,UNCLASSIFIED,SUR-36855
LR-12467,FRA-12467,4.03,FOREST,SUR-22587
LR-12468,FRA-12468,3.76,REVENUE,SUR-64178
LR-12469,FRA-12469,4.8,COMMUNITY,SUR-21975
LR-12470,FRA-12470,1.81,COMMUNITY,SUR-93689
LR-12471,FRA-12471,2.21,REVENUE,SUR-40645
LR-12472,FRA-12472,4.2,REVENUE,SUR-67999
LR-12473,FRA-12473,2.83,UNCLASSIFIED,SUR-76599
LR-12474,FRA-12474,2.7,UNCLASSIFIED,SUR-46755
LR-12475,FRA-12475,5.9,FOREST,SUR-34466
LR-12476,FRA-12476,3.5,COMMUNITY,SUR-60038
LR-12477,FRA-12477,3.83,FOREST,SUR-65840
LR-12478,FRA-12478,2.25,UNCLASSIFIED,SUR-75891
LR-12479,FRA-12479,6.06,COMMUNITY,SUR-27173
LR-12480,FRA-12480,1.17,REVENUE,SUR-86824
LR-12481,FRA-12481,6.49,FOREST,SUR-59123
LR-12482,FRA-12482,2.67,COMMUNITY,SUR-14742
LR-12483,FRA-12483,7.18,UNCLASSIFIED,SUR-20066
LR-12484,FRA-12484,6.92,FOREST,SUR-74277
LR-12485,FRA-12485,6.01,FOREST,SUR-83732
LR-12486,FRA-12486,6.42,COMMUNITY,SUR-60509
LR-12487,FRA-12487,1.05,REVENUE,SUR-14302
LR-12488,FRA-12488,1.0,UNCLASSIFIED,SUR-16300
LR-12489,FRA-12489,5.49,REVENUE,SUR-17770
LR-12490,FRA-12490,4.24,COMMUNITY,SUR-96867
LR-12491,FRA-12491,5.18,FOREST,SUR-84805
LR-12492,FRA-12492,0.67,UNCLASSIFIED,SUR-10771
LR-12493,FRA-12493,5.58,UNCLASSIFIED,SUR-15570
LR-12494,FRA-12494,0.8,COMMUNITY,SUR-13910
LR-12495,FRA-12495,7.14,COMMUNITY,SUR-62215
LR-12496,FRA-12496,6.65,COMMUNITY,SUR-28753
LR-12497,FRA-12497,7.84,COMMUNITY,SUR-69524
LR-12498,FRA-12498,0.81,FOREST,SUR-71526
LR-12499,FRA-12499,8.09,FOREST,SUR-25854
LR-12500,FRA-12500,3.83,UNCLASSIFIED,SUR-73323
LR-12501,FRA-12501,4.12,UNCLASSIFIED,SUR-27319
LR-12502,FRA-12502,1.71,FOREST,SUR-10090
LR-12503,FRA-12503,3.12,REVENUE,SUR-11081
LR-12504,FRA-12504,0.81,COMMUNITY,SUR-90297
LR-12505,FRA-12505,1.46,COMMUNITY,SUR-43835
LR-12506,FRA-12506,5.85,UNCLASSIFIED,SUR-77108
LR-12507,FRA-12507,6.61,FOREST,SUR-29475
LR-12508,FRA-12508,2.12,FOREST,SUR-95608
LR-12509,FRA-12509,2.96,UNCLASSIFIED,SUR-38448
LR-12510,FRA-12510,7.22,REVENUE,SUR-35614
LR-12511,FRA-12511,5.62,REVENUE,SUR-82553
LR-12512,FRA-12512,2.25,COMMUNITY,SUR-67852
LR-12513,FRA-12513,1.43,UNCLASSIFIED,SUR-20358
LR-12514,FRA-12514,5.76,FOREST,SUR-58682
LR-12515,FRA-12515,6.86,REVENUE,SUR-10497
LR-12516,FRA-12516,2.44,COMMUNITY,SUR-45549
LR-12517,FRA-12517,6.6,UNCLASSIFIED,SUR-31578
LR-12518,FRA-12518,6.2,UNCLASSIFIED,SUR-57749
LR-12519,FRA-12519,1.0,FOREST,SUR-27148
LR-12520,FRA-12520,4.1,FOREST,SUR-37611
LR-12521,FRA-12521,1.82,FOREST,SUR-50920
LR-12522,FRA-12522,3.98,UNCLASSIFIED,SUR-63887
LR-12523,FRA-12523,7.11,REVENUE,SUR-94543
LR-12524,FRA-12524,6.66,UNCLASSIFIED,SUR-27519
LR-12525,FRA-12525,7.13,UNCLASSIFIED,SUR-84700
LR-12526,FRA-12526,7.03,REVENUE,SUR-54571
LR-12527,FRA-12527,7.74,REVENUE,SUR-44260
LR-12528,FRA-12528,4.27,UNCLASSIFIED,SUR-43085
LR-12529,FRA-12529,2.98,REVENUE,SUR-19601
LR-12530,FRA-12530,5.98,UNCLASSIFIED,SUR-70452
LR-12531,FRA-12531,3.16,COMMUNITY,SUR-88068
LR-12532,FRA-12532,7.68,REVENUE,SUR-36277
LR-12533,FRA-12533,2.91,COMMUNITY,SUR-78903
LR-12534,FRA-12534,3.92,FOREST,SUR-78757
LR-12535,FRA-12535,3.91,FOREST,SUR-54908
LR-12536,FRA-12536,5.03,FOREST,SUR-86550
LR-12537,FRA-12537,1.76,UNCLASSIFIED,SUR-30739
LR-12538,FRA-12538,7.11,FOREST,SUR-25156
LR-12539,FRA-12539,1.86,UNCLASSIFIED,SUR-76581
LR-12540,FRA-12540,5.58,UNCLASSIFIED,SUR-72763
LR-12541,FRA-12541,3.37,UNCLASSIFIED,SUR-61853
LR-12542,FRA-12542,3.56,UNCLASSIFIED,SUR-60464
LR-12543,FRA-12543,1.04,COMMUNITY,SUR-51905
LR-12544,FRA-12544,3.12,COMMUNITY,SUR-99027
LR-12545,FRA-12545,4.92,FOREST,SUR-73181
LR-12546,FRA-12546,4.67,UNCLASSIFIED,SUR-88752
LR-12547,FRA-12547,6.18,FOREST,SUR-56104
LR-12548,FRA-12548,0.66,UNCLASSIFIED,SUR-92790
LR-12549,FRA-12549,2.52,UNCLASSIFIED,SUR-14894
LR-12550,FRA-12550,6.57,FOREST,SUR-85440
LR-12551,FRA-12551,3.78,COMMUNITY,SUR-25071
LR-12552,FRA-12552,4.6,FOREST,SUR-65982
LR-12553,FRA-12553,5.09,COMMUNITY,SUR-97645
LR-12554,FRA-12554,6.12,UNCLASSIFIED,SUR-21166
LR-12555,FRA-12555,1.93,FOREST,SUR-26695
LR-12556,FRA-12556,2.73,UNCLASSIFIED,SUR-63900
LR-12557,FRA-12557,7.63,UNCLASSIFIED,SUR-94040
LR-12558,FRA-12558,4.41,UNCLASSIFIED,SUR-79587
LR-12559,FRA-12559,2.47,COMMUNITY,SUR-98918
LR-12560,FRA-12560,4.33,REVENUE,SUR-96929
LR-12561,FRA-12561,4.1,COMMUNITY,SUR-15458
LR-12562,FRA-12562,1.86,UNCLASSIFIED,SUR-10665
LR-12563,FRA-12563,5.61,UNCLASSIFIED,SUR-59951
LR-12564,FRA-12564,2.4,UNCLASSIFIED,SUR-88281
LR-12565,FRA-12565,1.79,COMMUNITY,SUR-38180
LR-12566,FRA-12566,1.33,UNCLASSIFIED,SUR-77787
LR-12567,FRA-12567,2.38,COMMUNITY,SUR-68125
LR-12568,FRA-12568,5.75,FOREST,SUR-59118
LR-12569,FRA-12569,4.01,COMMUNITY,SUR-34204
LR-12570,FRA-12570,1.46,REVENUE,SUR-17030
LR-12571,FRA-12571,2.8,COMMUNITY,SUR-77174
LR-12572,FRA-12572,0.72,FOREST,SUR-41106
LR-12573,FRA-12573,6.32,FOREST,SUR-76556
LR-12574,FRA-12574,3.95,REVENUE,SUR-58488
LR-12575,FRA-12575,1.77,UNCLASSIFIED,SUR-18142
LR-12576,FRA-12576,6.64,FOREST,SUR-67196
LR-12577,FRA-12577,6.28,REVENUE,SUR-69035
LR-12578,FRA-12578,2.81,REVENUE,SUR-18225
LR-12579,FRA-12579,1.32,COMMUNITY,SUR-82834
LR-12580,FRA-12580,6.99,REVENUE,SUR-36678
LR-12581,FRA-12581,4.25,FOREST,SUR-13928
LR-12582,FRA-12582,3.87,REVENUE,SUR-22253
LR-12583,FRA-12583,3.07,UNCLASSIFIED,SUR-14724
LR-12584,FRA-12584,3.14,REVENUE,SUR-88278
LR-12585,FRA-12585,1.61,REVENUE,SUR-38460
LR-12586,FRA-12586,0.52,FOREST,SUR-83347
LR-12587,FRA-12587,1.27,REVENUE,SUR-11035
LR-12588,FRA-12588,1.93,UNCLASSIFIED,SUR-50233
LR-12589,FRA-12589,5.21,COMMUNITY,SUR-77932
LR-12590,FRA-12590,4.69,UNCLASSIFIED,SUR-89935
LR-12591,FRA-12591,3.01,FOREST,SUR-30001
LR-12592,FRA-12592,4.6,UNCLASSIFIED,SUR-97513
LR-12593,FRA-12593,6.71,REVENUE,SUR-44903
LR-12594,FRA-12594,3.75,FOREST,SUR-36706
LR-12595,FRA-12595,2.88,UNCLASSIFIED,SUR-99979
LR-12596,FRA-12596,6.9,FOREST,SUR-17092
LR-12597,FRA-12597,6.1,UNCLASSIFIED,SUR-39385
LR-12598,FRA-12598,3.49,REVENUE,SUR-21505
LR-12599,FRA-12599,2.96,COMMUNITY,SUR-97906
LR-12600,FRA-12600,2.25,REVENUE,SUR-34330
LR-12601,FRA-12601,3.69,FOREST,SUR-46588
LR-12602,FRA-12602,7.49,UNCLASSIFIED,SUR-15664
LR-12603,FRA-12603,3.23,UNCLASSIFIED,SUR-57428
LR-12604,FRA-12604,5.5,REVENUE,SUR-51488
LR-12605,FRA-12605,4.17,UNCLASSIFIED,SUR-20067
LR-12606,FRA-12606,3.47,FOREST,SUR-47029
LR-12607,FRA-12607,1.03,UNCLASSIFIED,SUR-63901
LR-12608,FRA-12608,1.11,REVENUE,SUR-42839
LR-12609,FRA-12609,1.4,FOREST,SUR-28870
LR-12610,FRA-12610,6.27,UNCLASSIFIED,SUR-85896
LR-12611,FRA-12611,1.15,REVENUE,SUR-33622
LR-12612,FRA-12612,5.35,COMMUNITY,SUR-20734
LR-12613,FRA-12613,2.52,REVENUE,SUR-61897
LR-12614,FRA-12614,7.09,FOREST,SUR-95517
LR-12615,FRA-12615,2.6,REVENUE,SUR-39395
LR-12616,FRA-12616,6.32,COMMUNITY,SUR-25665
LR-12617,FRA-12617,4.89,UNCLASSIFIED,SUR-18059
LR-12618,FRA-12618,7.42,UNCLASSIFIED,SUR-22128
LR-12619,FRA-12619,4.82,REVENUE,SUR-14001
LR-12620,FRA-12620,6.11,FOREST,SUR-73979
LR-12621,FRA-12621,4.42,COMMUNITY,SUR-56523
LR-12622,FRA-12622,6.61,FOREST,SUR-85569
LR-12623,FRA-12623,5.17,REVENUE,SUR-63827
LR-12624,FRA-12624,6.32,FOREST,SUR-13458
LR-12625,FRA-12625,2.55,FOREST,SUR-35730
LR-12626,FRA-12626,3.17,UNCLASSIFIED,SUR-74980
LR-12627,FRA-12627,5.59,UNCLASSIFIED,SUR-50096
LR-12628,FRA-12628,4.75,REVENUE,SUR-14839
LR-12629,FRA-12629,7.65,REVENUE,SUR-56098
LR-12630,FRA-12630,2.54,FOREST,SUR-82220
LR-12631,FRA-12631,7.14,COMMUNITY,SUR-95800
LR-12632,FRA-12632,4.7,FOREST,SUR-90168
LR-12633,FRA-12633,4.45,REVENUE,SUR-37632
LR-12634,FRA-12634,6.05,REVENUE,SUR-77580
LR-12635,FRA-12635,3.41,UNCLASSIFIED,SUR-43237
LR-12636,FRA-12636,4.93,REVENUE,SUR-84787
LR-12637,FRA-12637,3.81,COMMUNITY,SUR-99870
LR-12638,FRA-12638,2.86,FOREST,SUR-70120
LR-12639,FRA-12639,2.62,FOREST,SUR-53309
LR-12640,FRA-12640,0.83,COMMUNITY,SUR-69075
LR-12641,FRA-12641,1.83,FOREST,SUR-78269
LR-12642,FRA-12642,6.23,FOREST,SUR-12050
LR-12643,FRA-12643,4.92,FOREST,SUR-76182
LR-12644,FRA-12644,7.81,REVENUE,SUR-79293
LR-12645,FRA-12645,5.32,FOREST,SUR-64006
LR-12646,FRA-12646,2.82,REVENUE,SUR-54785
LR-12647,FRA-12647,5.4,REVENUE,SUR-97347
LR-12648,FRA-12648,7.59,FOREST,SUR-64672
LR-12649,FRA-12649,4.0,COMMUNITY,SUR-92890
LR-12650,FRA-12650,2.45,COMMUNITY,SUR-67163
LR-12651,FRA-12651,1.32,FOREST,SUR-28412
LR-12652,FRA-12652,7.32,COMMUNITY,SUR-72055
LR-12653,FRA-12653,6.45,FOREST,SUR-95250
LR-12654,FRA-12654,1.24,COMMUNITY,SUR-62005
LR-12655,FRA-12655,2.62,FOREST,SUR-69011
LR-12656,FRA-12656,2.62,UNCLASSIFIED,SUR-57708
LR-12657,FRA-12657,1.94,COMMUNITY,SUR-89517
LR-12658,FRA-12658,8.33,FOREST,SUR-22465
LR-12659,FRA-12659,1.22,REVENUE,SUR-81191
LR-12660,FRA-12660,1.74,FOREST,SUR-28276
LR-12661,FRA-12661,2.23,FOREST,SUR-50755
LR-12662,FRA-12662,5.49,UNCLASSIFIED,SUR-73805
LR-12663,FRA-12663,6.62,COMMUNITY,SUR-19573
LR-12664,FRA-12664,6.62,FOREST,SUR-67261
LR-12665,FRA-12665,7.71,COMMUNITY,SUR-34285
LR-12666,FRA-12666,7.36,UNCLASSIFIED,SUR-81995
LR-12667,FRA-12667,1.91,FOREST,SUR-78296
LR-12668,FRA-12668,1.6,REVENUE,SUR-50954
LR-12669,FRA-12669,7.18,COMMUNITY,SUR-84231
LR-12670,FRA-12670,6.17,FOREST,SUR-41153
LR-12671,FRA-12671,5.2,REVENUE,SUR-31349
LR-12672,FRA-12672,0.72,REVENUE,SUR-96435
LR-12673,FRA-12673,4.84,UNCLASSIFIED,SUR-40065
LR-12674,FRA-12674,0.66,REVENUE,SUR-41097
LR-12675,FRA-12675,6.77,REVENUE,SUR-38374
LR-12676,FRA-12676,7.37,COMMUNITY,SUR-98440
LR-12677,FRA-12677,7.02,UNCLASSIFIED,SUR-38502
LR-12678,FRA-12678,7.26,FOREST,SUR-66621
LR-12679,FRA-12679,6.08,UNCLASSIFIED,SUR-49038
LR-12680,FRA-12680,0.93,FOREST,SUR-27657
LR-12681,FRA-12681,4.48,UNCLASSIFIED,SUR-11408
LR-12682,FRA-12682,3.93,COMMUNITY,SUR-18695
LR-12683,FRA-12683,0.98,UNCLASSIFIED,SUR-84871
LR-12684,FRA-12684,5.62,UNCLASSIFIED,SUR-27101
LR-12685,FRA-12685,4.48,UNCLASSIFIED,SUR-74370
LR-12686,FRA-12686,4.12,FOREST,SUR-79865
LR-12687,FRA-12687,2.51,COMMUNITY,SUR-75705
LR-12688,FRA-12688,5.59,UNCLASSIFIED,SUR-50854
LR-12689,FRA-12689,7.22,COMMUNITY,SUR-41250
LR-12690,FRA-12690,2.59,COMMUNITY,SUR-42985
LR-12691,FRA-12691,3.61,COMMUNITY,SUR-35849
LR-12692,FRA-12692,5.35,COMMUNITY,SUR-14720
LR-12693,FRA-12693,5.6,REVENUE,SUR-23874
LR-12694,FRA-12694,5.71,FOREST,SUR-26357
LR-12695,FRA-12695,5.4,COMMUNITY,SUR-82345
LR-12696,FRA-12696,2.66,FOREST,SUR-43916
LR-12697,FRA-12697,1.42,FOREST,SUR-47390
LR-12698,FRA-12698,1.55,COMMUNITY,SUR-88737
LR-12699,FRA-12699,6.06,REVENUE,SUR-44225
LR-12700,FRA-12700,4.08,COMMUNITY,SUR-42120
LR-12701,FRA-12701,3.19,FOREST,SUR-72210
LR-12702,FRA-12702,2.03,COMMUNITY,SUR-13713
LR-12703,FRA-12703,4.96,FOREST,SUR-24882
LR-12704,FRA-12704,1.28,COMMUNITY,SUR-26855
LR-12705,FRA-12705,7.1,COMMUNITY,SUR-36236
LR-12706,FRA-12706,1.37,COMMUNITY,SUR-45407
LR-12707,FRA-12707,6.53,REVENUE,SUR-62622
LR-12708,FRA-12708,1.34,REVENUE,SUR-35100
LR-12709,FRA-12709,2.83,REVENUE,SUR-76582
LR-12710,FRA-12710,0.82,UNCLASSIFIED,SUR-37763
LR-12711,FRA-12711,2.81,COMMUNITY,SUR-84120
LR-12712,FRA-12712,2.38,REVENUE,SUR-61140
LR-12713,FRA-12713,6.68,COMMUNITY,SUR-95404
LR-12714,FRA-12714,1.46,COMMUNITY,SUR-35967
LR-12715,FRA-12715,6.7,FOREST,SUR-67718
LR-12716,FRA-12716,3.8,COMMUNITY,SUR-17696
LR-12717,FRA-12717,5.49,UNCLASSIFIED,SUR-82982
LR-12718,FRA-12718,6.24,COMMUNITY,SUR-50146
LR-12719,FRA-12719,3.94,COMMUNITY,SUR-99267
LR-12720,FRA-12720,7.15,REVENUE,SUR-61660
LR-12721,FRA-12721,6.66,UNCLASSIFIED,SUR-54086
LR-12722,FRA-12722,4.47,REVENUE,SUR-79716
LR-12723,FRA-12723,5.21,UNCLASSIFIED,SUR-65050
LR-12724,FRA-12724,5.35,REVENUE,SUR-27457
LR-12725,FRA-12725,5.66,REVENUE,SUR-59722
LR-12726,FRA-12726,7.17,UNCLASSIFIED,SUR-54992
LR-12727,FRA-12727,1.21,FOREST,SUR-82890
LR-12728,FRA-12728,3.79,FOREST,SUR-27062
LR-12729,FRA-12729,1.08,UNCLASSIFIED,SUR-97797
LR-12730,FRA-12730,1.59,FOREST,SUR-83501
LR-12731,FRA-12731,4.94,COMMUNITY,SUR-84741
LR-12732,FRA-12732,5.25,FOREST,SUR-70325
LR-12733,FRA-12733,0.62,COMMUNITY,SUR-18786
LR-12734,FRA-12734,7.9,UNCLASSIFIED,SUR-95147
LR-12735,FRA-12735,4.75,COMMUNITY,SUR-15648
LR-12736,FRA-12736,3.39,FOREST,SUR-80802
LR-12737,FRA-12737,7.25,COMMUNITY,SUR-62607
LR-12738,FRA-12738,2.8,UNCLASSIFIED,SUR-68868
LR-12739,FRA-12739,6.82,COMMUNITY,SUR-79848
LR-12740,FRA-12740,3.53,FOREST,SUR-76060
LR-12741,FRA-12741,6.71,REVENUE,SUR-24354
LR-12742,FRA-12742,6.99,UNCLASSIFIED,SUR-10359
LR-12743,FRA-12743,0.99,REVENUE,SUR-16576
LR-12744,FRA-12744,7.99,UNCLASSIFIED,SUR-34194
LR-12745,FRA-12745,3.06,COMMUNITY,SUR-40687
LR-12746,FRA-12746,0.54,REVENUE,SUR-63380
LR-12747,FRA-12747,6.83,UNCLASSIFIED,SUR-54351
LR-12748,FRA-12748,7.07,UNCLASSIFIED,SUR-13619
LR-12749,FRA-12749,2.43,FOREST,SUR-46408
LR-12750,FRA-12750,6.78,UNCLASSIFIED,SUR-41242
LR-12751,FRA-12751,3.98,UNCLASSIFIED,SUR-66240
LR-12752,FRA-12752,0.93,FOREST,SUR-89214
LR-12753,FRA-12753,4.37,REVENUE,SUR-26078
LR-12754,FRA-12754,2.38,COMMUNITY,SUR-56020
LR-12755,FRA-12755,6.31,COMMUNITY,SUR-64747
LR-12756,FRA-12756,5.7,UNCLASSIFIED,SUR-62363
LR-12757,FRA-12757,7.07,REVENUE,SUR-86823
LR-12758,FRA-12758,3.8,UNCLASSIFIED,SUR-28820
LR-12759,FRA-12759,3.74,REVENUE,SUR-87976
LR-12760,FRA-12760,6.02,UNCLASSIFIED,SUR-36498
LR-12761,FRA-12761,2.18,REVENUE,SUR-12597
LR-12762,FRA-12762,5.29,COMMUNITY,SUR-58697
LR-12763,FRA-12763,0.98,REVENUE,SUR-51599
LR-12764,FRA-12764,4.29,UNCLASSIFIED,SUR-90953
LR-12765,FRA-12765,6.23,FOREST,SUR-70814
LR-12766,FRA-12766,0.77,UNCLASSIFIED,SUR-26896
LR-12767,FRA-12767,5.35,COMMUNITY,SUR-28007
LR-12768,FRA-12768,4.57,FOREST,SUR-10514
LR-12769,FRA-12769,6.36,REVENUE,SUR-80782
LR-12770,FRA-12770,6.64,UNCLASSIFIED,SUR-32481
LR-12771,FRA-12771,1.69,REVENUE,SUR-88856
LR-12772,FRA-12772,1.37,FOREST,SUR-40804
LR-12773,FRA-12773,2.63,COMMUNITY,SUR-34854
LR-12774,FRA-12774,7.58,UNCLASSIFIED,SUR-13203
LR-12775,FRA-12775,0.68,COMMUNITY,SUR-41657
LR-12776,FRA-12776,2.97,REVENUE,SUR-54243
LR-12777,FRA-12777,1.27,REVENUE,SUR-86034
LR-12778,FRA-12778,3.6,FOREST,SUR-37222
LR-12779,FRA-12779,4.15,REVENUE,SUR-47751
LR-12780,FRA-12780,6.68,FOREST,SUR-29403
LR-12781,FRA-12781,4.11,UNCLASSIFIED,SUR-98256
LR-12782,FRA-12782,5.41,COMMUNITY,SUR-34849
LR-12783,FRA-12783,2.52,REVENUE,SUR-30487
LR-12784,FRA-12784,7.72,FOREST,SUR-92208
LR-12785,FRA-12785,0.95,FOREST,SUR-87070
LR-12786,FRA-12786,2.12,COMMUNITY,SUR-62754
LR-12787,FRA-12787,2.73,REVENUE,SUR-38864
LR-12788,FRA-12788,1.55,COMMUNITY,SUR-25871
LR-12789,FRA-12789,7.56,COMMUNITY,SUR-86010
LR-12790,FRA-12790,2.16,COMMUNITY,SUR-77611
LR-12791,FRA-12791,1.33,COMMUNITY,SUR-35947
LR-12792,FRA-12792,0.95,UNCLASSIFIED,SUR-16060
LR-12793,FRA-12793,4.32,COMMUNITY,SUR-97972
LR-12794,FRA-12794,1.21,COMMUNITY,SUR-13352
LR-12795,FRA-12795,5.22,UNCLASSIFIED,SUR-62805
LR-12796,FRA-12796,1.58,REVENUE,SUR-66548
LR-12797,FRA-12797,4.28,COMMUNITY,SUR-53960
LR-12798,FRA-12798,3.78,REVENUE,SUR-52912
LR-12799,FRA-12799,6.45,FOREST,SUR-99394
LR-12800,FRA-12800,5.46,COMMUNITY,SUR-88577
LR-12801,FRA-12801,4.03,UNCLASSIFIED,SUR-90750
LR-12802,FRA-12802,0.6,UNCLASSIFIED,SUR-91472
LR-12803,FRA-12803,0.84,REVENUE,SUR-81362
LR-12804,FRA-12804,3.33,UNCLASSIFIED,SUR-88966
LR-12805,FRA-12805,6.52,FOREST,SUR-75689
LR-12806,FRA-12806,4.63,UNCLASSIFIED,SUR-93513
LR-12807,FRA-12807,4.24,UNCLASSIFIED,SUR-73426
LR-12808,FRA-12808,0.66,COMMUNITY,SUR-62278
LR-12809,FRA-12809,5.1,REVENUE,SUR-32828
LR-12810,FRA-12810,7.23,COMMUNITY,SUR-74593
LR-12811,FRA-12811,5.77,FOREST,SUR-43359
LR-12812,FRA-12812,6.83,REVENUE,SUR-36856
LR-12813,FRA-12813,7.17,REVENUE,SUR-99553
LR-12814,FRA-12814,1.66,COMMUNITY,SUR-48028
LR-12815,FRA-12815,3.41,FOREST,SUR-24803
LR-12816,FRA-12816,6.29,UNCLASSIFIED,SUR-43631
LR-12817,FRA-12817,1.77,REVENUE,SUR-93979
LR-12818,FRA-12818,1.96,UNCLASSIFIED,SUR-52251
LR-12819,FRA-12819,4.43,COMMUNITY,SUR-67168
LR-12820,FRA-12820,6.24,FOREST,SUR-54530
LR-12821,FRA-12821,3.91,REVENUE,SUR-81892
LR-12822,FRA-12822,2.05,COMMUNITY,SUR-13629
LR-12823,FRA-12823,4.65,FOREST,SUR-98396
LR-12824,FRA-12824,1.06,UNCLASSIFIED,SUR-84283
LR-12825,FRA-12825,7.34,FOREST,SUR-50357
LR-12826,FRA-12826,7.7,COMMUNITY,SUR-53944
LR-12827,FRA-12827,3.3,FOREST,SUR-73430
LR-12828,FRA-12828,3.1,FOREST,SUR-26899
LR-12829,FRA-12829,2.16,COMMUNITY,SUR-34850
LR-12830,FRA-12830,2.47,UNCLASSIFIED,SUR-32891
LR-12831,FRA-12831,4.95,COMMUNITY,SUR-13933
LR-12832,FRA-12832,5.97,REVENUE,SUR-98778
LR-12833,FRA-12833,5.13,UNCLASSIFIED,SUR-96705
LR-12834,FRA-12834,3.14,UNCLASSIFIED,SUR-92676
LR-12835,FRA-12835,2.3,REVENUE,SUR-43479
LR-12836,FRA-12836,1.83,UNCLASSIFIED,SUR-14214
LR-12837,FRA-12837,7.29,FOREST,SUR-20157
LR-12838,FRA-12838,1.23,COMMUNITY,SUR-33544
LR-12839,FRA-12839,1.57,COMMUNITY,SUR-96589
LR-12840,FRA-12840,1.74,UNCLASSIFIED,SUR-59107
LR-12841,FRA-12841,4.08,REVENUE,SUR-46432
LR-12842,FRA-12842,2.96,FOREST,SUR-75951
LR-12843,FRA-12843,4.07,REVENUE,SUR-16218
LR-12844,FRA-12844,3.7,UNCLASSIFIED,SUR-41764
LR-12845,FRA-12845,6.31,COMMUNITY,SUR-11173
LR-12846,FRA-12846,4.45,REVENUE,SUR-20668
LR-12847,FRA-12847,7.13,REVENUE,SUR-93738
LR-12848,FRA-12848,1.11,UNCLASSIFIED,SUR-91065
LR-12849,FRA-12849,6.53,COMMUNITY,SUR-27880
LR-12850,FRA-12850,2.41,REVENUE,SUR-78002
LR-12851,FRA-12851,7.8,REVENUE,SUR-87730
LR-12852,FRA-12852,5.4,FOREST,SUR-71478
LR-12853,FRA-12853,5.07,FOREST,SUR-40983
LR-12854,FRA-12854,6.23,UNCLASSIFIED,SUR-37718
LR-12855,FRA-12855,6.93,COMMUNITY,SUR-26977
LR-12856,FRA-12856,1.16,COMMUNITY,SUR-89500
LR-12857,FRA-12857,6.48,COMMUNITY,SUR-14989
LR-12858,FRA-12858,6.11,COMMUNITY,SUR-30278
LR-12859,FRA-12859,2.6,UNCLASSIFIED,SUR-52548
LR-12860,FRA-12860,2.56,UNCLASSIFIED,SUR-75057
LR-12861,FRA-12861,0.89,COMMUNITY,SUR-21754
LR-12862,FRA-12862,3.65,COMMUNITY,SUR-19068
LR-12863,FRA-12863,5.5,UNCLASSIFIED,SUR-31964
LR-12864,FRA-12864,5.98,UNCLASSIFIED,SUR-34753
LR-12865,FRA-12865,6.68,FOREST,SUR-73040
LR-12866,FRA-12866,4.09,UNCLASSIFIED,SUR-95549
LR-12867,FRA-12867,4.69,REVENUE,SUR-99673
LR-12868,FRA-12868,8.13,REVENUE,SUR-64530
LR-12869,FRA-12869,4.66,COMMUNITY,SUR-36482
LR-12870,FRA-12870,1.92,REVENUE,SUR-35184
LR-12871,FRA-12871,3.28,COMMUNITY,SUR-13734
LR-12872,FRA-12872,6.26,FOREST,SUR-48922
LR-12873,FRA-12873,2.77,UNCLASSIFIED,SUR-42669
LR-12874,FRA-12874,6.94,COMMUNITY,SUR-76485
LR-12875,FRA-12875,4.51,COMMUNITY,SUR-89082
LR-12876,FRA-12876,5.73,UNCLASSIFIED,SUR-42954
LR-12877,FRA-12877,2.54,UNCLASSIFIED,SUR-74948
LR-12878,FRA-12878,1.01,COMMUNITY,SUR-59250
LR-12879,FRA-12879,4.24,FOREST,SUR-17509
LR-12880,FRA-12880,4.92,UNCLASSIFIED,SUR-22811
LR-12881,FRA-12881,5.15,COMMUNITY,SUR-47824
LR-12882,FRA-12882,1.42,COMMUNITY,SUR-99136
LR-12883,FRA-12883,3.15,UNCLASSIFIED,SUR-20610
LR-12884,FRA-12884,4.57,FOREST,SUR-54778
LR-12885,FRA-12885,6.81,COMMUNITY,SUR-58686
LR-12886,FRA-12886,4.52,COMMUNITY,SUR-83143
LR-12887,FRA-12887,1.61,UNCLASSIFIED,SUR-39421
LR-12888,FRA-12888,2.01,FOREST,SUR-65306
LR-12889,FRA-12889,2.58,REVENUE,SUR-24145
LR-12890,FRA-12890,4.01,UNCLASSIFIED,SUR-10580
LR-12891,FRA-12891,3.38,COMMUNITY,SUR-31784
LR-12892,FRA-12892,2.46,REVENUE,SUR-12420
LR-12893,FRA-12893,7.33,REVENUE,SUR-54766
LR-12894,FRA-12894,7.94,COMMUNITY,SUR-76266
LR-12895,FRA-12895,1.99,REVENUE,SUR-75865
LR-12896,FRA-12896,7.51,COMMUNITY,SUR-72935
LR-12897,FRA-12897,6.78,UNCLASSIFIED,SUR-90099
LR-12898,FRA-12898,2.09,REVENUE,SUR-30355
LR-12899,FRA-12899,5.45,REVENUE,SUR-17145
LR-12900,FRA-12900,1.01,COMMUNITY,SUR-81016
LR-12901,FRA-12901,4.46,FOREST,SUR-46246
LR-12902,FRA-12902,2.37,REVENUE,SUR-76603
LR-12903,FRA-12903,6.79,FOREST,SUR-27175
LR-12904,FRA-12904,5.59,UNCLASSIFIED,SUR-61784
LR-12905,FRA-12905,4.68,COMMUNITY,SUR-87901
LR-12906,FRA-12906,2.07,UNCLASSIFIED,SUR-12000
LR-12907,FRA-12907,3.31,UNCLASSIFIED,SUR-80111
LR-12908,FRA-12908,6.47,FOREST,SUR-30701
LR-12909,FRA-12909,7.58,COMMUNITY,SUR-75966
LR-12910,FRA-12910,1.24,COMMUNITY,SUR-35400
LR-12911,FRA-12911,6.18,FOREST,SUR-87377
LR-12912,FRA-12912,4.55,UNCLASSIFIED,SUR-79966
LR-12913,FRA-12913,7.92,UNCLASSIFIED,SUR-76635
LR-12914,FRA-12914,6.99,FOREST,SUR-15358
LR-12915,FRA-12915,2.02,REVENUE,SUR-92680
LR-12916,FRA-12916,6.62,COMMUNITY,SUR-85397
LR-12917,FRA-12917,7.32,REVENUE,SUR-56984
LR-12918,FRA-12918,6.11,COMMUNITY,SUR-18264
LR-12919,FRA-12919,5.7,UNCLASSIFIED,SUR-71375
LR-12920,FRA-12920,5.88,COMMUNITY,SUR-12188
LR-12921,FRA-12921,2.06,FOREST,SUR-76916
LR-12922,FRA-12922,2.02,UNCLASSIFIED,SUR-41766
LR-12923,FRA-12923,2.57,FOREST,SUR-71591
LR-12924,FRA-12924,6.64,REVENUE,SUR-14373
LR-12925,FRA-12925,6.14,REVENUE,SUR-99073
LR-12926,FRA-12926,4.1,UNCLASSIFIED,SUR-96820
LR-12927,FRA-12927,1.84,COMMUNITY,SUR-22418
LR-12928,FRA-12928,3.62,REVENUE,SUR-52354
LR-12929,FRA-12929,0.79,FOREST,SUR-51244
LR-12930,FRA-12930,6.36,FOREST,SUR-95066
LR-12931,FRA-12931,7.64,REVENUE,SUR-43970
LR-12932,FRA-12932,4.17,COMMUNITY,SUR-59390
LR-12933,FRA-12933,2.31,COMMUNITY,SUR-20109
LR-12934,FRA-12934,1.9,REVENUE,SUR-70815
LR-12935,FRA-12935,1.78,COMMUNITY,SUR-73098
LR-12936,FRA-12936,2.04,UNCLASSIFIED,SUR-34303
LR-12937,FRA-12937,1.41,REVENUE,SUR-39218
LR-12938,FRA-12938,3.12,COMMUNITY,SUR-45989
LR-12939,FRA-12939,1.81,COMMUNITY,SUR-62735
LR-12940,FRA-12940,3.46,UNCLASSIFIED,SUR-85965
LR-12941,FRA-12941,6.55,COMMUNITY,SUR-17822
LR-12942,FRA-12942,3.54,REVENUE,SUR-37643
LR-12943,FRA-12943,4.48,REVENUE,SUR-61502
LR-12944,FRA-12944,3.12,FOREST,SUR-40882
LR-12945,FRA-12945,6.97,REVENUE,SUR-43308
LR-12946,FRA-12946,1.22,UNCLASSIFIED,SUR-33451
LR-12947,FRA-12947,1.05,UNCLASSIFIED,SUR-29957
LR-12948,FRA-12948,0.48,FOREST,SUR-96484
LR-12949,FRA-12949,3.29,FOREST,SUR-59772
LR-12950,FRA-12950,2.48,REVENUE,SUR-19981
LR-12951,FRA-12951,7.35,FOREST,SUR-70413
LR-12952,FRA-12952,1.75,COMMUNITY,SUR-93714
LR-12953,FRA-12953,4.26,FOREST,SUR-43387
LR-12954,FRA-12954,0.87,REVENUE,SUR-30527
LR-12955,FRA-12955,3.16,REVENUE,SUR-24504
LR-12956,FRA-12956,1.67,FOREST,SUR-72551
LR-12957,FRA-12957,6.76,REVENUE,SUR-57890
LR-12958,FRA-12958,7.68,REVENUE,SUR-73154
LR-12959,FRA-12959,6.71,FOREST,SUR-78516
LR-12960,FRA-12960,2.15,FOREST,SUR-45701
LR-12961,FRA-12961,0.67,FOREST,SUR-17779
LR-12962,FRA-12962,5.6,FOREST,SUR-13874
LR-12963,FRA-12963,2.69,UNCLASSIFIED,SUR-48505
LR-12964,FRA-12964,1.45,COMMUNITY,SUR-23570
LR-12965,FRA-12965,4.08,COMMUNITY,SUR-10622
LR-12966,FRA-12966,0.61,UNCLASSIFIED,SUR-64884
LR-12967,FRA-12967,5.83,REVENUE,SUR-44291
LR-12968,FRA-12968,6.6,COMMUNITY,SUR-41500
LR-12969,FRA-12969,4.32,UNCLASSIFIED,SUR-41029
LR-12970,FRA-12970,5.71,UNCLASSIFIED,SUR-70714
LR-12971,FRA-12971,7.62,UNCLASSIFIED,SUR-54091
LR-12972,FRA-12972,5.74,UNCLASSIFIED,SUR-36947
LR-12973,FRA-12973,0.91,COMMUNITY,SUR-66271
LR-12974,FRA-12974,1.28,FOREST,SUR-98792
LR-12975,FRA-12975,2.81,FOREST,SUR-44562
LR-12976,FRA-12976,6.87,FOREST,SUR-82512
LR-12977,FRA-12977,4.7,COMMUNITY,SUR-85687
LR-12978,FRA-12978,4.09,COMMUNITY,SUR-35336
LR-12979,FRA-12979,6.74,FOREST,SUR-74625
LR-12980,FRA-12980,4.79,COMMUNITY,SUR-14746
LR-12981,FRA-12981,6.39,UNCLASSIFIED,SUR-89595
LR-12982,FRA-12982,5.85,COMMUNITY,SUR-43898
LR-12983,FRA-12983,6.4,UNCLASSIFIED,SUR-63459
LR-12984,FRA-12984,7.04,REVENUE,SUR-97402
LR-12985,FRA-12985,7.89,UNCLASSIFIED,SUR-74954
LR-12986,FRA-12986,5.73,FOREST,SUR-30683
LR-12987,FRA-12987,1.84,REVENUE,SUR-72953
LR-12988,FRA-12988,8.03,COMMUNITY,SUR-11215
LR-12989,FRA-12989,6.13,UNCLASSIFIED,SUR-63372
LR-12990,FRA-12990,1.5,FOREST,SUR-51755
LR-12991,FRA-12991,2.74,REVENUE,SUR-95638
LR-12992,FRA-12992,5.86,REVENUE,SUR-43733
LR-12993,FRA-12993,1.54,UNCLASSIFIED,SUR-67072
LR-12994,FRA-12994,4.95,COMMUNITY,SUR-39000
LR-12995,FRA-12995,3.43,REVENUE,SUR-78064
LR-12996,FRA-12996,6.11,UNCLASSIFIED,SUR-48877
LR-12997,FRA-12997,1.34,FOREST,SUR-57732
LR-12998,FRA-12998,4.28,UNCLASSIFIED,SUR-95957
LR-12999,FRA-12999,2.58,COMMUNITY,SUR-21454
LR-13000,FRA-13000,6.5,REVENUE,SUR-69551
LR-13001,FRA-13001,5.35,REVENUE,SUR-45237
LR-13002,FRA-13002,1.63,REVENUE,SUR-98492
LR-13003,FRA-13003,5.09,UNCLASSIFIED,SUR-19476
LR-13004,FRA-13004,7.09,FOREST,SUR-27794
LR-13005,FRA-13005,5.83,FOREST,SUR-53214
LR-13006,FRA-13006,2.13,FOREST,SUR-16320
LR-13007,FRA-13007,5.35,REVENUE,SUR-23849
LR-13008,FRA-13008,2.51,UNCLASSIFIED,SUR-68722
LR-13009,FRA-13009,5.84,REVENUE,SUR-16759
LR-13010,FRA-13010,7.32,REVENUE,SUR-10063
LR-13011,FRA-13011,3.64,UNCLASSIFIED,SUR-56454
LR-13012,FRA-13012,5.32,UNCLASSIFIED,SUR-48102
LR-13013,FRA-13013,1.59,REVENUE,SUR-39636
LR-13014,FRA-13014,3.91,COMMUNITY,SUR-57584
LR-13015,FRA-13015,0.57,REVENUE,SUR-58364
LR-13016,FRA-13016,4.41,UNCLASSIFIED,SUR-58875
LR-13017,FRA-13017,1.52,FOREST,SUR-32808
LR-13018,FRA-13018,5.05,UNCLASSIFIED,SUR-83534
LR-13019,FRA-13019,0.66,UNCLASSIFIED,SUR-27032
LR-13020,FRA-13020,3.45,REVENUE,SUR-46382
LR-13021,FRA-13021,2.36,UNCLASSIFIED,SUR-71428
LR-13022,FRA-13022,4.2,FOREST,SUR-20416
LR-13023,FRA-13023,2.28,UNCLASSIFIED,SUR-71443
LR-13024,FRA-13024,7.08,REVENUE,SUR-27554
LR-13025,FRA-13025,6.07,FOREST,SUR-96293
LR-13026,FRA-13026,7.09,REVENUE,SUR-79631
LR-13027,FRA-13027,4.46,COMMUNITY,SUR-70571
LR-13028,FRA-13028,4.8,REVENUE,SUR-99452
LR-13029,FRA-13029,8.25,UNCLASSIFIED,SUR-87601
LR-13030,FRA-13030,4.99,FOREST,SUR-39468
LR-13031,FRA-13031,4.92,REVENUE,SUR-40101
LR-13032,FRA-13032,2.04,UNCLASSIFIED,SUR-56278
LR-13033,FRA-13033,1.11,FOREST,SUR-15766
LR-13034,FRA-13034,4.11,FOREST,SUR-52180
LR-13035,FRA-13035,5.55,FOREST,SUR-10205
LR-13036,FRA-13036,1.74,UNCLASSIFIED,SUR-65514
LR-13037,FRA-13037,0.88,COMMUNITY,SUR-18381
LR-13038,FRA-13038,2.16,UNCLASSIFIED,SUR-37875
LR-13039,FRA-13039,2.86,UNCLASSIFIED,SUR-88546
LR-13040,FRA-13040,7.18,FOREST,SUR-96554
LR-13041,FRA-13041,2.7,REVENUE,SUR-21809
LR-13042,FRA-13042,3.34,REVENUE,SUR-30137
LR-13043,FRA-13043,6.05,UNCLASSIFIED,SUR-37116
LR-13044,FRA-13044,0.9,UNCLASSIFIED,SUR-60594
LR-13045,FRA-13045,5.11,UNCLASSIFIED,SUR-97841
LR-13046,FRA-13046,3.27,FOREST,SUR-92516
LR-13047,FRA-13047,0.92,FOREST,SUR-57015
LR-13048,FRA-13048,7.34,FOREST,SUR-21849
LR-13049,FRA-13049,7.56,COMMUNITY,SUR-30983
LR-13050,FRA-13050,3.7,FOREST,SUR-72154
LR-13051,FRA-13051,6.49,UNCLASSIFIED,SUR-11240
LR-13052,FRA-13052,7.53,FOREST,SUR-30526
LR-13053,FRA-13053,2.11,COMMUNITY,SUR-32646
LR-13054,FRA-13054,1.1,COMMUNITY,SUR-57386
LR-13055,FRA-13055,7.64,REVENUE,SUR-89738
LR-13056,FRA-13056,4.66,UNCLASSIFIED,SUR-49363
LR-13057,FRA-13057,3.59,REVENUE,SUR-23462
LR-13058,FRA-13058,3.16,COMMUNITY,SUR-62837
LR-13059,FRA-13059,5.48,FOREST,SUR-83664
LR-13060,FRA-13060,4.38,UNCLASSIFIED,SUR-59404
LR-13061,FRA-13061,1.73,REVENUE,SUR-72850
LR-13062,FRA-13062,7.01,UNCLASSIFIED,SUR-48033
LR-13063,FRA-13063,0.92,FOREST,SUR-43095
LR-13064,FRA-13064,7.21,UNCLASSIFIED,SUR-69099
LR-13065,FRA-13065,1.34,UNCLASSIFIED,SUR-67126
LR-13066,FRA-13066,4.52,COMMUNITY,SUR-69334
LR-13067,FRA-13067,7.23,REVENUE,SUR-83988
LR-13068,FRA-13068,2.49,UNCLASSIFIED,SUR-68245
LR-13069,FRA-13069,4.54,REVENUE,SUR-26624
LR-13070,FRA-13070,0.94,REVENUE,SUR-59779
LR-13071,FRA-13071,4.51,UNCLASSIFIED,SUR-23519
LR-13072,FRA-13072,7.53,COMMUNITY,SUR-90285
LR-13073,FRA-13073,5.02,UNCLASSIFIED,SUR-10012
LR-13074,FRA-13074,4.02,UNCLASSIFIED,SUR-65695
LR-13075,FRA-13075,5.19,UNCLASSIFIED,SUR-96159
LR-13076,FRA-13076,6.51,FOREST,SUR-68155
LR-13077,FRA-13077,1.15,UNCLASSIFIED,SUR-56621
LR-13078,FRA-13078,0.62,FOREST,SUR-70137
LR-13079,FRA-13079,2.57,UNCLASSIFIED,SUR-97896
LR-13080,FRA-13080,5.93,UNCLASSIFIED,SUR-54398
LR-13081,FRA-13081,6.34,UNCLASSIFIED,SUR-89430
LR-13082,FRA-13082,1.68,UNCLASSIFIED,SUR-78248
LR-13083,FRA-13083,1.58,UNCLASSIFIED,SUR-41632
LR-13084,FRA-13084,4.05,FOREST,SUR-65493
LR-13085,FRA-13085,3.74,COMMUNITY,SUR-68838
LR-13086,FRA-13086,1.13,REVENUE,SUR-56372
LR-13087,FRA-13087,4.98,COMMUNITY,SUR-79284
LR-13088,FRA-13088,0.81,FOREST,SUR-47520
LR-13089,FRA-13089,2.25,FOREST,SUR-21270
LR-13090,FRA-13090,4.84,FOREST,SUR-15430
LR-13091,FRA-13091,1.52,FOREST,SUR-95303
LR-13092,FRA-13092,3.6,REVENUE,SUR-95906
LR-13093,FRA-13093,6.65,FOREST,SUR-78678
LR-13094,FRA-13094,4.93,UNCLASSIFIED,SUR-62609
LR-13095,FRA-13095,0.72,COMMUNITY,SUR-82107
LR-13096,FRA-13096,2.71,UNCLASSIFIED,SUR-37624
LR-13097,FRA-13097,1.31,REVENUE,SUR-12335
LR-13098,FRA-13098,1.11,REVENUE,SUR-58456
LR-13099,FRA-13099,1.27,COMMUNITY,SUR-75296
LR-13100,FRA-13100,4.64,REVENUE,SUR-95462
LR-13101,FRA-13101,3.81,COMMUNITY,SUR-68693
LR-13102,FRA-13102,1.2,REVENUE,SUR-88590
LR-13103,FRA-13103,1.15,UNCLASSIFIED,SUR-83099
LR-13104,FRA-13104,0.61,COMMUNITY,SUR-31598
LR-13105,FRA-13105,6.13,COMMUNITY,SUR-10445
LR-13106,FRA-13106,2.49,UNCLASSIFIED,SUR-29980
LR-13107,FRA-13107,1.63,REVENUE,SUR-92369
LR-13108,FRA-13108,7.09,REVENUE,SUR-11735
LR-13109,FRA-13109,2.81,FOREST,SUR-42536
LR-13110,FRA-13110,1.11,COMMUNITY,SUR-76402
LR-13111,FRA-13111,3.54,REVENUE,SUR-85389
LR-13112,FRA-13112,3.46,UNCLASSIFIED,SUR-63591
LR-13113,FRA-13113,5.28,REVENUE,SUR-14161
LR-13114,FRA-13114,1.26,REVENUE,SUR-34826
LR-13115,FRA-13115,0.6,REVENUE,SUR-80483
LR-13116,FRA-13116,5.91,FOREST,SUR-56348
LR-13117,FRA-13117,3.89,UNCLASSIFIED,SUR-65876
LR-13118,FRA-13118,0.91,REVENUE,SUR-50755
LR-13119,FRA-13119,7.06,FOREST,SUR-42075
LR-13120,FRA-13120,2.43,UNCLASSIFIED,SUR-95407
LR-13121,FRA-13121,0.82,UNCLASSIFIED,SUR-64840
LR-13122,FRA-13122,6.12,FOREST,SUR-68002
LR-13123,FRA-13123,7.53,REVENUE,SUR-13429
LR-13124,FRA-13124,3.15,UNCLASSIFIED,SUR-47410
LR-13125,FRA-13125,4.42,FOREST,SUR-53276
LR-13126,FRA-13126,1.79,COMMUNITY,SUR-87680
LR-13127,FRA-13127,6.0,COMMUNITY,SUR-57317
LR-13128,FRA-13128,5.35,REVENUE,SUR-62400
LR-13129,FRA-13129,7.82,REVENUE,SUR-80734
LR-13130,FRA-13130,3.61,REVENUE,SUR-22450
LR-13131,FRA-13131,2.44,UNCLASSIFIED,SUR-44687
LR-13132,FRA-13132,7.16,REVENUE,SUR-32826
LR-13133,FRA-13133,5.58,UNCLASSIFIED,SUR-22385
LR-13134,FRA-13134,2.03,COMMUNITY,SUR-51475
LR-13135,FRA-13135,0.66,COMMUNITY,SUR-64141
LR-13136,FRA-13136,6.84,UNCLASSIFIED,SUR-41277
LR-13137,FRA-13137,5.9,FOREST,SUR-17120
LR-13138,FRA-13138,5.08,COMMUNITY,SUR-86018
LR-13139,FRA-13139,1.42,COMMUNITY,SUR-31392
LR-13140,FRA-13140,5.92,REVENUE,SUR-22928
LR-13141,FRA-13141,2.46,COMMUNITY,SUR-57744
LR-13142,FRA-13142,1.07,FOREST,SUR-99442
LR-13143,FRA-13143,0.86,FOREST,SUR-74608
LR-13144,FRA-13144,6.49,FOREST,SUR-97119
LR-13145,FRA-13145,2.85,FOREST,SUR-18342
LR-13146,FRA-13146,7.04,REVENUE,SUR-48129
LR-13147,FRA-13147,5.35,COMMUNITY,SUR-72000
LR-13148,FRA-13148,7.17,UNCLASSIFIED,SUR-48515
LR-13149,FRA-13149,3.27,REVENUE,SUR-41203
LR-13150,FRA-13150,3.5,COMMUNITY,SUR-86085
LR-13151,FRA-13151,6.1,FOREST,SUR-39329
LR-13152,FRA-13152,1.29,UNCLASSIFIED,SUR-80192
LR-13153,FRA-13153,3.04,COMMUNITY,SUR-93099
LR-13154,FRA-13154,1.08,UNCLASSIFIED,SUR-42585
LR-13155,FRA-13155,5.81,UNCLASSIFIED,SUR-51912
LR-13156,FRA-13156,0.66,UNCLASSIFIED,SUR-45214
LR-13157,FRA-13157,3.01,REVENUE,SUR-75823
LR-13158,FRA-13158,4.12,COMMUNITY,SUR-20087
LR-13159,FRA-13159,6.64,UNCLASSIFIED,SUR-77213
LR-13160,FRA-13160,3.97,FOREST,SUR-70338
LR-13161,FRA-13161,6.18,UNCLASSIFIED,SUR-27957
LR-13162,FRA-13162,7.17,FOREST,SUR-44236
LR-13163,FRA-13163,1.5,REVENUE,SUR-23268
LR-13164,FRA-13164,0.75,UNCLASSIFIED,SUR-18585
LR-13165,FRA-13165,1.59,FOREST,SUR-85324
LR-13166,FRA-13166,4.29,REVENUE,SUR-74036
LR-13167,FRA-13167,5.41,FOREST,SUR-41372
LR-13168,FRA-13168,4.92,FOREST,SUR-33346
LR-13169,FRA-13169,5.96,REVENUE,SUR-39903
LR-13170,FRA-13170,6.34,COMMUNITY,SUR-37158
LR-13171,FRA-13171,4.55,REVENUE,SUR-24628
LR-13172,FRA-13172,0.58,REVENUE,SUR-19766
LR-13173,FRA-13173,6.53,UNCLASSIFIED,SUR-40318
LR-13174,FRA-13174,5.45,FOREST,SUR-67622
LR-13175,FRA-13175,2.14,REVENUE,SUR-44576
LR-13176,FRA-13176,4.33,REVENUE,SUR-80115
LR-13177,FRA-13177,2.97,COMMUNITY,SUR-23148
LR-13178,FRA-13178,3.59,UNCLASSIFIED,SUR-37939
LR-13179,FRA-13179,3.41,REVENUE,SUR-13350
LR-13180,FRA-13180,5.27,REVENUE,SUR-73654
LR-13181,FRA-13181,1.39,REVENUE,SUR-15909
LR-13182,FRA-13182,7.37,REVENUE,SUR-57210
LR-13183,FRA-13183,1.51,UNCLASSIFIED,SUR-91824
LR-13184,FRA-13184,7.3,FOREST,SUR-40691
LR-13185,FRA-13185,5.13,COMMUNITY,SUR-46395
LR-13186,FRA-13186,2.29,COMMUNITY,SUR-17278
LR-13187,FRA-13187,5.39,REVENUE,SUR-16357
LR-13188,FRA-13188,6.72,FOREST,SUR-55759
LR-13189,FRA-13189,0.98,FOREST,SUR-16425
LR-13190,FRA-13190,3.69,REVENUE,SUR-48756
LR-13191,FRA-13191,0.67,UNCLASSIFIED,SUR-27635
LR-13192,FRA-13192,0.78,REVENUE,SUR-97502
LR-13193,FRA-13193,4.29,COMMUNITY,SUR-12822
LR-13194,FRA-13194,2.67,UNCLASSIFIED,SUR-34732
LR-13195,FRA-13195,6.7,COMMUNITY,SUR-50277
LR-13196,FRA-13196,3.23,REVENUE,SUR-42937
LR-13197,FRA-13197,4.38,REVENUE,SUR-45632
LR-13198,FRA-13198,4.9,COMMUNITY,SUR-79503
LR-13199,FRA-13199,3.09,REVENUE,SUR-94457
LR-13200,FRA-13200,4.68,UNCLASSIFIED,SUR-64796
LR-13201,FRA-13201,4.25,UNCLASSIFIED,SUR-26071
LR-13202,FRA-13202,1.84,FOREST,SUR-87113
LR-13203,FRA-13203,2.28,UNCLASSIFIED,SUR-12031
LR-13204,FRA-13204,1.37,UNCLASSIFIED,SUR-73561
LR-13205,FRA-13205,4.21,UNCLASSIFIED,SUR-17262
LR-13206,FRA-13206,3.07,COMMUNITY,SUR-70069
LR-13207,FRA-13207,2.53,UNCLASSIFIED,SUR-61167
LR-13208,FRA-13208,0.54,FOREST,SUR-99892
LR-13209,FRA-13209,5.21,UNCLASSIFIED,SUR-17889
LR-13210,FRA-13210,7.45,FOREST,SUR-93390
LR-13211,FRA-13211,1.85,COMMUNITY,SUR-16053
LR-13212,FRA-13212,3.07,FOREST,SUR-65060
LR-13213,FRA-13213,7.32,REVENUE,SUR-54971
LR-13214,FRA-13214,3.59,FOREST,SUR-72685
LR-13215,FRA-13215,6.5,UNCLASSIFIED,SUR-49275
LR-13216,FRA-13216,6.31,COMMUNITY,SUR-90058
LR-13217,FRA-13217,2.85,UNCLASSIFIED,SUR-88584
LR-13218,FRA-13218,7.81,FOREST,SUR-58161
LR-13219,FRA-13219,2.22,UNCLASSIFIED,SUR-56825
LR-13220,FRA-13220,2.34,FOREST,SUR-41934
LR-13221,FRA-13221,6.77,FOREST,SUR-53254
LR-13222,FRA-13222,6.95,UNCLASSIFIED,SUR-28819
LR-13223,FRA-13223,7.21,FOREST,SUR-32474
LR-13224,FRA-13224,4.0,FOREST,SUR-68079
LR-13225,FRA-13225,1.89,FOREST,SUR-28445
LR-13226,FRA-13226,6.44,REVENUE,SUR-69820
LR-13227,FRA-13227,4.81,REVENUE,SUR-18270
LR-13228,FRA-13228,2.66,REVENUE,SUR-72540
LR-13229,FRA-13229,4.34,REVENUE,SUR-10892
LR-13230,FRA-13230,3.65,FOREST,SUR-22806
LR-13231,FRA-13231,6.38,COMMUNITY,SUR-12038
LR-13232,FRA-13232,6.77,FOREST,SUR-45500
LR-13233,FRA-13233,3.67,COMMUNITY,SUR-54428
LR-13234,FRA-13234,1.4,UNCLASSIFIED,SUR-17617
LR-13235,FRA-13235,7.38,COMMUNITY,SUR-43642
LR-13236,FRA-13236,6.27,COMMUNITY,SUR-96890
LR-13237,FRA-13237,2.32,FOREST,SUR-25179
LR-13238,FRA-13238,3.22,COMMUNITY,SUR-74239
LR-13239,FRA-13239,6.53,COMMUNITY,SUR-28009
LR-13240,FRA-13240,5.11,FOREST,SUR-39796
LR-13241,FRA-13241,4.46,COMMUNITY,SUR-18227
LR-13242,FRA-13242,6.58,FOREST,SUR-15779
LR-13243,FRA-13243,2.33,UNCLASSIFIED,SUR-61306
LR-13244,FRA-13244,3.6,UNCLASSIFIED,SUR-55595
LR-13245,FRA-13245,7.51,COMMUNITY,SUR-69841
LR-13246,FRA-13246,6.26,REVENUE,SUR-82513
LR-13247,FRA-13247,0.58,COMMUNITY,SUR-91547
LR-13248,FRA-13248,7.94,FOREST,SUR-55258
LR-13249,FRA-13249,6.8,REVENUE,SUR-54858
LR-13250,FRA-13250,1.1,FOREST,SUR-19157
LR-13251,FRA-13251,5.44,COMMUNITY,SUR-91624
LR-13252,FRA-13252,1.09,UNCLASSIFIED,SUR-35278
LR-13253,FRA-13253,4.32,COMMUNITY,SUR-16029
LR-13254,FRA-13254,2.49,UNCLASSIFIED,SUR-22700
LR-13255,FRA-13255,1.25,COMMUNITY,SUR-77538
LR-13256,FRA-13256,7.76,UNCLASSIFIED,SUR-10171
LR-13257,FRA-13257,0.74,COMMUNITY,SUR-47047
LR-13258,FRA-13258,2.12,FOREST,SUR-30946
LR-13259,FRA-13259,5.73,FOREST,SUR-91681
LR-13260,FRA-13260,7.1,UNCLASSIFIED,SUR-30960
LR-13261,FRA-13261,2.88,FOREST,SUR-51890
LR-13262,FRA-13262,2.19,COMMUNITY,SUR-11764
LR-13263,FRA-13263,4.21,COMMUNITY,SUR-23346
LR-13264,FRA-13264,2.53,COMMUNITY,SUR-66075
LR-13265,FRA-13265,3.53,COMMUNITY,SUR-68729
LR-13266,FRA-13266,7.53,COMMUNITY,SUR-64103
LR-13267,FRA-13267,6.9,FOREST,SUR-27944
LR-13268,FRA-13268,6.9,COMMUNITY,SUR-98865
LR-13269,FRA-13269,8.13,COMMUNITY,SUR-14158
LR-13270,FRA-13270,5.87,UNCLASSIFIED,SUR-63851
LR-13271,FRA-13271,1.87,REVENUE,SUR-23584
LR-13272,FRA-13272,5.12,COMMUNITY,SUR-42133
LR-13273,FRA-13273,2.51,REVENUE,SUR-70831
LR-13274,FRA-13274,3.26,REVENUE,SUR-36377
LR-13275,FRA-13275,2.64,UNCLASSIFIED,SUR-28167
LR-13276,FRA-13276,1.85,UNCLASSIFIED,SUR-11477
LR-13277,FRA-13277,6.65,COMMUNITY,SUR-32525
LR-13278,FRA-13278,4.18,UNCLASSIFIED,SUR-89233
LR-13279,FRA-13279,2.06,COMMUNITY,SUR-43739
LR-13280,FRA-13280,7.1,UNCLASSIFIED,SUR-70013
LR-13281,FRA-13281,2.48,UNCLASSIFIED,SUR-49012
LR-13282,FRA-13282,4.98,REVENUE,SUR-68344
LR-13283,FRA-13283,6.94,UNCLASSIFIED,SUR-13030
LR-13284,FRA-13284,6.98,COMMUNITY,SUR-31900
LR-13285,FRA-13285,4.06,REVENUE,SUR-68927
LR-13286,FRA-13286,3.4,COMMUNITY,SUR-62556
LR-13287,FRA-13287,3.4,COMMUNITY,SUR-66024
LR-13288,FRA-13288,2.43,FOREST,SUR-70715
LR-13289,FRA-13289,3.39,REVENUE,SUR-67447
LR-13290,FRA-13290,7.86,UNCLASSIFIED,SUR-28065
LR-13291,FRA-13291,3.6,COMMUNITY,SUR-62618
LR-13292,FRA-13292,2.77,UNCLASSIFIED,SUR-29091
LR-13293,FRA-13293,0.81,UNCLASSIFIED,SUR-93453
LR-13294,FRA-13294,6.27,COMMUNITY,SUR-97294
LR-13295,FRA-13295,0.88,UNCLASSIFIED,SUR-49074
LR-13296,FRA-13296,6.12,REVENUE,SUR-17405
LR-13297,FRA-13297,6.89,UNCLASSIFIED,SUR-18614
LR-13298,FRA-13298,5.04,UNCLASSIFIED,SUR-65119
LR-13299,FRA-13299,5.27,COMMUNITY,SUR-35226
LR-13300,FRA-13300,1.07,REVENUE,SUR-82015
LR-13301,FRA-13301,7.31,COMMUNITY,SUR-31450
LR-13302,FRA-13302,2.26,FOREST,SUR-96359
LR-13303,FRA-13303,5.03,COMMUNITY,SUR-55226
LR-13304,FRA-13304,5.02,UNCLASSIFIED,SUR-26971
LR-13305,FRA-13305,6.52,FOREST,SUR-83783
LR-13306,FRA-13306,0.73,REVENUE,SUR-85882
LR-13307,FRA-13307,1.35,FOREST,SUR-33584
LR-13308,FRA-13308,4.66,COMMUNITY,SUR-39962
LR-13309,FRA-13309,1.64,UNCLASSIFIED,SUR-13516
LR-13310,FRA-13310,5.93,COMMUNITY,SUR-52748
LR-13311,FRA-13311,4.03,REVENUE,SUR-22407
LR-13312,FRA-13312,4.0,FOREST,SUR-58486
LR-13313,FRA-13313,3.24,REVENUE,SUR-27039
LR-13314,FRA-13314,4.17,REVENUE,SUR-67793
LR-13315,FRA-13315,7.22,FOREST,SUR-78049
LR-13316,FRA-13316,2.13,REVENUE,SUR-79115
LR-13317,FRA-13317,3.79,UNCLASSIFIED,SUR-47232
LR-13318,FRA-13318,0.98,UNCLASSIFIED,SUR-85252
LR-13319,FRA-13319,2.4,UNCLASSIFIED,SUR-57287
LR-13320,FRA-13320,0.81,UNCLASSIFIED,SUR-17392
LR-13321,FRA-13321,4.34,FOREST,SUR-53372
LR-13322,FRA-13322,5.8,COMMUNITY,SUR-98542
LR-13323,FRA-13323,4.81,COMMUNITY,SUR-37054
LR-13324,FRA-13324,3.58,COMMUNITY,SUR-25078
LR-13325,FRA-13325,5.96,FOREST,SUR-85326
LR-13326,FRA-13326,3.25,UNCLASSIFIED,SUR-17705
LR-13327,FRA-13327,7.45,UNCLASSIFIED,SUR-27115
LR-13328,FRA-13328,5.83,UNCLASSIFIED,SUR-70177
LR-13329,FRA-13329,5.49,UNCLASSIFIED,SUR-95727
LR-13330,FRA-13330,3.63,REVENUE,SUR-87063
LR-13331,FRA-13331,0.51,REVENUE,SUR-41937
LR-13332,FRA-13332,2.49,FOREST,SUR-59179
LR-13333,FRA-13333,6.9,FOREST,SUR-74322
LR-13334,FRA-13334,4.4,UNCLASSIFIED,SUR-24621
LR-13335,FRA-13335,3.86,FOREST,SUR-70309
LR-13336,FRA-13336,3.47,UNCLASSIFIED,SUR-98224
LR-13337,FRA-13337,0.98,COMMUNITY,SUR-71484
LR-13338,FRA-13338,6.13,UNCLASSIFIED,SUR-33195
LR-13339,FRA-13339,7.34,COMMUNITY,SUR-73979
LR-13340,FRA-13340,8.18,FOREST,SUR-18603
LR-13341,FRA-13341,0.9,UNCLASSIFIED,SUR-50446
LR-13342,FRA-13342,2.91,FOREST,SUR-58981
LR-13343,FRA-13343,5.94,FOREST,SUR-41628
LR-13344,FRA-13344,0.83,COMMUNITY,SUR-99437
LR-13345,FRA-13345,2.23,FOREST,SUR-91559
LR-13346,FRA-13346,5.32,FOREST,SUR-48207
LR-13347,FRA-13347,1.29,UNCLASSIFIED,SUR-71445
LR-13348,FRA-13348,7.71,UNCLASSIFIED,SUR-73507
LR-13349,FRA-13349,2.38,UNCLASSIFIED,SUR-22106
LR-13350,FRA-13350,1.55,FOREST,SUR-89956
LR-13351,FRA-13351,2.19,UNCLASSIFIED,SUR-40461
LR-13352,FRA-13352,7.2,REVENUE,SUR-65396
LR-13353,FRA-13353,3.05,FOREST,SUR-25360
LR-13354,FRA-13354,2.35,COMMUNITY,SUR-58288
LR-13355,FRA-13355,0.61,REVENUE,SUR-51913
LR-13356,FRA-13356,5.95,COMMUNITY,SUR-67301
LR-13357,FRA-13357,0.62,FOREST,SUR-49953
LR-13358,FRA-13358,6.8,UNCLASSIFIED,SUR-33553
LR-13359,FRA-13359,3.76,REVENUE,SUR-59876
LR-13360,FRA-13360,5.36,UNCLASSIFIED,SUR-58925
LR-13361,FRA-13361,7.65,UNCLASSIFIED,SUR-72495
LR-13362,FRA-13362,5.5,FOREST,SUR-53616
LR-13363,FRA-13363,8.13,UNCLASSIFIED,SUR-53266
LR-13364,FRA-13364,5.83,REVENUE,SUR-32155
LR-13365,FRA-13365,2.5,UNCLASSIFIED,SUR-25993
LR-13366,FRA-13366,7.11,COMMUNITY,SUR-54547
LR-13367,FRA-13367,4.05,UNCLASSIFIED,SUR-11928
LR-13368,FRA-13368,6.57,UNCLASSIFIED,SUR-88446
LR-13369,FRA-13369,4.82,FOREST,SUR-98783
LR-13370,FRA-13370,0.66,REVENUE,SUR-62462
LR-13371,FRA-13371,5.63,REVENUE,SUR-73959
LR-13372,FRA-13372,6.43,FOREST,SUR-99646
LR-13373,FRA-13373,2.35,UNCLASSIFIED,SUR-77189
LR-13374,FRA-13374,7.01,FOREST,SUR-39936
LR-13375,FRA-13375,3.18,FOREST,SUR-68690
LR-13376,FRA-13376,6.77,REVENUE,SUR-13168
LR-13377,FRA-13377,1.43,FOREST,SUR-11269
LR-13378,FRA-13378,6.48,REVENUE,SUR-62029
LR-13379,FRA-13379,2.04,FOREST,SUR-88217
LR-13380,FRA-13380,4.67,UNCLASSIFIED,SUR-28720
LR-13381,FRA-13381,5.64,COMMUNITY,SUR-39974
LR-13382,FRA-13382,1.76,COMMUNITY,SUR-59527
LR-13383,FRA-13383,1.07,UNCLASSIFIED,SUR-68081
LR-13384,FRA-13384,7.6,UNCLASSIFIED,SUR-64378
LR-13385,FRA-13385,5.34,FOREST,SUR-87076
LR-13386,FRA-13386,1.16,COMMUNITY,SUR-66429
LR-13387,FRA-13387,7.87,COMMUNITY,SUR-76960
LR-13388,FRA-13388,1.13,FOREST,SUR-22441
LR-13389,FRA-13389,6.24,COMMUNITY,SUR-25726
LR-13390,FRA-13390,5.36,REVENUE,SUR-98295
LR-13391,FRA-13391,4.85,UNCLASSIFIED,SUR-31583
LR-13392,FRA-13392,1.02,COMMUNITY,SUR-73948
LR-13393,FRA-13393,7.95,COMMUNITY,SUR-54186
LR-13394,FRA-13394,0.6,UNCLASSIFIED,SUR-86380
LR-13395,FRA-13395,6.79,UNCLASSIFIED,SUR-92468
LR-13396,FRA-13396,7.09,COMMUNITY,SUR-67927
LR-13397,FRA-13397,1.22,COMMUNITY,SUR-36496
LR-13398,FRA-13398,1.76,UNCLASSIFIED,SUR-58493
LR-13399,FRA-13399,0.78,REVENUE,SUR-90421
LR-13400,FRA-13400,4.79,COMMUNITY,SUR-66894
LR-13401,FRA-13401,3.43,UNCLASSIFIED,SUR-32226
LR-13402,FRA-13402,5.58,REVENUE,SUR-56685
LR-13403,FRA-13403,3.37,COMMUNITY,SUR-41249
LR-13404,FRA-13404,1.96,FOREST,SUR-83767
LR-13405,FRA-13405,2.02,UNCLASSIFIED,SUR-38745
LR-13406,FRA-13406,4.02,UNCLASSIFIED,SUR-87656
LR-13407,FRA-13407,0.58,COMMUNITY,SUR-50178
LR-13408,FRA-13408,2.75,FOREST,SUR-93065
LR-13409,FRA-13409,7.31,UNCLASSIFIED,SUR-38631
LR-13410,FRA-13410,5.54,UNCLASSIFIED,SUR-52093
LR-13411,FRA-13411,2.0,UNCLASSIFIED,SUR-60416
LR-13412,FRA-13412,7.65,REVENUE,SUR-99221
LR-13413,FRA-13413,2.38,COMMUNITY,SUR-35267
LR-13414,FRA-13414,1.34,COMMUNITY,SUR-70459
LR-13415,FRA-13415,4.19,COMMUNITY,SUR-55742
LR-13416,FRA-13416,5.48,REVENUE,SUR-72051
LR-13417,FRA-13417,4.7,UNCLASSIFIED,SUR-76466
LR-13418,FRA-13418,4.05,FOREST,SUR-97948
LR-13419,FRA-13419,4.12,UNCLASSIFIED,SUR-38512
LR-13420,FRA-13420,5.54,REVENUE,SUR-78170
LR-13421,FRA-13421,6.3,FOREST,SUR-62670
LR-13422,FRA-13422,4.93,UNCLASSIFIED,SUR-95062
LR-13423,FRA-13423,4.48,REVENUE,SUR-14479
LR-13424,FRA-13424,5.05,UNCLASSIFIED,SUR-62909
LR-13425,FRA-13425,1.76,FOREST,SUR-42529
LR-13426,FRA-13426,4.06,REVENUE,SUR-17584
LR-13427,FRA-13427,4.03,COMMUNITY,SUR-42123
LR-13428,FRA-13428,7.18,FOREST,SUR-99013
LR-13429,FRA-13429,8.13,COMMUNITY,SUR-60556
LR-13430,FRA-13430,1.68,FOREST,SUR-83641
LR-13431,FRA-13431,2.76,FOREST,SUR-72868
LR-13432,FRA-13432,6.05,FOREST,SUR-41480
LR-13433,FRA-13433,5.94,UNCLASSIFIED,SUR-63040
LR-13434,FRA-13434,6.59,UNCLASSIFIED,SUR-75007
LR-13435,FRA-13435,2.84,REVENUE,SUR-67646
LR-13436,FRA-13436,6.39,FOREST,SUR-33909
LR-13437,FRA-13437,6.1,FOREST,SUR-62161
LR-13438,FRA-13438,3.63,FOREST,SUR-49848
LR-13439,FRA-13439,7.06,FOREST,SUR-78682
LR-13440,FRA-13440,4.26,REVENUE,SUR-26764
LR-13441,FRA-13441,2.56,COMMUNITY,SUR-57826
LR-13442,FRA-13442,0.93,COMMUNITY,SUR-61680
LR-13443,FRA-13443,5.42,FOREST,SUR-66569
LR-13444,FRA-13444,3.22,REVENUE,SUR-48441
LR-13445,FRA-13445,1.05,UNCLASSIFIED,SUR-53010
LR-13446,FRA-13446,0.62,REVENUE,SUR-40863
LR-13447,FRA-13447,6.03,FOREST,SUR-77357
LR-13448,FRA-13448,4.92,COMMUNITY,SUR-53731
LR-13449,FRA-13449,2.23,REVENUE,SUR-12886
LR-13450,FRA-13450,1.75,UNCLASSIFIED,SUR-89515
LR-13451,FRA-13451,3.57,FOREST,SUR-60015
LR-13452,FRA-13452,3.48,FOREST,SUR-40951
LR-13453,FRA-13453,3.17,REVENUE,SUR-45561
LR-13454,FRA-13454,3.47,REVENUE,SUR-13946
LR-13455,FRA-13455,1.73,REVENUE,SUR-59423
LR-13456,FRA-13456,5.33,UNCLASSIFIED,SUR-88973
LR-13457,FRA-13457,4.32,FOREST,SUR-91687
LR-13458,FRA-13458,3.71,REVENUE,SUR-72969
LR-13459,FRA-13459,6.19,REVENUE,SUR-90078
LR-13460,FRA-13460,1.73,FOREST,SUR-98600
LR-13461,FRA-13461,4.07,REVENUE,SUR-88725
LR-13462,FRA-13462,5.34,UNCLASSIFIED,SUR-42090
LR-13463,FRA-13463,3.58,UNCLASSIFIED,SUR-40465
LR-13464,FRA-13464,2.4,UNCLASSIFIED,SUR-49735
LR-13465,FRA-13465,3.75,REVENUE,SUR-43647
LR-13466,FRA-13466,1.84,REVENUE,SUR-43379
LR-13467,FRA-13467,1.16,UNCLASSIFIED,SUR-78765
LR-13468,FRA-13468,1.65,COMMUNITY,SUR-11911
LR-13469,FRA-13469,5.69,FOREST,SUR-95413
LR-13470,FRA-13470,7.02,COMMUNITY,SUR-30275
LR-13471,FRA-13471,3.3,COMMUNITY,SUR-16953
LR-13472,FRA-13472,2.79,REVENUE,SUR-93681
LR-13473,FRA-13473,5.96,FOREST,SUR-38885
LR-13474,FRA-13474,1.69,REVENUE,SUR-76864
LR-13475,FRA-13475,3.12,UNCLASSIFIED,SUR-26432
LR-13476,FRA-13476,5.57,UNCLASSIFIED,SUR-53659
LR-13477,FRA-13477,5.5,REVENUE,SUR-97802
LR-13478,FRA-13478,2.54,UNCLASSIFIED,SUR-24240
LR-13479,FRA-13479,4.88,COMMUNITY,SUR-59621
LR-13480,FRA-13480,7.29,FOREST,SUR-86605
LR-13481,FRA-13481,3.94,FOREST,SUR-14973
LR-13482,FRA-13482,1.89,COMMUNITY,SUR-55376
LR-13483,FRA-13483,4.05,REVENUE,SUR-87895
LR-13484,FRA-13484,4.61,UNCLASSIFIED,SUR-79567
LR-13485,FRA-13485,4.16,REVENUE,SUR-11588
LR-13486,FRA-13486,5.48,FOREST,SUR-69098
LR-13487,FRA-13487,6.08,UNCLASSIFIED,SUR-56750
LR-13488,FRA-13488,0.68,FOREST,SUR-43041
LR-13489,FRA-13489,4.84,REVENUE,SUR-15430
LR-13490,FRA-13490,5.26,FOREST,SUR-25832
LR-13491,FRA-13491,7.26,COMMUNITY,SUR-26426
LR-13492,FRA-13492,5.15,COMMUNITY,SUR-33979
LR-13493,FRA-13493,2.46,FOREST,SUR-19861
LR-13494,FRA-13494,1.09,COMMUNITY,SUR-19104
LR-13495,FRA-13495,7.49,REVENUE,SUR-22638
LR-13496,FRA-13496,6.36,UNCLASSIFIED,SUR-18035
LR-13497,FRA-13497,4.46,FOREST,SUR-70179
LR-13498,FRA-13498,6.73,FOREST,SUR-55199
LR-13499,FRA-13499,2.96,REVENUE,SUR-62227
LR-13500,FRA-13500,4.13,REVENUE,SUR-73318
LR-13501,FRA-13501,1.93,REVENUE,SUR-13251
LR-13502,FRA-13502,0.67,COMMUNITY,SUR-68546
LR-13503,FRA-13503,2.7,UNCLASSIFIED,SUR-28489
LR-13504,FRA-13504,1.68,FOREST,SUR-81314
LR-13505,FRA-13505,7.7,UNCLASSIFIED,SUR-20364
LR-13506,FRA-13506,5.39,UNCLASSIFIED,SUR-26629
LR-13507,FRA-13507,1.27,UNCLASSIFIED,SUR-64469
LR-13508,FRA-13508,7.28,UNCLASSIFIED,SUR-10861
LR-13509,FRA-13509,2.56,COMMUNITY,SUR-66063
LR-13510,FRA-13510,2.91,UNCLASSIFIED,SUR-73227
LR-13511,FRA-13511,4.98,UNCLASSIFIED,SUR-13949
LR-13512,FRA-13512,4.86,FOREST,SUR-91393
LR-13513,FRA-13513,2.17,UNCLASSIFIED,SUR-19869
LR-13514,FRA-13514,5.8,FOREST,SUR-61582
LR-13515,FRA-13515,1.91,UNCLASSIFIED,SUR-62114
LR-13516,FRA-13516,2.87,REVENUE,SUR-63400
LR-13517,FRA-13517,3.8,REVENUE,SUR-48639
LR-13518,FRA-13518,2.23,COMMUNITY,SUR-27102
LR-13519,FRA-13519,4.08,REVENUE,SUR-83420
LR-13520,FRA-13520,6.14,COMMUNITY,SUR-78316
LR-13521,FRA-13521,4.18,UNCLASSIFIED,SUR-43070
LR-13522,FRA-13522,3.48,REVENUE,SUR-18720
LR-13523,FRA-13523,5.4,COMMUNITY,SUR-10931
LR-13524,FRA-13524,2.93,COMMUNITY,SUR-25077
LR-13525,FRA-13525,0.83,REVENUE,SUR-93519
LR-13526,FRA-13526,7.75,COMMUNITY,SUR-42547
LR-13527,FRA-13527,3.64,FOREST,SUR-95737
LR-13528,FRA-13528,5.32,REVENUE,SUR-51075
LR-13529,FRA-13529,1.2,FOREST,SUR-52164
LR-13530,FRA-13530,4.94,FOREST,SUR-78964
LR-13531,FRA-13531,5.55,UNCLASSIFIED,SUR-52702
LR-13532,FRA-13532,3.47,FOREST,SUR-32098
LR-13533,FRA-13533,0.75,FOREST,SUR-10907
LR-13534,FRA-13534,4.46,REVENUE,SUR-16699
LR-13535,FRA-13535,6.99,UNCLASSIFIED,SUR-59605
LR-13536,FRA-13536,6.91,REVENUE,SUR-69551
LR-13537,FRA-13537,6.15,REVENUE,SUR-50154
LR-13538,FRA-13538,6.26,COMMUNITY,SUR-89823
LR-13539,FRA-13539,2.2,REVENUE,SUR-44412
LR-13540,FRA-13540,3.76,COMMUNITY,SUR-37257
LR-13541,FRA-13541,7.26,COMMUNITY,SUR-92210
LR-13542,FRA-13542,5.64,FOREST,SUR-19310
LR-13543,FRA-13543,2.65,FOREST,SUR-15781
LR-13544,FRA-13544,3.04,FOREST,SUR-83065
LR-13545,FRA-13545,6.86,COMMUNITY,SUR-99864
LR-13546,FRA-13546,5.14,FOREST,SUR-10188
LR-13547,FRA-13547,2.14,COMMUNITY,SUR-73372
LR-13548,FRA-13548,4.34,COMMUNITY,SUR-65701
LR-13549,FRA-13549,3.82,REVENUE,SUR-17125
LR-13550,FRA-13550,0.71,REVENUE,SUR-45000
LR-13551,FRA-13551,0.57,COMMUNITY,SUR-83881
LR-13552,FRA-13552,6.39,UNCLASSIFIED,SUR-57175
LR-13553,FRA-13553,2.81,UNCLASSIFIED,SUR-45045
LR-13554,FRA-13554,7.57,COMMUNITY,SUR-63111
LR-13555,FRA-13555,4.91,COMMUNITY,SUR-47726
LR-13556,FRA-13556,0.76,UNCLASSIFIED,SUR-89083
LR-13557,FRA-13557,1.37,COMMUNITY,SUR-83904
LR-13558,FRA-13558,1.99,UNCLASSIFIED,SUR-70557
LR-13559,FRA-13559,5.51,UNCLASSIFIED,SUR-16763
LR-13560,FRA-13560,4.86,COMMUNITY,SUR-71646
LR-13561,FRA-13561,5.6,FOREST,SUR-79002
LR-13562,FRA-13562,5.44,REVENUE,SUR-18826
LR-13563,FRA-13563,2.91,UNCLASSIFIED,SUR-49215
LR-13564,FRA-13564,7.76,UNCLASSIFIED,SUR-85133
LR-13565,FRA-13565,2.46,REVENUE,SUR-55685
LR-13566,FRA-13566,4.51,REVENUE,SUR-47876
LR-13567,FRA-13567,3.12,FOREST,SUR-47092
LR-13568,FRA-13568,5.32,REVENUE,SUR-78768
LR-13569,FRA-13569,2.12,UNCLASSIFIED,SUR-37270
LR-13570,FRA-13570,1.88,COMMUNITY,SUR-29758
LR-13571,FRA-13571,5.35,REVENUE,SUR-97628
LR-13572,FRA-13572,2.12,REVENUE,SUR-53752
LR-13573,FRA-13573,2.93,UNCLASSIFIED,SUR-20074
LR-13574,FRA-13574,4.44,COMMUNITY,SUR-16750
LR-13575,FRA-13575,7.63,REVENUE,SUR-76731
LR-13576,FRA-13576,2.28,FOREST,SUR-15740
LR-13577,FRA-13577,6.49,UNCLASSIFIED,SUR-92531
LR-13578,FRA-13578,4.06,UNCLASSIFIED,SUR-99051
LR-13579,FRA-13579,3.41,REVENUE,SUR-31470
LR-13580,FRA-13580,0.9,UNCLASSIFIED,SUR-83885
LR-13581,FRA-13581,5.01,REVENUE,SUR-16476
LR-13582,FRA-13582,1.62,FOREST,SUR-27249
LR-13583,FRA-13583,5.58,FOREST,SUR-11976
LR-13584,FRA-13584,5.03,UNCLASSIFIED,SUR-84340
LR-13585,FRA-13585,1.43,COMMUNITY,SUR-63464
LR-13586,FRA-13586,7.98,FOREST,SUR-46054
LR-13587,FRA-13587,0.84,FOREST,SUR-53825
LR-13588,FRA-13588,6.32,COMMUNITY,SUR-88409
LR-13589,FRA-13589,4.63,COMMUNITY,SUR-66646
LR-13590,FRA-13590,4.18,COMMUNITY,SUR-33147
LR-13591,FRA-13591,1.58,FOREST,SUR-22569
LR-13592,FRA-13592,4.55,REVENUE,SUR-85403
LR-13593,FRA-13593,2.69,UNCLASSIFIED,SUR-46481
LR-13594,FRA-13594,6.81,COMMUNITY,SUR-91807
LR-13595,FRA-13595,4.97,REVENUE,SUR-55267
LR-13596,FRA-13596,2.73,COMMUNITY,SUR-75923
LR-13597,FRA-13597,4.98,UNCLASSIFIED,SUR-57586
LR-13598,FRA-13598,6.58,COMMUNITY,SUR-93249
LR-13599,FRA-13599,5.7,COMMUNITY,SUR-19398
LR-13600,FRA-13600,6.65,COMMUNITY,SUR-73422
LR-13601,FRA-13601,2.71,COMMUNITY,SUR-39480
LR-13602,FRA-13602,7.04,COMMUNITY,SUR-34912
LR-13603,FRA-13603,2.45,FOREST,SUR-34423
LR-13604,FRA-13604,4.62,UNCLASSIFIED,SUR-48072
LR-13605,FRA-13605,4.0,FOREST,SUR-14805
LR-13606,FRA-13606,6.01,UNCLASSIFIED,SUR-50290
LR-13607,FRA-13607,0.93,REVENUE,SUR-19356
LR-13608,FRA-13608,4.43,FOREST,SUR-27051
LR-13609,FRA-13609,7.07,UNCLASSIFIED,SUR-82041
LR-13610,FRA-13610,7.39,COMMUNITY,SUR-19433
LR-13611,FRA-13611,1.44,UNCLASSIFIED,SUR-25054
LR-13612,FRA-13612,6.78,REVENUE,SUR-44504
LR-13613,FRA-13613,2.92,REVENUE,SUR-25923
LR-13614,FRA-13614,1.54,REVENUE,SUR-49405
LR-13615,FRA-13615,5.08,UNCLASSIFIED,SUR-15108
LR-13616,FRA-13616,6.53,COMMUNITY,SUR-17722
LR-13617,FRA-13617,5.85,REVENUE,SUR-77678
LR-13618,FRA-13618,5.99,REVENUE,SUR-49040
LR-13619,FRA-13619,5.19,UNCLASSIFIED,SUR-67323
LR-13620,FRA-13620,7.07,REVENUE,SUR-45532
LR-13621,FRA-13621,4.37,REVENUE,SUR-42957
LR-13622,FRA-13622,6.04,UNCLASSIFIED,SUR-85541
LR-13623,FRA-13623,1.14,COMMUNITY,SUR-25353
LR-13624,FRA-13624,7.0,FOREST,SUR-82702
LR-13625,FRA-13625,5.44,FOREST,SUR-79288
LR-13626,FRA-13626,3.45,COMMUNITY,SUR-56428
LR-13627,FRA-13627,7.42,REVENUE,SUR-57278
LR-13628,FRA-13628,3.16,COMMUNITY,SUR-18851
LR-13629,FRA-13629,3.31,UNCLASSIFIED,SUR-62288
LR-13630,FRA-13630,2.53,FOREST,SUR-41065
LR-13631,FRA-13631,6.03,FOREST,SUR-46579
LR-13632,FRA-13632,6.33,FOREST,SUR-80566
LR-13633,FRA-13633,3.47,UNCLASSIFIED,SUR-58132
LR-13634,FRA-13634,2.69,REVENUE,SUR-75073
LR-13635,FRA-13635,6.27,FOREST,SUR-10400
LR-13636,FRA-13636,2.37,FOREST,SUR-85602
LR-13637,FRA-13637,2.76,COMMUNITY,SUR-88541
LR-13638,FRA-13638,1.11,UNCLASSIFIED,SUR-27332
LR-13639,FRA-13639,5.35,UNCLASSIFIED,SUR-56622
LR-13640,FRA-13640,2.83,REVENUE,SUR-35162
LR-13641,FRA-13641,4.59,UNCLASSIFIED,SUR-63820
LR-13642,FRA-13642,5.38,FOREST,SUR-77120
LR-13643,FRA-13643,2.68,REVENUE,SUR-85029
LR-13644,FRA-13644,2.42,FOREST,SUR-51595
LR-13645,FRA-13645,6.15,COMMUNITY,SUR-76279
LR-13646,FRA-13646,6.17,COMMUNITY,SUR-42839
LR-13647,FRA-13647,3.04,COMMUNITY,SUR-59415
LR-13648,FRA-13648,4.84,REVENUE,SUR-34026
LR-13649,FRA-13649,5.09,FOREST,SUR-90998
LR-13650,FRA-13650,6.91,REVENUE,SUR-46326
LR-13651,FRA-13651,8.03,UNCLASSIFIED,SUR-83409
LR-13652,FRA-13652,6.44,REVENUE,SUR-87965
LR-13653,FRA-13653,3.59,COMMUNITY,SUR-73460
LR-13654,FRA-13654,3.63,COMMUNITY,SUR-21080
LR-13655,FRA-13655,2.76,REVENUE,SUR-44658
LR-13656,FRA-13656,4.48,UNCLASSIFIED,SUR-18954
LR-13657,FRA-13657,1.09,REVENUE,SUR-52913
LR-13658,FRA-13658,5.19,UNCLASSIFIED,SUR-72597
LR-13659,FRA-13659,7.32,UNCLASSIFIED,SUR-45723
LR-13660,FRA-13660,6.77,REVENUE,SUR-97507
LR-13661,FRA-13661,1.33,REVENUE,SUR-89305
LR-13662,FRA-13662,2.85,FOREST,SUR-53475
LR-13663,FRA-13663,5.41,FOREST,SUR-83688
LR-13664,FRA-13664,3.62,UNCLASSIFIED,SUR-18228
LR-13665,FRA-13665,7.92,UNCLASSIFIED,SUR-41465
LR-13666,FRA-13666,2.4,UNCLASSIFIED,SUR-77575
LR-13667,FRA-13667,5.06,REVENUE,SUR-73915
LR-13668,FRA-13668,3.72,FOREST,SUR-62908
LR-13669,FRA-13669,1.15,REVENUE,SUR-19878
LR-13670,FRA-13670,1.79,UNCLASSIFIED,SUR-72851
LR-13671,FRA-13671,2.8,UNCLASSIFIED,SUR-95492
LR-13672,FRA-13672,3.32,UNCLASSIFIED,SUR-89912
LR-13673,FRA-13673,8.05,REVENUE,SUR-48314
LR-13674,FRA-13674,2.64,COMMUNITY,SUR-51246
LR-13675,FRA-13675,6.36,UNCLASSIFIED,SUR-13409
LR-13676,FRA-13676,6.55,REVENUE,SUR-35318
LR-13677,FRA-13677,2.07,FOREST,SUR-14333
LR-13678,FRA-13678,3.04,UNCLASSIFIED,SUR-71764
LR-13679,FRA-13679,3.71,COMMUNITY,SUR-38364
LR-13680,FRA-13680,3.37,UNCLASSIFIED,SUR-75608
LR-13681,FRA-13681,2.69,REVENUE,SUR-27339
LR-13682,FRA-13682,5.02,COMMUNITY,SUR-29244
LR-13683,FRA-13683,6.32,COMMUNITY,SUR-16571
LR-13684,FRA-13684,0.67,FOREST,SUR-38250
LR-13685,FRA-13685,6.46,COMMUNITY,SUR-91484
LR-13686,FRA-13686,7.19,FOREST,SUR-50679
LR-13687,FRA-13687,3.29,COMMUNITY,SUR-37685
LR-13688,FRA-13688,1.91,COMMUNITY,SUR-91192
LR-13689,FRA-13689,5.52,FOREST,SUR-88940
LR-13690,FRA-13690,3.78,COMMUNITY,SUR-81045
LR-13691,FRA-13691,7.51,FOREST,SUR-54607
LR-13692,FRA-13692,1.97,UNCLASSIFIED,SUR-37207
LR-13693,FRA-13693,1.27,COMMUNITY,SUR-38893
LR-13694,FRA-13694,7.78,FOREST,SUR-49378
LR-13695,FRA-13695,5.46,COMMUNITY,SUR-14140
LR-13696,FRA-13696,6.73,COMMUNITY,SUR-36086
LR-13697,FRA-13697,5.83,COMMUNITY,SUR-30338
LR-13698,FRA-13698,7.66,COMMUNITY,SUR-28927
LR-13699,FRA-13699,7.5,REVENUE,SUR-89788
LR-13700,FRA-13700,4.09,UNCLASSIFIED,SUR-84300
LR-13701,FRA-13701,2.32,COMMUNITY,SUR-95698
LR-13702,FRA-13702,2.55,FOREST,SUR-14876
LR-13703,FRA-13703,7.19,FOREST,SUR-86371
LR-13704,FRA-13704,4.42,UNCLASSIFIED,SUR-18027
LR-13705,FRA-13705,1.49,COMMUNITY,SUR-77516
LR-13706,FRA-13706,3.11,UNCLASSIFIED,SUR-83869
LR-13707,FRA-13707,1.0,UNCLASSIFIED,SUR-85982
LR-13708,FRA-13708,3.74,COMMUNITY,SUR-23033
LR-13709,FRA-13709,5.88,REVENUE,SUR-77166
LR-13710,FRA-13710,5.29,FOREST,SUR-67146
LR-13711,FRA-13711,1.66,FOREST,SUR-58848
LR-13712,FRA-13712,6.85,COMMUNITY,SUR-21937
LR-13713,FRA-13713,4.85,REVENUE,SUR-82311
LR-13714,FRA-13714,4.51,REVENUE,SUR-60326
LR-13715,FRA-13715,0.75,FOREST,SUR-48143
LR-13716,FRA-13716,0.87,FOREST,SUR-46921
LR-13717,FRA-13717,3.88,COMMUNITY,SUR-54016
LR-13718,FRA-13718,4.23,UNCLASSIFIED,SUR-62363
LR-13719,FRA-13719,3.59,FOREST,SUR-18341
LR-13720,FRA-13720,2.65,REVENUE,SUR-84021
LR-13721,FRA-13721,1.33,COMMUNITY,SUR-93230
LR-13722,FRA-13722,5.93,REVENUE,SUR-40863
LR-13723,FRA-13723,2.01,UNCLASSIFIED,SUR-50291
LR-13724,FRA-13724,3.81,FOREST,SUR-25427
LR-13725,FRA-13725,0.88,UNCLASSIFIED,SUR-11371
LR-13726,FRA-13726,6.47,UNCLASSIFIED,SUR-86121
LR-13727,FRA-13727,4.42,UNCLASSIFIED,SUR-92191
LR-13728,FRA-13728,2.31,COMMUNITY,SUR-32280
LR-13729,FRA-13729,3.57,UNCLASSIFIED,SUR-25299
LR-13730,FRA-13730,6.1,UNCLASSIFIED,SUR-67429
LR-13731,FRA-13731,7.88,FOREST,SUR-51634
LR-13732,FRA-13732,2.99,FOREST,SUR-70330
LR-13733,FRA-13733,2.81,UNCLASSIFIED,SUR-35669
LR-13734,FRA-13734,1.81,REVENUE,SUR-43860
LR-13735,FRA-13735,6.3,REVENUE,SUR-95207
LR-13736,FRA-13736,3.49,COMMUNITY,SUR-19547
LR-13737,FRA-13737,1.63,COMMUNITY,SUR-77311
LR-13738,FRA-13738,1.61,COMMUNITY,SUR-61081
LR-13739,FRA-13739,0.51,FOREST,SUR-98214
LR-13740,FRA-13740,2.92,FOREST,SUR-14357
LR-13741,FRA-13741,5.76,COMMUNITY,SUR-25704
LR-13742,FRA-13742,6.67,FOREST,SUR-45469
LR-13743,FRA-13743,6.94,UNCLASSIFIED,SUR-32068
LR-13744,FRA-13744,3.99,UNCLASSIFIED,SUR-14322
LR-13745,FRA-13745,6.77,FOREST,SUR-25477
LR-13746,FRA-13746,5.58,REVENUE,SUR-37574
LR-13747,FRA-13747,0.72,UNCLASSIFIED,SUR-81943
LR-13748,FRA-13748,1.3,REVENUE,SUR-35740
LR-13749,FRA-13749,7.13,FOREST,SUR-50877
LR-13750,FRA-13750,2.06,FOREST,SUR-44758
LR-13751,FRA-13751,6.72,REVENUE,SUR-41151
LR-13752,FRA-13752,2.77,FOREST,SUR-21144
LR-13753,FRA-13753,2.33,FOREST,SUR-74406
LR-13754,FRA-13754,3.99,REVENUE,SUR-27136
LR-13755,FRA-13755,1.0,COMMUNITY,SUR-99081
LR-13756,FRA-13756,4.51,FOREST,SUR-75490
LR-13757,FRA-13757,4.39,FOREST,SUR-56095
LR-13758,FRA-13758,3.29,COMMUNITY,SUR-41271
LR-13759,FRA-13759,0.56,REVENUE,SUR-83441
LR-13760,FRA-13760,1.44,REVENUE,SUR-85862
LR-13761,FRA-13761,2.55,REVENUE,SUR-90051
LR-13762,FRA-13762,1.48,COMMUNITY,SUR-90179
LR-13763,FRA-13763,2.91,FOREST,SUR-44442
LR-13764,FRA-13764,1.5,COMMUNITY,SUR-27837
LR-13765,FRA-13765,1.74,COMMUNITY,SUR-16577
LR-13766,FRA-13766,2.4,UNCLASSIFIED,SUR-54335
LR-13767,FRA-13767,7.88,UNCLASSIFIED,SUR-10609
LR-13768,FRA-13768,4.61,FOREST,SUR-77113
LR-13769,FRA-13769,1.68,UNCLASSIFIED,SUR-53203
LR-13770,FRA-13770,5.87,UNCLASSIFIED,SUR-65118
LR-13771,FRA-13771,7.35,REVENUE,SUR-35862
LR-13772,FRA-13772,6.51,REVENUE,SUR-99111
LR-13773,FRA-13773,3.41,REVENUE,SUR-33737
LR-13774,FRA-13774,5.45,FOREST,SUR-40484
LR-13775,FRA-13775,5.4,REVENUE,SUR-40821
LR-13776,FRA-13776,7.0,COMMUNITY,SUR-39513
LR-13777,FRA-13777,7.48,COMMUNITY,SUR-44140
LR-13778,FRA-13778,6.88,REVENUE,SUR-14273
LR-13779,FRA-13779,6.31,UNCLASSIFIED,SUR-25531
LR-13780,FRA-13780,4.71,COMMUNITY,SUR-88239
LR-13781,FRA-13781,3.33,REVENUE,SUR-64299
LR-13782,FRA-13782,6.35,REVENUE,SUR-60142
LR-13783,FRA-13783,3.68,UNCLASSIFIED,SUR-79290
LR-13784,FRA-13784,5.78,FOREST,SUR-45763
LR-13785,FRA-13785,5.65,UNCLASSIFIED,SUR-51093
LR-13786,FRA-13786,7.39,REVENUE,SUR-25818
LR-13787,FRA-13787,2.99,FOREST,SUR-39713
LR-13788,FRA-13788,2.97,REVENUE,SUR-56633
LR-13789,FRA-13789,5.58,REVENUE,SUR-34881
LR-13790,FRA-13790,4.49,COMMUNITY,SUR-90949
LR-13791,FRA-13791,2.24,COMMUNITY,SUR-94823
LR-13792,FRA-13792,3.45,UNCLASSIFIED,SUR-58616
LR-13793,FRA-13793,7.76,COMMUNITY,SUR-75870
LR-13794,FRA-13794,6.46,COMMUNITY,SUR-25912
LR-13795,FRA-13795,2.04,COMMUNITY,SUR-43086
LR-13796,FRA-13796,2.61,COMMUNITY,SUR-30825
LR-13797,FRA-13797,3.38,FOREST,SUR-69346
LR-13798,FRA-13798,4.95,FOREST,SUR-91455
LR-13799,FRA-13799,7.33,FOREST,SUR-75408
LR-13800,FRA-13800,1.5,REVENUE,SUR-86695
LR-13801,FRA-13801,3.94,COMMUNITY,SUR-52205
LR-13802,FRA-13802,5.29,UNCLASSIFIED,SUR-81327
LR-13803,FRA-13803,6.26,UNCLASSIFIED,SUR-54911
LR-13804,FRA-13804,1.82,UNCLASSIFIED,SUR-16427
LR-13805,FRA-13805,3.29,UNCLASSIFIED,SUR-99502
LR-13806,FRA-13806,6.1,REVENUE,SUR-23090
LR-13807,FRA-13807,3.48,UNCLASSIFIED,SUR-93200
LR-13808,FRA-13808,6.78,REVENUE,SUR-62313
LR-13809,FRA-13809,6.93,UNCLASSIFIED,SUR-50581
LR-13810,FRA-13810,2.74,UNCLASSIFIED,SUR-31304
LR-13811,FRA-13811,4.7,COMMUNITY,SUR-52044
LR-13812,FRA-13812,5.64,COMMUNITY,SUR-40874
LR-13813,FRA-13813,2.23,REVENUE,SUR-48730
LR-13814,FRA-13814,3.4,COMMUNITY,SUR-53411
LR-13815,FRA-13815,0.66,COMMUNITY,SUR-50393
LR-13816,FRA-13816,0.85,FOREST,SUR-34743
LR-13817,FRA-13817,2.94,REVENUE,SUR-85257
LR-13818,FRA-13818,2.58,FOREST,SUR-17181
LR-13819,FRA-13819,8.21,FOREST,SUR-74732
LR-13820,FRA-13820,5.87,UNCLASSIFIED,SUR-79800
LR-13821,FRA-13821,3.32,COMMUNITY,SUR-83625
LR-13822,FRA-13822,1.68,FOREST,SUR-86475
LR-13823,FRA-13823,3.01,REVENUE,SUR-55724
LR-13824,FRA-13824,1.58,UNCLASSIFIED,SUR-73714
LR-13825,FRA-13825,6.47,COMMUNITY,SUR-18732
LR-13826,FRA-13826,7.58,UNCLASSIFIED,SUR-44385
LR-13827,FRA-13827,6.04,UNCLASSIFIED,SUR-38884
LR-13828,FRA-13828,3.68,REVENUE,SUR-13617
LR-13829,FRA-13829,6.38,COMMUNITY,SUR-44793
LR-13830,FRA-13830,2.28,COMMUNITY,SUR-87347
LR-13831,FRA-13831,5.78,COMMUNITY,SUR-39308
LR-13832,FRA-13832,5.2,COMMUNITY,SUR-39208
LR-13833,FRA-13833,1.85,FOREST,SUR-18617
LR-13834,FRA-13834,2.16,UNCLASSIFIED,SUR-13336
LR-13835,FRA-13835,5.2,FOREST,SUR-91061
LR-13836,FRA-13836,6.54,COMMUNITY,SUR-56872
LR-13837,FRA-13837,0.62,UNCLASSIFIED,SUR-52013
LR-13838,FRA-13838,2.65,FOREST,SUR-85204
LR-13839,FRA-13839,8.09,UNCLASSIFIED,SUR-22147
LR-13840,FRA-13840,1.05,COMMUNITY,SUR-57189
LR-13841,FRA-13841,0.92,FOREST,SUR-59098
LR-13842,FRA-13842,7.35,REVENUE,SUR-39532
LR-13843,FRA-13843,8.0,UNCLASSIFIED,SUR-36934
LR-13844,FRA-13844,7.44,COMMUNITY,SUR-87628
LR-13845,FRA-13845,5.65,FOREST,SUR-25726
LR-13846,FRA-13846,5.09,UNCLASSIFIED,SUR-11632
LR-13847,FRA-13847,4.34,FOREST,SUR-77196
LR-13848,FRA-13848,2.23,COMMUNITY,SUR-96351
LR-13849,FRA-13849,6.43,UNCLASSIFIED,SUR-24602
LR-13850,FRA-13850,4.45,REVENUE,SUR-27447
LR-13851,FRA-13851,6.52,UNCLASSIFIED,SUR-98600
LR-13852,FRA-13852,3.06,FOREST,SUR-75275
LR-13853,FRA-13853,3.29,REVENUE,SUR-90373
LR-13854,FRA-13854,1.66,REVENUE,SUR-23863
LR-13855,FRA-13855,2.62,REVENUE,SUR-25239
LR-13856,FRA-13856,2.16,COMMUNITY,SUR-13546
LR-13857,FRA-13857,4.27,COMMUNITY,SUR-87830
LR-13858,FRA-13858,6.58,FOREST,SUR-68689
LR-13859,FRA-13859,2.37,COMMUNITY,SUR-73568
LR-13860,FRA-13860,2.9,COMMUNITY,SUR-59664
LR-13861,FRA-13861,2.09,FOREST,SUR-39335
LR-13862,FRA-13862,2.29,UNCLASSIFIED,SUR-25988
LR-13863,FRA-13863,8.33,REVENUE,SUR-46051
LR-13864,FRA-13864,8.03,UNCLASSIFIED,SUR-55290
LR-13865,FRA-13865,1.69,UNCLASSIFIED,SUR-37490
LR-13866,FRA-13866,6.84,REVENUE,SUR-64402
LR-13867,FRA-13867,8.03,FOREST,SUR-79175
LR-13868,FRA-13868,4.59,FOREST,SUR-63967
LR-13869,FRA-13869,1.81,FOREST,SUR-88091
LR-13870,FRA-13870,7.03,FOREST,SUR-13200
LR-13871,FRA-13871,1.24,UNCLASSIFIED,SUR-32374
LR-13872,FRA-13872,0.69,COMMUNITY,SUR-74980
LR-13873,FRA-13873,1.64,UNCLASSIFIED,SUR-31343
LR-13874,FRA-13874,3.34,FOREST,SUR-21799
LR-13875,FRA-13875,3.53,COMMUNITY,SUR-46181
LR-13876,FRA-13876,1.42,COMMUNITY,SUR-22072
LR-13877,FRA-13877,4.4,REVENUE,SUR-81917
LR-13878,FRA-13878,5.36,REVENUE,SUR-24045
LR-13879,FRA-13879,2.0,FOREST,SUR-36945
LR-13880,FRA-13880,0.62,COMMUNITY,SUR-30980
LR-13881,FRA-13881,7.75,UNCLASSIFIED,SUR-88893
LR-13882,FRA-13882,3.17,COMMUNITY,SUR-67276
LR-13883,FRA-13883,2.99,FOREST,SUR-46371
LR-13884,FRA-13884,1.58,COMMUNITY,SUR-29309
LR-13885,FRA-13885,2.03,COMMUNITY,SUR-77053
LR-13886,FRA-13886,0.81,COMMUNITY,SUR-34265
LR-13887,FRA-13887,6.18,UNCLASSIFIED,SUR-90093
LR-13888,FRA-13888,4.38,REVENUE,SUR-65988
LR-13889,FRA-13889,5.03,REVENUE,SUR-92843
LR-13890,FRA-13890,4.57,COMMUNITY,SUR-18091
LR-13891,FRA-13891,6.77,FOREST,SUR-81215
LR-13892,FRA-13892,1.35,COMMUNITY,SUR-64097
LR-13893,FRA-13893,2.82,COMMUNITY,SUR-90273
LR-13894,FRA-13894,4.01,REVENUE,SUR-59318
LR-13895,FRA-13895,6.16,COMMUNITY,SUR-19303
LR-13896,FRA-13896,0.6,COMMUNITY,SUR-15217
LR-13897,FRA-13897,2.37,UNCLASSIFIED,SUR-87471
LR-13898,FRA-13898,2.11,REVENUE,SUR-74269
LR-13899,FRA-13899,2.53,UNCLASSIFIED,SUR-17215
LR-13900,FRA-13900,5.54,REVENUE,SUR-69476
LR-13901,FRA-13901,7.48,REVENUE,SUR-90484
LR-13902,FRA-13902,7.06,COMMUNITY,SUR-87073
LR-13903,FRA-13903,4.27,COMMUNITY,SUR-20401
LR-13904,FRA-13904,1.5,COMMUNITY,SUR-76436
LR-13905,FRA-13905,7.04,UNCLASSIFIED,SUR-51437
LR-13906,FRA-13906,6.03,COMMUNITY,SUR-93429
LR-13907,FRA-13907,6.44,REVENUE,SUR-64910
LR-13908,FRA-13908,3.76,REVENUE,SUR-30137
LR-13909,FRA-13909,5.99,UNCLASSIFIED,SUR-70586
LR-13910,FRA-13910,3.76,COMMUNITY,SUR-90234
LR-13911,FRA-13911,1.68,UNCLASSIFIED,SUR-95294
LR-13912,FRA-13912,6.27,COMMUNITY,SUR-52038
LR-13913,FRA-13913,4.04,FOREST,SUR-55163
LR-13914,FRA-13914,0.54,REVENUE,SUR-71399
LR-13915,FRA-13915,2.6,COMMUNITY,SUR-54926
LR-13916,FRA-13916,0.71,COMMUNITY,SUR-57068
LR-13917,FRA-13917,7.42,UNCLASSIFIED,SUR-64687
LR-13918,FRA-13918,7.83,REVENUE,SUR-97102
LR-13919,FRA-13919,2.05,COMMUNITY,SUR-98079
LR-13920,FRA-13920,1.22,UNCLASSIFIED,SUR-30154
LR-13921,FRA-13921,1.0,FOREST,SUR-59331
LR-13922,FRA-13922,7.31,COMMUNITY,SUR-18435
LR-13923,FRA-13923,4.55,REVENUE,SUR-28130
LR-13924,FRA-13924,1.59,REVENUE,SUR-60154
LR-13925,FRA-13925,6.05,UNCLASSIFIED,SUR-54525
LR-13926,FRA-13926,2.42,REVENUE,SUR-14028
LR-13927,FRA-13927,1.4,FOREST,SUR-64136
LR-13928,FRA-13928,4.7,UNCLASSIFIED,SUR-44021
LR-13929,FRA-13929,6.74,UNCLASSIFIED,SUR-83914
LR-13930,FRA-13930,2.92,FOREST,SUR-11235
LR-13931,FRA-13931,6.37,FOREST,SUR-55402
LR-13932,FRA-13932,3.46,FOREST,SUR-14263
LR-13933,FRA-13933,3.01,UNCLASSIFIED,SUR-97581
LR-13934,FRA-13934,3.25,FOREST,SUR-18193
LR-13935,FRA-13935,4.5,FOREST,SUR-54158
LR-13936,FRA-13936,4.14,REVENUE,SUR-55683
LR-13937,FRA-13937,3.19,UNCLASSIFIED,SUR-30846
LR-13938,FRA-13938,5.16,REVENUE,SUR-82009
LR-13939,FRA-13939,1.66,UNCLASSIFIED,SUR-27926
LR-13940,FRA-13940,6.41,COMMUNITY,SUR-61876
LR-13941,FRA-13941,2.6,COMMUNITY,SUR-60006
LR-13942,FRA-13942,5.61,FOREST,SUR-42181
LR-13943,FRA-13943,1.35,COMMUNITY,SUR-62294
LR-13944,FRA-13944,6.72,COMMUNITY,SUR-76999
LR-13945,FRA-13945,0.53,UNCLASSIFIED,SUR-71456
LR-13946,FRA-13946,6.97,REVENUE,SUR-36298
LR-13947,FRA-13947,3.4,UNCLASSIFIED,SUR-62935
LR-13948,FRA-13948,4.11,COMMUNITY,SUR-12527
LR-13949,FRA-13949,4.18,COMMUNITY,SUR-75071
LR-13950,FRA-13950,2.54,COMMUNITY,SUR-77475
LR-13951,FRA-13951,0.57,UNCLASSIFIED,SUR-23851
LR-13952,FRA-13952,5.55,REVENUE,SUR-83273
LR-13953,FRA-13953,3.24,UNCLASSIFIED,SUR-11043
LR-13954,FRA-13954,1.37,COMMUNITY,SUR-26868
LR-13955,FRA-13955,6.63,UNCLASSIFIED,SUR-74125
LR-13956,FRA-13956,2.5,UNCLASSIFIED,SUR-98652
LR-13957,FRA-13957,4.19,UNCLASSIFIED,SUR-65556
LR-13958,FRA-13958,1.62,REVENUE,SUR-80124
LR-13959,FRA-13959,1.8,UNCLASSIFIED,SUR-52698
LR-13960,FRA-13960,5.71,REVENUE,SUR-23858
LR-13961,FRA-13961,7.88,FOREST,SUR-38565
LR-13962,FRA-13962,0.91,UNCLASSIFIED,SUR-38723
LR-13963,FRA-13963,2.02,REVENUE,SUR-44553
LR-13964,FRA-13964,7.17,UNCLASSIFIED,SUR-30578
LR-13965,FRA-13965,2.25,UNCLASSIFIED,SUR-43544
LR-13966,FRA-13966,1.96,FOREST,SUR-11604
LR-13967,FRA-13967,5.71,REVENUE,SUR-16944
LR-13968,FRA-13968,7.3,UNCLASSIFIED,SUR-94213
LR-13969,FRA-13969,6.86,UNCLASSIFIED,SUR-21180
LR-13970,FRA-13970,1.03,REVENUE,SUR-93704
LR-13971,FRA-13971,5.52,UNCLASSIFIED,SUR-97898
LR-13972,FRA-13972,7.76,COMMUNITY,SUR-17925
LR-13973,FRA-13973,1.13,FOREST,SUR-39223
LR-13974,FRA-13974,3.54,FOREST,SUR-80771
LR-13975,FRA-13975,2.62,REVENUE,SUR-84422
LR-13976,FRA-13976,2.61,FOREST,SUR-55147
LR-13977,FRA-13977,6.98,COMMUNITY,SUR-42115
LR-13978,FRA-13978,6.16,REVENUE,SUR-46656
LR-13979,FRA-13979,7.27,REVENUE,SUR-50805
LR-13980,FRA-13980,7.46,UNCLASSIFIED,SUR-89369
LR-13981,FRA-13981,0.7,REVENUE,SUR-20604
LR-13982,FRA-13982,5.83,COMMUNITY,SUR-17912
LR-13983,FRA-13983,2.59,COMMUNITY,SUR-55993
LR-13984,FRA-13984,5.77,UNCLASSIFIED,SUR-77045
LR-13985,FRA-13985,1.8,FOREST,SUR-74573
LR-13986,FRA-13986,0.53,COMMUNITY,SUR-50119
LR-13987,FRA-13987,1.98,FOREST,SUR-65056
LR-13988,FRA-13988,5.51,COMMUNITY,SUR-88781
LR-13989,FRA-13989,1.71,UNCLASSIFIED,SUR-13359
LR-13990,FRA-13990,3.35,REVENUE,SUR-10557
LR-13991,FRA-13991,0.62,COMMUNITY,SUR-12498
LR-13992,FRA-13992,2.34,UNCLASSIFIED,SUR-40463
LR-13993,FRA-13993,1.87,REVENUE,SUR-99175
LR-13994,FRA-13994,2.36,COMMUNITY,SUR-24838
LR-13995,FRA-13995,3.83,REVENUE,SUR-42213
LR-13996,FRA-13996,4.27,FOREST,SUR-68643
LR-13997,FRA-13997,7.01,REVENUE,SUR-72904
LR-13998,FRA-13998,4.75,UNCLASSIFIED,SUR-13995
LR-13999,FRA-13999,7.44,REVENUE,SUR-30219
LR-14000,FRA-14000,3.42,UNCLASSIFIED,SUR-68083
LR-14001,FRA-14001,7.14,REVENUE,SUR-38469
LR-14002,FRA-14002,3.85,REVENUE,SUR-46654
LR-14003,FRA-14003,4.6,FOREST,SUR-37718
LR-14004,FRA-14004,1.81,UNCLASSIFIED,SUR-96575
LR-14005,FRA-14005,7.52,COMMUNITY,SUR-78769
LR-14006,FRA-14006,3.76,COMMUNITY,SUR-12151
LR-14007,FRA-14007,6.24,COMMUNITY,SUR-52151
LR-14008,FRA-14008,5.71,REVENUE,SUR-29595
LR-14009,FRA-14009,5.63,REVENUE,SUR-75113
LR-14010,FRA-14010,2.07,REVENUE,SUR-80454
LR-14011,FRA-14011,2.15,FOREST,SUR-30308
LR-14012,FRA-14012,3.62,COMMUNITY,SUR-84498
LR-14013,FRA-14013,2.31,REVENUE,SUR-22571
LR-14014,FRA-14014,5.24,REVENUE,SUR-37342
LR-14015,FRA-14015,7.14,COMMUNITY,SUR-18541
LR-14016,FRA-14016,6.53,FOREST,SUR-18368
LR-14017,FRA-14017,5.13,UNCLASSIFIED,SUR-27689
LR-14018,FRA-14018,2.53,FOREST,SUR-83352
LR-14019,FRA-14019,2.49,COMMUNITY,SUR-44530
LR-14020,FRA-14020,0.64,COMMUNITY,SUR-70169
LR-14021,FRA-14021,7.18,UNCLASSIFIED,SUR-59881
LR-14022,FRA-14022,3.45,FOREST,SUR-57279
LR-14023,FRA-14023,2.9,COMMUNITY,SUR-13813
LR-14024,FRA-14024,3.19,UNCLASSIFIED,SUR-85095
LR-14025,FRA-14025,2.42,REVENUE,SUR-52677
LR-14026,FRA-14026,7.15,COMMUNITY,SUR-75154
LR-14027,FRA-14027,1.0,REVENUE,SUR-40743
LR-14028,FRA-14028,6.64,FOREST,SUR-44494
LR-14029,FRA-14029,2.63,REVENUE,SUR-57762
LR-14030,FRA-14030,3.53,FOREST,SUR-57226
LR-14031,FRA-14031,1.33,COMMUNITY,SUR-45331
LR-14032,FRA-14032,4.48,COMMUNITY,SUR-91162
LR-14033,FRA-14033,6.24,COMMUNITY,SUR-66057
LR-14034,FRA-14034,1.22,REVENUE,SUR-61844
LR-14035,FRA-14035,3.04,UNCLASSIFIED,SUR-65778
LR-14036,FRA-14036,5.15,UNCLASSIFIED,SUR-33724
LR-14037,FRA-14037,5.24,REVENUE,SUR-62939
LR-14038,FRA-14038,1.87,REVENUE,SUR-55286
LR-14039,FRA-14039,3.91,REVENUE,SUR-68407
LR-14040,FRA-14040,5.68,COMMUNITY,SUR-78451
LR-14041,FRA-14041,1.85,COMMUNITY,SUR-11980
LR-14042,FRA-14042,4.69,UNCLASSIFIED,SUR-54767
LR-14043,FRA-14043,1.49,FOREST,SUR-88291
LR-14044,FRA-14044,1.33,COMMUNITY,SUR-10794
LR-14045,FRA-14045,7.16,COMMUNITY,SUR-52654
LR-14046,FRA-14046,1.77,FOREST,SUR-59754
LR-14047,FRA-14047,1.84,COMMUNITY,SUR-19398
LR-14048,FRA-14048,1.27,FOREST,SUR-50845
LR-14049,FRA-14049,4.17,REVENUE,SUR-87957
LR-14050,FRA-14050,4.22,COMMUNITY,SUR-79397
LR-14051,FRA-14051,4.49,COMMUNITY,SUR-42865
LR-14052,FRA-14052,0.5,FOREST,SUR-77272
LR-14053,FRA-14053,6.25,REVENUE,SUR-37096
LR-14054,FRA-14054,2.29,COMMUNITY,SUR-70860
LR-14055,FRA-14055,6.17,COMMUNITY,SUR-37422
LR-14056,FRA-14056,1.96,UNCLASSIFIED,SUR-18117
LR-14057,FRA-14057,4.13,FOREST,SUR-60692
LR-14058,FRA-14058,1.91,COMMUNITY,SUR-47818
LR-14059,FRA-14059,6.06,COMMUNITY,SUR-70620
LR-14060,FRA-14060,4.58,UNCLASSIFIED,SUR-46533
LR-14061,FRA-14061,3.03,COMMUNITY,SUR-67100
LR-14062,FRA-14062,5.72,FOREST,SUR-42163
LR-14063,FRA-14063,0.99,COMMUNITY,SUR-69515
LR-14064,FRA-14064,3.61,COMMUNITY,SUR-38197
LR-14065,FRA-14065,5.71,COMMUNITY,SUR-59778
LR-14066,FRA-14066,1.91,UNCLASSIFIED,SUR-23370
LR-14067,FRA-14067,4.59,REVENUE,SUR-23447
LR-14068,FRA-14068,1.89,COMMUNITY,SUR-43995
LR-14069,FRA-14069,2.05,COMMUNITY,SUR-51868
LR-14070,FRA-14070,1.42,FOREST,SUR-20282
LR-14071,FRA-14071,1.8,REVENUE,SUR-54262
LR-14072,FRA-14072,6.02,COMMUNITY,SUR-68252
LR-14073,FRA-14073,3.01,UNCLASSIFIED,SUR-67283
LR-14074,FRA-14074,2.03,UNCLASSIFIED,SUR-76693
LR-14075,FRA-14075,4.59,REVENUE,SUR-97540
LR-14076,FRA-14076,7.1,COMMUNITY,SUR-60957
LR-14077,FRA-14077,1.43,UNCLASSIFIED,SUR-38540
LR-14078,FRA-14078,1.5,UNCLASSIFIED,SUR-79866
LR-14079,FRA-14079,3.52,FOREST,SUR-49937
LR-14080,FRA-14080,3.29,FOREST,SUR-96902
LR-14081,FRA-14081,2.87,COMMUNITY,SUR-81828
LR-14082,FRA-14082,4.1,COMMUNITY,SUR-53702
LR-14083,FRA-14083,0.77,FOREST,SUR-99407
LR-14084,FRA-14084,1.49,COMMUNITY,SUR-11869
LR-14085,FRA-14085,2.36,COMMUNITY,SUR-19458
LR-14086,FRA-14086,1.33,REVENUE,SUR-88604
LR-14087,FRA-14087,4.13,REVENUE,SUR-84868
LR-14088,FRA-14088,6.72,FOREST,SUR-31687
LR-14089,FRA-14089,7.76,FOREST,SUR-89689
LR-14090,FRA-14090,2.42,FOREST,SUR-19804
LR-14091,FRA-14091,1.55,FOREST,SUR-79649
LR-14092,FRA-14092,3.89,UNCLASSIFIED,SUR-28134
LR-14093,FRA-14093,2.06,UNCLASSIFIED,SUR-45600
LR-14094,FRA-14094,7.08,COMMUNITY,SUR-30694
LR-14095,FRA-14095,6.43,COMMUNITY,SUR-84500
LR-14096,FRA-14096,6.98,REVENUE,SUR-53083
LR-14097,FRA-14097,1.46,REVENUE,SUR-88064
LR-14098,FRA-14098,7.55,FOREST,SUR-97690
LR-14099,FRA-14099,7.23,FOREST,SUR-52397
LR-14100,FRA-14100,2.1,REVENUE,SUR-28578
LR-14101,FRA-14101,2.47,UNCLASSIFIED,SUR-36346
LR-14102,FRA-14102,1.1,COMMUNITY,SUR-36568
LR-14103,FRA-14103,7.45,UNCLASSIFIED,SUR-88100
LR-14104,FRA-14104,2.09,REVENUE,SUR-22403
LR-14105,FRA-14105,6.39,FOREST,SUR-80787
LR-14106,FRA-14106,1.37,REVENUE,SUR-62209
LR-14107,FRA-14107,3.73,FOREST,SUR-84135
LR-14108,FRA-14108,6.56,FOREST,SUR-81717
LR-14109,FRA-14109,1.97,UNCLASSIFIED,SUR-19331
LR-14110,FRA-14110,6.28,COMMUNITY,SUR-22761
LR-14111,FRA-14111,1.52,REVENUE,SUR-39175
LR-14112,FRA-14112,5.99,UNCLASSIFIED,SUR-41935
LR-14113,FRA-14113,8.17,COMMUNITY,SUR-33900
LR-14114,FRA-14114,1.2,REVENUE,SUR-13098
LR-14115,FRA-14115,5.83,FOREST,SUR-87018
LR-14116,FRA-14116,0.87,REVENUE,SUR-86678
LR-14117,FRA-14117,5.61,FOREST,SUR-92005
LR-14118,FRA-14118,6.99,FOREST,SUR-87410
LR-14119,FRA-14119,5.46,UNCLASSIFIED,SUR-21333
LR-14120,FRA-14120,1.89,UNCLASSIFIED,SUR-40493
LR-14121,FRA-14121,5.85,UNCLASSIFIED,SUR-30805
LR-14122,FRA-14122,5.41,REVENUE,SUR-51264
LR-14123,FRA-14123,6.04,FOREST,SUR-34912
LR-14124,FRA-14124,1.81,COMMUNITY,SUR-99803
LR-14125,FRA-14125,6.93,REVENUE,SUR-54282
LR-14126,FRA-14126,0.62,COMMUNITY,SUR-66203
LR-14127,FRA-14127,1.44,COMMUNITY,SUR-71411
LR-14128,FRA-14128,7.16,FOREST,SUR-11654
LR-14129,FRA-14129,1.85,COMMUNITY,SUR-77000
LR-14130,FRA-14130,2.13,COMMUNITY,SUR-29226
LR-14131,FRA-14131,0.6,REVENUE,SUR-42341
LR-14132,FRA-14132,5.11,UNCLASSIFIED,SUR-19245
LR-14133,FRA-14133,5.83,REVENUE,SUR-94013
LR-14134,FRA-14134,4.53,UNCLASSIFIED,SUR-89215
LR-14135,FRA-14135,2.85,REVENUE,SUR-20871
LR-14136,FRA-14136,7.14,COMMUNITY,SUR-86574
LR-14137,FRA-14137,2.02,UNCLASSIFIED,SUR-79078
LR-14138,FRA-14138,3.17,FOREST,SUR-49940
LR-14139,FRA-14139,6.84,UNCLASSIFIED,SUR-46472
LR-14140,FRA-14140,3.06,UNCLASSIFIED,SUR-12352
LR-14141,FRA-14141,4.38,REVENUE,SUR-63645
LR-14142,FRA-14142,3.49,REVENUE,SUR-55510
LR-14143,FRA-14143,0.83,REVENUE,SUR-11316
LR-14144,FRA-14144,5.02,FOREST,SUR-10438
LR-14145,FRA-14145,2.1,UNCLASSIFIED,SUR-55179
LR-14146,FRA-14146,6.18,FOREST,SUR-29405
LR-14147,FRA-14147,2.67,COMMUNITY,SUR-61237
LR-14148,FRA-14148,1.36,REVENUE,SUR-59858
LR-14149,FRA-14149,5.51,UNCLASSIFIED,SUR-69990
LR-14150,FRA-14150,1.63,COMMUNITY,SUR-80812
LR-14151,FRA-14151,4.82,UNCLASSIFIED,SUR-14646
LR-14152,FRA-14152,6.79,FOREST,SUR-81234
LR-14153,FRA-14153,2.12,FOREST,SUR-85628
LR-14154,FRA-14154,5.54,COMMUNITY,SUR-37760
LR-14155,FRA-14155,6.53,REVENUE,SUR-56886
LR-14156,FRA-14156,1.78,REVENUE,SUR-50082
LR-14157,FRA-14157,7.59,COMMUNITY,SUR-48786
LR-14158,FRA-14158,5.46,FOREST,SUR-84859
LR-14159,FRA-14159,3.5,FOREST,SUR-38231
LR-14160,FRA-14160,5.24,FOREST,SUR-28676
LR-14161,FRA-14161,0.68,UNCLASSIFIED,SUR-99118
LR-14162,FRA-14162,1.6,REVENUE,SUR-24891
LR-14163,FRA-14163,4.27,UNCLASSIFIED,SUR-61435
LR-14164,FRA-14164,5.17,REVENUE,SUR-39809
LR-14165,FRA-14165,4.16,REVENUE,SUR-34410
LR-14166,FRA-14166,3.81,UNCLASSIFIED,SUR-57055
LR-14167,FRA-14167,6.01,REVENUE,SUR-46311
LR-14168,FRA-14168,1.46,COMMUNITY,SUR-28925
LR-14169,FRA-14169,1.12,COMMUNITY,SUR-47309
LR-14170,FRA-14170,3.31,REVENUE,SUR-18822
LR-14171,FRA-14171,4.09,UNCLASSIFIED,SUR-67421
LR-14172,FRA-14172,5.11,UNCLASSIFIED,SUR-32995
LR-14173,FRA-14173,1.2,FOREST,SUR-27385
LR-14174,FRA-14174,4.38,UNCLASSIFIED,SUR-96629
LR-14175,FRA-14175,6.93,COMMUNITY,SUR-84274
LR-14176,FRA-14176,5.26,UNCLASSIFIED,SUR-59028
LR-14177,FRA-14177,4.02,FOREST,SUR-59727
LR-14178,FRA-14178,6.29,FOREST,SUR-17846
LR-14179,FRA-14179,6.17,COMMUNITY,SUR-57174
LR-14180,FRA-14180,4.39,FOREST,SUR-82062
LR-14181,FRA-14181,4.18,UNCLASSIFIED,SUR-37042
LR-14182,FRA-14182,2.42,FOREST,SUR-91936
LR-14183,FRA-14183,3.05,FOREST,SUR-85191
LR-14184,FRA-14184,7.14,UNCLASSIFIED,SUR-33258
LR-14185,FRA-14185,1.54,REVENUE,SUR-70100
LR-14186,FRA-14186,4.38,COMMUNITY,SUR-95960
LR-14187,FRA-14187,3.17,COMMUNITY,SUR-31649
LR-14188,FRA-14188,3.71,UNCLASSIFIED,SUR-13484
LR-14189,FRA-14189,2.45,COMMUNITY,SUR-93338
LR-14190,FRA-14190,2.0,UNCLASSIFIED,SUR-73059
LR-14191,FRA-14191,1.04,REVENUE,SUR-28166
LR-14192,FRA-14192,3.32,REVENUE,SUR-37001
LR-14193,FRA-14193,6.0,UNCLASSIFIED,SUR-75302
LR-14194,FRA-14194,6.39,COMMUNITY,SUR-95732
LR-14195,FRA-14195,6.59,FOREST,SUR-98313
LR-14196,FRA-14196,5.11,COMMUNITY,SUR-58651
LR-14197,FRA-14197,1.85,REVENUE,SUR-99294
LR-14198,FRA-14198,0.95,UNCLASSIFIED,SUR-31282
LR-14199,FRA-14199,3.62,UNCLASSIFIED,SUR-95020
LR-14200,FRA-14200,6.66,COMMUNITY,SUR-64270
LR-14201,FRA-14201,7.38,FOREST,SUR-80461
LR-14202,FRA-14202,1.37,UNCLASSIFIED,SUR-16461
LR-14203,FRA-14203,6.3,REVENUE,SUR-44545
LR-14204,FRA-14204,1.37,UNCLASSIFIED,SUR-77488
LR-14205,FRA-14205,4.14,REVENUE,SUR-50025
LR-14206,FRA-14206,6.17,COMMUNITY,SUR-21536
LR-14207,FRA-14207,6.92,COMMUNITY,SUR-63966
LR-14208,FRA-14208,0.66,COMMUNITY,SUR-35082
LR-14209,FRA-14209,3.96,REVENUE,SUR-39255
LR-14210,FRA-14210,8.03,FOREST,SUR-71697
LR-14211,FRA-14211,3.43,FOREST,SUR-26066
LR-14212,FRA-14212,6.1,FOREST,SUR-47378
LR-14213,FRA-14213,6.9,FOREST,SUR-94999
LR-14214,FRA-14214,3.08,REVENUE,SUR-35241
LR-14215,FRA-14215,3.55,FOREST,SUR-42054
LR-14216,FRA-14216,1.37,COMMUNITY,SUR-52359
LR-14217,FRA-14217,2.28,UNCLASSIFIED,SUR-15796
LR-14218,FRA-14218,1.85,REVENUE,SUR-94840
LR-14219,FRA-14219,5.4,COMMUNITY,SUR-60360
LR-14220,FRA-14220,4.26,UNCLASSIFIED,SUR-49874
LR-14221,FRA-14221,2.02,REVENUE,SUR-75745
LR-14222,FRA-14222,3.53,COMMUNITY,SUR-96452
LR-14223,FRA-14223,0.73,REVENUE,SUR-54345
LR-14224,FRA-14224,6.19,UNCLASSIFIED,SUR-58265
LR-14225,FRA-14225,6.28,REVENUE,SUR-21199
LR-14226,FRA-14226,7.83,REVENUE,SUR-28046
LR-14227,FRA-14227,7.05,FOREST,SUR-32873
LR-14228,FRA-14228,2.94,COMMUNITY,SUR-93733
LR-14229,FRA-14229,6.26,FOREST,SUR-46213
LR-14230,FRA-14230,1.23,REVENUE,SUR-24279
LR-14231,FRA-14231,6.52,COMMUNITY,SUR-52244
LR-14232,FRA-14232,4.87,REVENUE,SUR-37047
LR-14233,FRA-14233,0.87,FOREST,SUR-89070
LR-14234,FRA-14234,7.82,UNCLASSIFIED,SUR-81231
LR-14235,FRA-14235,5.89,FOREST,SUR-98482
LR-14236,FRA-14236,4.06,UNCLASSIFIED,SUR-67975
LR-14237,FRA-14237,4.14,UNCLASSIFIED,SUR-51694
LR-14238,FRA-14238,4.16,COMMUNITY,SUR-22233
LR-14239,FRA-14239,2.75,COMMUNITY,SUR-62774
LR-14240,FRA-14240,0.93,REVENUE,SUR-92393
LR-14241,FRA-14241,5.16,REVENUE,SUR-17229
LR-14242,FRA-14242,4.93,FOREST,SUR-64713
LR-14243,FRA-14243,2.66,UNCLASSIFIED,SUR-10400
LR-14244,FRA-14244,1.44,UNCLASSIFIED,SUR-41405
LR-14245,FRA-14245,2.29,UNCLASSIFIED,SUR-33396
LR-14246,FRA-14246,3.82,UNCLASSIFIED,SUR-65554
LR-14247,FRA-14247,3.87,REVENUE,SUR-15907
LR-14248,FRA-14248,4.98,UNCLASSIFIED,SUR-14240
LR-14249,FRA-14249,6.79,COMMUNITY,SUR-21533
LR-14250,FRA-14250,1.19,FOREST,SUR-64398
LR-14251,FRA-14251,1.96,COMMUNITY,SUR-76711
LR-14252,FRA-14252,1.92,UNCLASSIFIED,SUR-57958
LR-14253,FRA-14253,3.62,FOREST,SUR-37258
LR-14254,FRA-14254,6.8,COMMUNITY,SUR-38321
LR-14255,FRA-14255,3.17,REVENUE,SUR-88780
LR-14256,FRA-14256,6.71,FOREST,SUR-32671
LR-14257,FRA-14257,6.21,REVENUE,SUR-94818
LR-14258,FRA-14258,2.05,REVENUE,SUR-51658
LR-14259,FRA-14259,5.6,FOREST,SUR-28349
LR-14260,FRA-14260,2.24,REVENUE,SUR-45160
LR-14261,FRA-14261,3.51,FOREST,SUR-71911
LR-14262,FRA-14262,7.63,FOREST,SUR-58934
LR-14263,FRA-14263,3.64,COMMUNITY,SUR-13675
LR-14264,FRA-14264,5.95,REVENUE,SUR-48040
LR-14265,FRA-14265,1.8,COMMUNITY,SUR-94391
LR-14266,FRA-14266,7.62,REVENUE,SUR-61477
LR-14267,FRA-14267,8.31,UNCLASSIFIED,SUR-55504
LR-14268,FRA-14268,3.43,FOREST,SUR-60686
LR-14269,FRA-14269,2.16,COMMUNITY,SUR-59048
LR-14270,FRA-14270,4.65,REVENUE,SUR-81269
LR-14271,FRA-14271,3.44,REVENUE,SUR-13444
LR-14272,FRA-14272,4.8,UNCLASSIFIED,SUR-25355
LR-14273,FRA-14273,2.81,FOREST,SUR-76678
LR-14274,FRA-14274,4.41,REVENUE,SUR-92066
LR-14275,FRA-14275,1.57,REVENUE,SUR-74211
LR-14276,FRA-14276,2.58,REVENUE,SUR-57332
LR-14277,FRA-14277,4.22,REVENUE,SUR-66519
LR-14278,FRA-14278,4.76,FOREST,SUR-74319
LR-14279,FRA-14279,2.44,REVENUE,SUR-98428
LR-14280,FRA-14280,1.89,FOREST,SUR-85043
LR-14281,FRA-14281,2.38,REVENUE,SUR-63183
LR-14282,FRA-14282,3.08,COMMUNITY,SUR-88931
LR-14283,FRA-14283,6.23,UNCLASSIFIED,SUR-92406
LR-14284,FRA-14284,6.83,COMMUNITY,SUR-73557
LR-14285,FRA-14285,0.87,FOREST,SUR-40432
LR-14286,FRA-14286,1.6,FOREST,SUR-58870
LR-14287,FRA-14287,2.45,UNCLASSIFIED,SUR-17401
LR-14288,FRA-14288,6.86,FOREST,SUR-91783
LR-14289,FRA-14289,1.96,FOREST,SUR-38574
LR-14290,FRA-14290,1.18,REVENUE,SUR-82775
LR-14291,FRA-14291,2.91,FOREST,SUR-94113
LR-14292,FRA-14292,7.85,FOREST,SUR-94077
LR-14293,FRA-14293,4.49,FOREST,SUR-14385
LR-14294,FRA-14294,2.44,UNCLASSIFIED,SUR-71687
LR-14295,FRA-14295,7.41,FOREST,SUR-95915
LR-14296,FRA-14296,1.31,COMMUNITY,SUR-89339
LR-14297,FRA-14297,4.61,COMMUNITY,SUR-66966
LR-14298,FRA-14298,7.71,FOREST,SUR-10947
LR-14299,FRA-14299,0.93,FOREST,SUR-70848
LR-14300,FRA-14300,2.31,FOREST,SUR-31681
LR-14301,FRA-14301,1.1,COMMUNITY,SUR-60991
LR-14302,FRA-14302,2.4,COMMUNITY,SUR-75136
LR-14303,FRA-14303,2.89,UNCLASSIFIED,SUR-18357
LR-14304,FRA-14304,5.11,COMMUNITY,SUR-50797
LR-14305,FRA-14305,6.46,REVENUE,SUR-86292
LR-14306,FRA-14306,2.93,REVENUE,SUR-23603
LR-14307,FRA-14307,7.05,FOREST,SUR-71970
LR-14308,FRA-14308,6.24,REVENUE,SUR-70230
LR-14309,FRA-14309,1.78,REVENUE,SUR-64612
LR-14310,FRA-14310,6.23,UNCLASSIFIED,SUR-10713
LR-14311,FRA-14311,4.73,FOREST,SUR-46098
LR-14312,FRA-14312,4.65,FOREST,SUR-54580
LR-14313,FRA-14313,7.94,FOREST,SUR-76722
LR-14314,FRA-14314,2.45,UNCLASSIFIED,SUR-43215
LR-14315,FRA-14315,5.0,UNCLASSIFIED,SUR-82362
LR-14316,FRA-14316,6.41,COMMUNITY,SUR-74141
LR-14317,FRA-14317,1.81,FOREST,SUR-95382
LR-14318,FRA-14318,8.0,UNCLASSIFIED,SUR-86272
LR-14319,FRA-14319,1.24,UNCLASSIFIED,SUR-45178
LR-14320,FRA-14320,7.22,UNCLASSIFIED,SUR-22001
LR-14321,FRA-14321,6.78,UNCLASSIFIED,SUR-92166
LR-14322,FRA-14322,7.63,REVENUE,SUR-17280
LR-14323,FRA-14323,7.67,REVENUE,SUR-19851
LR-14324,FRA-14324,5.27,COMMUNITY,SUR-86729
LR-14325,FRA-14325,2.8,REVENUE,SUR-27754
LR-14326,FRA-14326,4.62,FOREST,SUR-74450
LR-14327,FRA-14327,4.05,REVENUE,SUR-82630
LR-14328,FRA-14328,7.16,FOREST,SUR-19990
LR-14329,FRA-14329,5.15,COMMUNITY,SUR-99001
LR-14330,FRA-14330,2.65,COMMUNITY,SUR-49480
LR-14331,FRA-14331,1.57,UNCLASSIFIED,SUR-18416
LR-14332,FRA-14332,4.36,REVENUE,SUR-37729
LR-14333,FRA-14333,2.97,FOREST,SUR-64166
LR-14334,FRA-14334,7.92,REVENUE,SUR-43466
LR-14335,FRA-14335,8.09,REVENUE,SUR-81959
LR-14336,FRA-14336,6.33,COMMUNITY,SUR-79759
LR-14337,FRA-14337,0.96,COMMUNITY,SUR-61810
LR-14338,FRA-14338,1.67,FOREST,SUR-49979
LR-14339,FRA-14339,5.99,FOREST,SUR-48804
LR-14340,FRA-14340,2.78,FOREST,SUR-90880
LR-14341,FRA-14341,1.87,REVENUE,SUR-13119
LR-14342,FRA-14342,6.11,UNCLASSIFIED,SUR-15980
LR-14343,FRA-14343,4.45,FOREST,SUR-88425
LR-14344,FRA-14344,5.05,FOREST,SUR-28496
LR-14345,FRA-14345,1.6,UNCLASSIFIED,SUR-66299
LR-14346,FRA-14346,3.55,FOREST,SUR-19704
LR-14347,FRA-14347,0.66,COMMUNITY,SUR-56110
LR-14348,FRA-14348,3.11,REVENUE,SUR-29502
LR-14349,FRA-14349,7.05,UNCLASSIFIED,SUR-60874
LR-14350,FRA-14350,5.82,COMMUNITY,SUR-50847
LR-14351,FRA-14351,7.3,REVENUE,SUR-95538
LR-14352,FRA-14352,1.39,COMMUNITY,SUR-16939
LR-14353,FRA-14353,4.76,FOREST,SUR-44417
LR-14354,FRA-14354,3.0,COMMUNITY,SUR-92966
LR-14355,FRA-14355,0.54,FOREST,SUR-52371
LR-14356,FRA-14356,1.09,UNCLASSIFIED,SUR-82702
LR-14357,FRA-14357,3.3,COMMUNITY,SUR-71727
LR-14358,FRA-14358,7.85,UNCLASSIFIED,SUR-59814
LR-14359,FRA-14359,3.97,UNCLASSIFIED,SUR-36997
LR-14360,FRA-14360,5.43,COMMUNITY,SUR-28121
LR-14361,FRA-14361,2.71,REVENUE,SUR-32713
LR-14362,FRA-14362,5.55,FOREST,SUR-45371
LR-14363,FRA-14363,1.07,UNCLASSIFIED,SUR-84535
LR-14364,FRA-14364,1.49,REVENUE,SUR-44426
LR-14365,FRA-14365,4.19,REVENUE,SUR-63703
LR-14366,FRA-14366,4.13,COMMUNITY,SUR-62230
LR-14367,FRA-14367,5.84,REVENUE,SUR-25222
LR-14368,FRA-14368,3.59,COMMUNITY,SUR-55928
LR-14369,FRA-14369,1.85,UNCLASSIFIED,SUR-88011
LR-14370,FRA-14370,6.92,COMMUNITY,SUR-90995
LR-14371,FRA-14371,7.73,UNCLASSIFIED,SUR-92966
LR-14372,FRA-14372,7.33,FOREST,SUR-11807
LR-14373,FRA-14373,4.19,REVENUE,SUR-10624
LR-14374,FRA-14374,3.99,REVENUE,SUR-32875
LR-14375,FRA-14375,2.29,FOREST,SUR-43330
LR-14376,FRA-14376,5.79,COMMUNITY,SUR-65702
LR-14377,FRA-14377,0.85,REVENUE,SUR-94301
LR-14378,FRA-14378,6.03,UNCLASSIFIED,SUR-13655
LR-14379,FRA-14379,2.33,UNCLASSIFIED,SUR-36298
LR-14380,FRA-14380,0.83,FOREST,SUR-16843
LR-14381,FRA-14381,5.12,COMMUNITY,SUR-76551
LR-14382,FRA-14382,6.06,REVENUE,SUR-75737
LR-14383,FRA-14383,2.37,COMMUNITY,SUR-67254
LR-14384,FRA-14384,4.93,UNCLASSIFIED,SUR-89377
LR-14385,FRA-14385,4.71,FOREST,SUR-68965
LR-14386,FRA-14386,4.11,COMMUNITY,SUR-61308
LR-14387,FRA-14387,0.79,FOREST,SUR-74350
LR-14388,FRA-14388,2.31,FOREST,SUR-11272
LR-14389,FRA-14389,6.0,REVENUE,SUR-90875
LR-14390,FRA-14390,6.24,UNCLASSIFIED,SUR-38841
LR-14391,FRA-14391,6.2,FOREST,SUR-90798
LR-14392,FRA-14392,2.22,FOREST,SUR-91518
LR-14393,FRA-14393,4.24,FOREST,SUR-46232
LR-14394,FRA-14394,1.97,COMMUNITY,SUR-81477
LR-14395,FRA-14395,3.66,COMMUNITY,SUR-20729
LR-14396,FRA-14396,7.39,FOREST,SUR-78868
LR-14397,FRA-14397,1.47,COMMUNITY,SUR-30739
LR-14398,FRA-14398,0.94,UNCLASSIFIED,SUR-40652
LR-14399,FRA-14399,4.48,COMMUNITY,SUR-63397
LR-14400,FRA-14400,5.95,UNCLASSIFIED,SUR-80547
LR-14401,FRA-14401,5.06,REVENUE,SUR-90510
LR-14402,FRA-14402,5.94,FOREST,SUR-11684
LR-14403,FRA-14403,7.16,UNCLASSIFIED,SUR-93803
LR-14404,FRA-14404,6.81,REVENUE,SUR-31089
LR-14405,FRA-14405,5.75,UNCLASSIFIED,SUR-77986
LR-14406,FRA-14406,5.6,UNCLASSIFIED,SUR-68897
LR-14407,FRA-14407,5.77,REVENUE,SUR-69328
LR-14408,FRA-14408,0.7,FOREST,SUR-33171
LR-14409,FRA-14409,3.35,COMMUNITY,SUR-66928
LR-14410,FRA-14410,1.69,COMMUNITY,SUR-64957
LR-14411,FRA-14411,1.83,COMMUNITY,SUR-27386
LR-14412,FRA-14412,4.45,UNCLASSIFIED,SUR-96313
LR-14413,FRA-14413,0.73,REVENUE,SUR-72334
LR-14414,FRA-14414,6.39,UNCLASSIFIED,SUR-74836
LR-14415,FRA-14415,6.01,UNCLASSIFIED,SUR-55911
LR-14416,FRA-14416,3.17,REVENUE,SUR-43053
LR-14417,FRA-14417,3.99,UNCLASSIFIED,SUR-96312
LR-14418,FRA-14418,2.38,UNCLASSIFIED,SUR-32117
LR-14419,FRA-14419,3.07,REVENUE,SUR-53291
LR-14420,FRA-14420,3.31,FOREST,SUR-63361
LR-14421,FRA-14421,4.28,UNCLASSIFIED,SUR-37344
LR-14422,FRA-14422,3.36,COMMUNITY,SUR-49807
LR-14423,FRA-14423,7.23,COMMUNITY,SUR-83453
LR-14424,FRA-14424,1.35,REVENUE,SUR-87774
LR-14425,FRA-14425,2.86,REVENUE,SUR-80821
LR-14426,FRA-14426,0.56,FOREST,SUR-73823
LR-14427,FRA-14427,7.24,REVENUE,SUR-94542
LR-14428,FRA-14428,6.02,COMMUNITY,SUR-53910
LR-14429,FRA-14429,7.69,UNCLASSIFIED,SUR-53257
LR-14430,FRA-14430,3.83,UNCLASSIFIED,SUR-93944
LR-14431,FRA-14431,7.5,COMMUNITY,SUR-54471
LR-14432,FRA-14432,3.66,COMMUNITY,SUR-50393
LR-14433,FRA-14433,3.68,REVENUE,SUR-61084
LR-14434,FRA-14434,3.15,COMMUNITY,SUR-43402
LR-14435,FRA-14435,5.62,REVENUE,SUR-31057
LR-14436,FRA-14436,4.06,REVENUE,SUR-56878
LR-14437,FRA-14437,6.8,UNCLASSIFIED,SUR-66313
LR-14438,FRA-14438,2.88,FOREST,SUR-15144
LR-14439,FRA-14439,6.66,COMMUNITY,SUR-50427
LR-14440,FRA-14440,7.19,REVENUE,SUR-89811
LR-14441,FRA-14441,1.05,COMMUNITY,SUR-36576
LR-14442,FRA-14442,1.04,UNCLASSIFIED,SUR-31917
LR-14443,FRA-14443,0.71,FOREST,SUR-67478
LR-14444,FRA-14444,8.22,FOREST,SUR-69738
LR-14445,FRA-14445,1.29,REVENUE,SUR-23507
LR-14446,FRA-14446,2.94,UNCLASSIFIED,SUR-79239
LR-14447,FRA-14447,5.9,UNCLASSIFIED,SUR-14212
LR-14448,FRA-14448,6.83,FOREST,SUR-96207
LR-14449,FRA-14449,3.01,FOREST,SUR-85020
LR-14450,FRA-14450,6.4,FOREST,SUR-44051
LR-14451,FRA-14451,4.93,FOREST,SUR-42360
LR-14452,FRA-14452,1.62,UNCLASSIFIED,SUR-56356
LR-14453,FRA-14453,3.53,UNCLASSIFIED,SUR-28637
LR-14454,FRA-14454,2.55,UNCLASSIFIED,SUR-38155
LR-14455,FRA-14455,4.34,UNCLASSIFIED,SUR-28575
LR-14456,FRA-14456,4.88,COMMUNITY,SUR-93319
LR-14457,FRA-14457,4.43,REVENUE,SUR-57440
LR-14458,FRA-14458,4.33,FOREST,SUR-65787
LR-14459,FRA-14459,6.17,COMMUNITY,SUR-63849
LR-14460,FRA-14460,4.57,COMMUNITY,SUR-31685
LR-14461,FRA-14461,2.61,FOREST,SUR-57653
LR-14462,FRA-14462,2.41,UNCLASSIFIED,SUR-62976
LR-14463,FRA-14463,5.11,COMMUNITY,SUR-71284
LR-14464,FRA-14464,7.67,REVENUE,SUR-57128
LR-14465,FRA-14465,7.04,REVENUE,SUR-35021
LR-14466,FRA-14466,0.55,UNCLASSIFIED,SUR-75370
LR-14467,FRA-14467,4.81,REVENUE,SUR-18911
LR-14468,FRA-14468,5.43,UNCLASSIFIED,SUR-51979
LR-14469,FRA-14469,2.81,COMMUNITY,SUR-98586
LR-14470,FRA-14470,2.28,COMMUNITY,SUR-97731
LR-14471,FRA-14471,6.43,UNCLASSIFIED,SUR-51057
LR-14472,FRA-14472,6.0,FOREST,SUR-83715
LR-14473,FRA-14473,1.22,UNCLASSIFIED,SUR-26524
LR-14474,FRA-14474,3.36,REVENUE,SUR-17898
LR-14475,FRA-14475,1.21,COMMUNITY,SUR-29945
LR-14476,FRA-14476,6.28,REVENUE,SUR-32690
LR-14477,FRA-14477,2.23,REVENUE,SUR-14683
LR-14478,FRA-14478,6.07,UNCLASSIFIED,SUR-28045
LR-14479,FRA-14479,1.51,UNCLASSIFIED,SUR-12118
LR-14480,FRA-14480,0.62,REVENUE,SUR-22467
LR-14481,FRA-14481,3.99,COMMUNITY,SUR-46477
LR-14482,FRA-14482,6.54,COMMUNITY,SUR-35148
LR-14483,FRA-14483,3.12,FOREST,SUR-71409
LR-14484,FRA-14484,4.21,COMMUNITY,SUR-17100
LR-14485,FRA-14485,0.49,COMMUNITY,SUR-33178
LR-14486,FRA-14486,6.93,UNCLASSIFIED,SUR-48945
LR-14487,FRA-14487,0.57,FOREST,SUR-99508
LR-14488,FRA-14488,1.77,UNCLASSIFIED,SUR-26456
LR-14489,FRA-14489,7.7,REVENUE,SUR-54124
LR-14490,FRA-14490,5.36,FOREST,SUR-38799
LR-14491,FRA-14491,2.78,FOREST,SUR-14397
LR-14492,FRA-14492,8.13,REVENUE,SUR-82485
LR-14493,FRA-14493,0.68,REVENUE,SUR-62811
LR-14494,FRA-14494,6.87,UNCLASSIFIED,SUR-81041
LR-14495,FRA-14495,5.04,REVENUE,SUR-88180
LR-14496,FRA-14496,2.93,UNCLASSIFIED,SUR-24258
LR-14497,FRA-14497,6.59,FOREST,SUR-59692
LR-14498,FRA-14498,6.18,COMMUNITY,SUR-14142
LR-14499,FRA-14499,3.3,COMMUNITY,SUR-88270
LR-14500,FRA-14500,4.09,REVENUE,SUR-49580
LR-14501,FRA-14501,5.25,COMMUNITY,SUR-73824
LR-14502,FRA-14502,6.64,REVENUE,SUR-40165
LR-14503,FRA-14503,4.64,FOREST,SUR-47520
LR-14504,FRA-14504,3.03,FOREST,SUR-61221
LR-14505,FRA-14505,6.51,FOREST,SUR-69967
LR-14506,FRA-14506,6.78,FOREST,SUR-76105
LR-14507,FRA-14507,5.8,COMMUNITY,SUR-20124
LR-14508,FRA-14508,7.09,UNCLASSIFIED,SUR-47834
LR-14509,FRA-14509,0.68,COMMUNITY,SUR-75726
LR-14510,FRA-14510,5.78,FOREST,SUR-14854
LR-14511,FRA-14511,3.61,COMMUNITY,SUR-44020
LR-14512,FRA-14512,1.87,FOREST,SUR-82562
LR-14513,FRA-14513,4.96,COMMUNITY,SUR-97916
LR-14514,FRA-14514,2.07,UNCLASSIFIED,SUR-91657
LR-14515,FRA-14515,6.1,COMMUNITY,SUR-84643
LR-14516,FRA-14516,4.28,COMMUNITY,SUR-37491
LR-14517,FRA-14517,6.92,REVENUE,SUR-91342
LR-14518,FRA-14518,3.81,UNCLASSIFIED,SUR-85149
LR-14519,FRA-14519,6.85,COMMUNITY,SUR-82600
LR-14520,FRA-14520,3.03,REVENUE,SUR-15400
LR-14521,FRA-14521,1.97,UNCLASSIFIED,SUR-24632
LR-14522,FRA-14522,7.19,FOREST,SUR-98411
LR-14523,FRA-14523,4.46,REVENUE,SUR-15152
LR-14524,FRA-14524,2.7,FOREST,SUR-37374
LR-14525,FRA-14525,7.21,REVENUE,SUR-14019
LR-14526,FRA-14526,6.14,UNCLASSIFIED,SUR-84563
LR-14527,FRA-14527,0.91,REVENUE,SUR-13153
LR-14528,FRA-14528,7.36,FOREST,SUR-71931
LR-14529,FRA-14529,4.93,COMMUNITY,SUR-91685
LR-14530,FRA-14530,1.14,REVENUE,SUR-40824
LR-14531,FRA-14531,5.25,FOREST,SUR-89407
LR-14532,FRA-14532,1.2,COMMUNITY,SUR-96699
LR-14533,FRA-14533,5.21,REVENUE,SUR-94443
LR-14534,FRA-14534,4.79,REVENUE,SUR-29388
LR-14535,FRA-14535,7.7,COMMUNITY,SUR-45056
LR-14536,FRA-14536,7.08,COMMUNITY,SUR-22072
LR-14537,FRA-14537,3.92,FOREST,SUR-89035
LR-14538,FRA-14538,2.52,REVENUE,SUR-41435
LR-14539,FRA-14539,2.63,UNCLASSIFIED,SUR-30665
LR-14540,FRA-14540,6.26,FOREST,SUR-71476
LR-14541,FRA-14541,5.35,FOREST,SUR-17608
LR-14542,FRA-14542,7.24,FOREST,SUR-25178
LR-14543,FRA-14543,1.44,UNCLASSIFIED,SUR-13227
LR-14544,FRA-14544,0.77,FOREST,SUR-43981
LR-14545,FRA-14545,4.28,REVENUE,SUR-31110
LR-14546,FRA-14546,5.3,FOREST,SUR-38285
LR-14547,FRA-14547,4.25,UNCLASSIFIED,SUR-50659
LR-14548,FRA-14548,7.48,FOREST,SUR-44585
LR-14549,FRA-14549,6.2,REVENUE,SUR-50290
LR-14550,FRA-14550,1.23,FOREST,SUR-38441
LR-14551,FRA-14551,5.73,REVENUE,SUR-88947
LR-14552,FRA-14552,6.25,COMMUNITY,SUR-41484
LR-14553,FRA-14553,4.53,COMMUNITY,SUR-96203
LR-14554,FRA-14554,3.25,REVENUE,SUR-68970
LR-14555,FRA-14555,2.89,UNCLASSIFIED,SUR-24850
LR-14556,FRA-14556,4.04,FOREST,SUR-95462
LR-14557,FRA-14557,1.37,UNCLASSIFIED,SUR-36596
LR-14558,FRA-14558,4.96,REVENUE,SUR-81606
LR-14559,FRA-14559,8.27,REVENUE,SUR-74751
LR-14560,FRA-14560,0.72,FOREST,SUR-97946
LR-14561,FRA-14561,4.11,FOREST,SUR-30983
LR-14562,FRA-14562,1.52,COMMUNITY,SUR-47415
LR-14563,FRA-14563,5.12,REVENUE,SUR-10750
LR-14564,FRA-14564,4.84,REVENUE,SUR-11455
LR-14565,FRA-14565,7.17,UNCLASSIFIED,SUR-48367
LR-14566,FRA-14566,7.77,FOREST,SUR-10972
LR-14567,FRA-14567,4.01,FOREST,SUR-64567
LR-14568,FRA-14568,7.16,COMMUNITY,SUR-56469
LR-14569,FRA-14569,5.17,FOREST,SUR-86181
LR-14570,FRA-14570,6.58,COMMUNITY,SUR-28677
LR-14571,FRA-14571,6.18,REVENUE,SUR-78848
LR-14572,FRA-14572,2.54,UNCLASSIFIED,SUR-56211
LR-14573,FRA-14573,6.89,FOREST,SUR-76109
LR-14574,FRA-14574,5.13,REVENUE,SUR-73972
LR-14575,FRA-14575,5.29,FOREST,SUR-36460
LR-14576,FRA-14576,0.98,UNCLASSIFIED,SUR-34790
LR-14577,FRA-14577,3.17,FOREST,SUR-44752
LR-14578,FRA-14578,0.89,REVENUE,SUR-91137
LR-14579,FRA-14579,1.21,UNCLASSIFIED,SUR-46451
LR-14580,FRA-14580,0.61,REVENUE,SUR-64457
LR-14581,FRA-14581,1.76,COMMUNITY,SUR-79526
LR-14582,FRA-14582,6.69,COMMUNITY,SUR-75164
LR-14583,FRA-14583,3.22,FOREST,SUR-31887
LR-14584,FRA-14584,2.14,UNCLASSIFIED,SUR-46651
LR-14585,FRA-14585,3.49,UNCLASSIFIED,SUR-69580
LR-14586,FRA-14586,3.47,UNCLASSIFIED,SUR-67576
LR-14587,FRA-14587,6.06,COMMUNITY,SUR-73771
LR-14588,FRA-14588,2.28,UNCLASSIFIED,SUR-28040
LR-14589,FRA-14589,3.7,REVENUE,SUR-37236
LR-14590,FRA-14590,6.87,REVENUE,SUR-91541
LR-14591,FRA-14591,6.22,UNCLASSIFIED,SUR-67381
LR-14592,FRA-14592,6.97,UNCLASSIFIED,SUR-78592
LR-14593,FRA-14593,6.27,FOREST,SUR-60851
LR-14594,FRA-14594,3.97,REVENUE,SUR-94856
LR-14595,FRA-14595,4.96,UNCLASSIFIED,SUR-57349
LR-14596,FRA-14596,6.07,UNCLASSIFIED,SUR-51599
LR-14597,FRA-14597,0.58,UNCLASSIFIED,SUR-26203
LR-14598,FRA-14598,2.54,FOREST,SUR-28972
LR-14599,FRA-14599,0.96,UNCLASSIFIED,SUR-62165
LR-14600,FRA-14600,0.69,REVENUE,SUR-35914
LR-14601,FRA-14601,6.52,COMMUNITY,SUR-68692
LR-14602,FRA-14602,4.37,FOREST,SUR-52197
LR-14603,FRA-14603,2.59,UNCLASSIFIED,SUR-87866
LR-14604,FRA-14604,3.65,FOREST,SUR-13766
LR-14605,FRA-14605,5.0,UNCLASSIFIED,SUR-50364
LR-14606,FRA-14606,2.67,UNCLASSIFIED,SUR-34371
LR-14607,FRA-14607,3.37,REVENUE,SUR-84604
LR-14608,FRA-14608,2.76,UNCLASSIFIED,SUR-49739
LR-14609,FRA-14609,1.67,REVENUE,SUR-17783
LR-14610,FRA-14610,0.53,COMMUNITY,SUR-69349
LR-14611,FRA-14611,5.03,UNCLASSIFIED,SUR-19366
LR-14612,FRA-14612,1.28,UNCLASSIFIED,SUR-79799
LR-14613,FRA-14613,4.6,COMMUNITY,SUR-35047
LR-14614,FRA-14614,6.41,FOREST,SUR-40131
LR-14615,FRA-14615,6.82,REVENUE,SUR-31625
LR-14616,FRA-14616,2.81,FOREST,SUR-14398
LR-14617,FRA-14617,5.74,REVENUE,SUR-49107
LR-14618,FRA-14618,5.12,COMMUNITY,SUR-21087
LR-14619,FRA-14619,7.69,UNCLASSIFIED,SUR-85029
LR-14620,FRA-14620,3.6,COMMUNITY,SUR-60275
LR-14621,FRA-14621,2.43,REVENUE,SUR-60316
LR-14622,FRA-14622,6.09,REVENUE,SUR-27235
LR-14623,FRA-14623,5.81,FOREST,SUR-38387
LR-14624,FRA-14624,2.48,COMMUNITY,SUR-26186
LR-14625,FRA-14625,5.19,REVENUE,SUR-25658
LR-14626,FRA-14626,1.99,COMMUNITY,SUR-61383
LR-14627,FRA-14627,6.48,FOREST,SUR-88209
LR-14628,FRA-14628,3.23,FOREST,SUR-37649
LR-14629,FRA-14629,1.58,REVENUE,SUR-82214
LR-14630,FRA-14630,5.41,COMMUNITY,SUR-44239
LR-14631,FRA-14631,4.54,COMMUNITY,SUR-91470
LR-14632,FRA-14632,0.46,COMMUNITY,SUR-88135
LR-14633,FRA-14633,4.42,UNCLASSIFIED,SUR-35427
LR-14634,FRA-14634,2.05,UNCLASSIFIED,SUR-68827
LR-14635,FRA-14635,2.14,FOREST,SUR-39406
LR-14636,FRA-14636,6.03,COMMUNITY,SUR-20351
LR-14637,FRA-14637,5.08,COMMUNITY,SUR-95376
LR-14638,FRA-14638,1.5,UNCLASSIFIED,SUR-79999
LR-14639,FRA-14639,5.74,COMMUNITY,SUR-22495
LR-14640,FRA-14640,1.88,COMMUNITY,SUR-11184
LR-14641,FRA-14641,4.87,COMMUNITY,SUR-36212
LR-14642,FRA-14642,1.51,UNCLASSIFIED,SUR-66080
LR-14643,FRA-14643,5.29,FOREST,SUR-63273
LR-14644,FRA-14644,4.99,COMMUNITY,SUR-59860
LR-14645,FRA-14645,5.35,REVENUE,SUR-21685
LR-14646,FRA-14646,6.64,UNCLASSIFIED,SUR-84876
LR-14647,FRA-14647,7.14,REVENUE,SUR-89226
LR-14648,FRA-14648,3.37,COMMUNITY,SUR-61926
LR-14649,FRA-14649,0.59,UNCLASSIFIED,SUR-20940
LR-14650,FRA-14650,2.2,FOREST,SUR-34301
LR-14651,FRA-14651,3.56,REVENUE,SUR-98774
LR-14652,FRA-14652,2.29,UNCLASSIFIED,SUR-61563
LR-14653,FRA-14653,6.75,UNCLASSIFIED,SUR-59785
LR-14654,FRA-14654,6.06,FOREST,SUR-33090
LR-14655,FRA-14655,6.01,UNCLASSIFIED,SUR-68758
LR-14656,FRA-14656,4.89,UNCLASSIFIED,SUR-55480
LR-14657,FRA-14657,3.78,COMMUNITY,SUR-78240
LR-14658,FRA-14658,7.25,UNCLASSIFIED,SUR-51540
LR-14659,FRA-14659,1.33,UNCLASSIFIED,SUR-73368
LR-14660,FRA-14660,0.63,UNCLASSIFIED,SUR-58650
LR-14661,FRA-14661,5.16,REVENUE,SUR-57896
LR-14662,FRA-14662,4.52,COMMUNITY,SUR-28081
LR-14663,FRA-14663,2.62,UNCLASSIFIED,SUR-63402
LR-14664,FRA-14664,1.57,COMMUNITY,SUR-79013
LR-14665,FRA-14665,3.86,FOREST,SUR-31064
LR-14666,FRA-14666,6.48,UNCLASSIFIED,SUR-96129
LR-14667,FRA-14667,1.04,REVENUE,SUR-60321
LR-14668,FRA-14668,2.24,COMMUNITY,SUR-87372
LR-14669,FRA-14669,2.5,UNCLASSIFIED,SUR-66917
LR-14670,FRA-14670,4.3,FOREST,SUR-58504
LR-14671,FRA-14671,6.59,UNCLASSIFIED,SUR-22573
LR-14672,FRA-14672,2.64,REVENUE,SUR-75040
LR-14673,FRA-14673,6.35,FOREST,SUR-72287
LR-14674,FRA-14674,2.55,FOREST,SUR-97535
LR-14675,FRA-14675,6.84,UNCLASSIFIED,SUR-35821
LR-14676,FRA-14676,7.91,FOREST,SUR-34655
LR-14677,FRA-14677,1.66,COMMUNITY,SUR-88928
LR-14678,FRA-14678,4.44,FOREST,SUR-79889
LR-14679,FRA-14679,0.76,COMMUNITY,SUR-24872
LR-14680,FRA-14680,2.5,REVENUE,SUR-66793
LR-14681,FRA-14681,1.22,REVENUE,SUR-33296
LR-14682,FRA-14682,6.0,REVENUE,SUR-16049
LR-14683,FRA-14683,3.37,UNCLASSIFIED,SUR-11948
LR-14684,FRA-14684,5.5,UNCLASSIFIED,SUR-46134
LR-14685,FRA-14685,3.76,REVENUE,SUR-16563
LR-14686,FRA-14686,3.6,FOREST,SUR-12416
LR-14687,FRA-14687,3.88,FOREST,SUR-37640
LR-14688,FRA-14688,6.35,UNCLASSIFIED,SUR-94150
LR-14689,FRA-14689,6.45,REVENUE,SUR-40829
LR-14690,FRA-14690,3.32,FOREST,SUR-63263
LR-14691,FRA-14691,2.35,FOREST,SUR-81194
LR-14692,FRA-14692,0.66,REVENUE,SUR-88942
LR-14693,FRA-14693,4.62,REVENUE,SUR-44087
LR-14694,FRA-14694,5.37,UNCLASSIFIED,SUR-58361
LR-14695,FRA-14695,1.07,COMMUNITY,SUR-11296
LR-14696,FRA-14696,2.0,UNCLASSIFIED,SUR-29665
LR-14697,FRA-14697,0.98,FOREST,SUR-88997
LR-14698,FRA-14698,7.39,COMMUNITY,SUR-26920
LR-14699,FRA-14699,3.03,COMMUNITY,SUR-63887
LR-14700,FRA-14700,7.5,FOREST,SUR-17157
LR-14701,FRA-14701,1.84,FOREST,SUR-62424
LR-14702,FRA-14702,1.33,UNCLASSIFIED,SUR-18633
LR-14703,FRA-14703,7.12,FOREST,SUR-73261
LR-14704,FRA-14704,3.94,FOREST,SUR-78980
LR-14705,FRA-14705,2.88,COMMUNITY,SUR-70853
LR-14706,FRA-14706,1.85,REVENUE,SUR-88820
LR-14707,FRA-14707,7.39,REVENUE,SUR-72930
LR-14708,FRA-14708,1.23,COMMUNITY,SUR-20388
LR-14709,FRA-14709,0.56,FOREST,SUR-49824
LR-14710,FRA-14710,6.79,FOREST,SUR-77651
LR-14711,FRA-14711,2.16,UNCLASSIFIED,SUR-70465
LR-14712,FRA-14712,1.46,FOREST,SUR-11841
LR-14713,FRA-14713,1.63,COMMUNITY,SUR-29553
LR-14714,FRA-14714,6.99,UNCLASSIFIED,SUR-92194
LR-14715,FRA-14715,1.4,REVENUE,SUR-44104
LR-14716,FRA-14716,3.06,FOREST,SUR-68159
LR-14717,FRA-14717,2.68,UNCLASSIFIED,SUR-47672
LR-14718,FRA-14718,2.91,REVENUE,SUR-77033
LR-14719,FRA-14719,2.03,FOREST,SUR-11514
LR-14720,FRA-14720,6.83,REVENUE,SUR-21798
LR-14721,FRA-14721,5.33,COMMUNITY,SUR-46457
LR-14722,FRA-14722,1.88,FOREST,SUR-25020
LR-14723,FRA-14723,7.19,FOREST,SUR-88576
LR-14724,FRA-14724,8.28,COMMUNITY,SUR-35247
LR-14725,FRA-14725,2.37,FOREST,SUR-40896
LR-14726,FRA-14726,5.16,REVENUE,SUR-55972
LR-14727,FRA-14727,2.04,REVENUE,SUR-83747
LR-14728,FRA-14728,3.66,COMMUNITY,SUR-57104
LR-14729,FRA-14729,2.54,COMMUNITY,SUR-44914
LR-14730,FRA-14730,2.82,FOREST,SUR-19626
LR-14731,FRA-14731,4.25,COMMUNITY,SUR-66105
LR-14732,FRA-14732,3.42,FOREST,SUR-41969
LR-14733,FRA-14733,2.93,COMMUNITY,SUR-16083
LR-14734,FRA-14734,6.41,FOREST,SUR-60832
LR-14735,FRA-14735,2.8,FOREST,SUR-34086
LR-14736,FRA-14736,5.22,FOREST,SUR-42489
LR-14737,FRA-14737,0.65,UNCLASSIFIED,SUR-97521
LR-14738,FRA-14738,4.78,COMMUNITY,SUR-44854
LR-14739,FRA-14739,4.25,UNCLASSIFIED,SUR-37231
LR-14740,FRA-14740,3.75,REVENUE,SUR-57968
LR-14741,FRA-14741,4.77,REVENUE,SUR-87027
LR-14742,FRA-14742,4.57,UNCLASSIFIED,SUR-95371
LR-14743,FRA-14743,5.66,COMMUNITY,SUR-20626
LR-14744,FRA-14744,5.85,COMMUNITY,SUR-70056
LR-14745,FRA-14745,6.59,REVENUE,SUR-59886
LR-14746,FRA-14746,2.68,COMMUNITY,SUR-76793
LR-14747,FRA-14747,4.44,UNCLASSIFIED,SUR-70605
LR-14748,FRA-14748,2.11,FOREST,SUR-48501
LR-14749,FRA-14749,5.54,REVENUE,SUR-15521
LR-14750,FRA-14750,7.02,COMMUNITY,SUR-70715
LR-14751,FRA-14751,3.58,REVENUE,SUR-61143
LR-14752,FRA-14752,4.48,REVENUE,SUR-52065
LR-14753,FRA-14753,5.94,UNCLASSIFIED,SUR-17082
LR-14754,FRA-14754,0.51,UNCLASSIFIED,SUR-44490
LR-14755,FRA-14755,6.3,REVENUE,SUR-75127
LR-14756,FRA-14756,2.86,COMMUNITY,SUR-78233
LR-14757,FRA-14757,5.78,UNCLASSIFIED,SUR-16018
LR-14758,FRA-14758,4.85,FOREST,SUR-78923
LR-14759,FRA-14759,3.2,COMMUNITY,SUR-12695
LR-14760,FRA-14760,2.53,FOREST,SUR-92320
LR-14761,FRA-14761,2.76,COMMUNITY,SUR-89092
LR-14762,FRA-14762,3.59,COMMUNITY,SUR-35173
LR-14763,FRA-14763,5.76,FOREST,SUR-38429
LR-14764,FRA-14764,7.46,FOREST,SUR-84890
LR-14765,FRA-14765,7.66,REVENUE,SUR-35722
LR-14766,FRA-14766,6.59,FOREST,SUR-24166
LR-14767,FRA-14767,3.3,COMMUNITY,SUR-42524
LR-14768,FRA-14768,5.33,COMMUNITY,SUR-84849
LR-14769,FRA-14769,2.02,UNCLASSIFIED,SUR-17935
LR-14770,FRA-14770,3.08,UNCLASSIFIED,SUR-98663
LR-14771,FRA-14771,2.54,FOREST,SUR-21379
LR-14772,FRA-14772,7.24,UNCLASSIFIED,SUR-43902
LR-14773,FRA-14773,3.2,FOREST,SUR-10875
LR-14774,FRA-14774,3.51,COMMUNITY,SUR-81653
LR-14775,FRA-14775,0.64,UNCLASSIFIED,SUR-70579
LR-14776,FRA-14776,5.27,REVENUE,SUR-75921
LR-14777,FRA-14777,4.21,COMMUNITY,SUR-17204
LR-14778,FRA-14778,7.0,COMMUNITY,SUR-87093
LR-14779,FRA-14779,1.7,COMMUNITY,SUR-21351
LR-14780,FRA-14780,4.11,UNCLASSIFIED,SUR-16087
LR-14781,FRA-14781,4.71,REVENUE,SUR-46397
LR-14782,FRA-14782,5.21,FOREST,SUR-42689
LR-14783,FRA-14783,2.18,COMMUNITY,SUR-80849
LR-14784,FRA-14784,3.25,COMMUNITY,SUR-23254
LR-14785,FRA-14785,2.74,FOREST,SUR-71557
LR-14786,FRA-14786,5.53,FOREST,SUR-76993
LR-14787,FRA-14787,3.33,COMMUNITY,SUR-95215
LR-14788,FRA-14788,0.95,COMMUNITY,SUR-68813
LR-14789,FRA-14789,3.81,UNCLASSIFIED,SUR-29011
LR-14790,FRA-14790,2.64,REVENUE,SUR-32747
LR-14791,FRA-14791,1.83,COMMUNITY,SUR-48088
LR-14792,FRA-14792,6.26,FOREST,SUR-97130
LR-14793,FRA-14793,5.14,UNCLASSIFIED,SUR-87468
LR-14794,FRA-14794,1.24,UNCLASSIFIED,SUR-78068
LR-14795,FRA-14795,6.24,UNCLASSIFIED,SUR-66414
LR-14796,FRA-14796,1.7,COMMUNITY,SUR-71355
LR-14797,FRA-14797,7.7,COMMUNITY,SUR-21723
LR-14798,FRA-14798,6.55,FOREST,SUR-83334
LR-14799,FRA-14799,3.42,COMMUNITY,SUR-48066
LR-14800,FRA-14800,6.26,UNCLASSIFIED,SUR-87045
LR-14801,FRA-14801,0.6,REVENUE,SUR-32067
LR-14802,FRA-14802,4.24,FOREST,SUR-36608
LR-14803,FRA-14803,6.29,UNCLASSIFIED,SUR-28902
LR-14804,FRA-14804,7.61,COMMUNITY,SUR-36120
LR-14805,FRA-14805,1.63,UNCLASSIFIED,SUR-38035
LR-14806,FRA-14806,2.53,REVENUE,SUR-10522
LR-14807,FRA-14807,1.37,UNCLASSIFIED,SUR-73978
LR-14808,FRA-14808,4.44,FOREST,SUR-45310
LR-14809,FRA-14809,4.56,UNCLASSIFIED,SUR-10354
LR-14810,FRA-14810,1.02,FOREST,SUR-15823
LR-14811,FRA-14811,7.57,REVENUE,SUR-54653
LR-14812,FRA-14812,1.35,COMMUNITY,SUR-34651
LR-14813,FRA-14813,1.93,REVENUE,SUR-74758
LR-14814,FRA-14814,3.21,COMMUNITY,SUR-64564
LR-14815,FRA-14815,1.75,COMMUNITY,SUR-70523
LR-14816,FRA-14816,6.83,REVENUE,SUR-45374
LR-14817,FRA-14817,1.28,FOREST,SUR-23268
LR-14818,FRA-14818,4.99,REVENUE,SUR-22105
LR-14819,FRA-14819,0.79,REVENUE,SUR-46862
LR-14820,FRA-14820,5.59,UNCLASSIFIED,SUR-26175
LR-14821,FRA-14821,6.49,UNCLASSIFIED,SUR-14860
LR-14822,FRA-14822,3.97,UNCLASSIFIED,SUR-99096
LR-14823,FRA-14823,1.44,FOREST,SUR-40274
LR-14824,FRA-14824,0.91,REVENUE,SUR-44733
LR-14825,FRA-14825,5.07,FOREST,SUR-65202
LR-14826,FRA-14826,7.52,COMMUNITY,SUR-57676
LR-14827,FRA-14827,5.98,REVENUE,SUR-56382
LR-14828,FRA-14828,2.47,UNCLASSIFIED,SUR-75016
LR-14829,FRA-14829,1.13,COMMUNITY,SUR-11585
LR-14830,FRA-14830,7.46,COMMUNITY,SUR-47604
LR-14831,FRA-14831,2.57,FOREST,SUR-91022
LR-14832,FRA-14832,4.61,UNCLASSIFIED,SUR-56324
LR-14833,FRA-14833,3.86,FOREST,SUR-87382
LR-14834,FRA-14834,6.95,REVENUE,SUR-89641
LR-14835,FRA-14835,5.3,REVENUE,SUR-22686
LR-14836,FRA-14836,6.55,COMMUNITY,SUR-52290
LR-14837,FRA-14837,1.28,REVENUE,SUR-29811
LR-14838,FRA-14838,2.77,REVENUE,SUR-19253
LR-14839,FRA-14839,6.46,UNCLASSIFIED,SUR-25139
LR-14840,FRA-14840,2.12,COMMUNITY,SUR-52698
LR-14841,FRA-14841,1.82,FOREST,SUR-34203
LR-14842,FRA-14842,3.49,REVENUE,SUR-20258
LR-14843,FRA-14843,5.6,REVENUE,SUR-11226
LR-14844,FRA-14844,3.63,FOREST,SUR-36486
LR-14845,FRA-14845,3.69,FOREST,SUR-98294
LR-14846,FRA-14846,1.65,UNCLASSIFIED,SUR-21563
LR-14847,FRA-14847,5.26,FOREST,SUR-73076
LR-14848,FRA-14848,3.47,REVENUE,SUR-88885
LR-14849,FRA-14849,2.0,REVENUE,SUR-20945
LR-14850,FRA-14850,5.06,REVENUE,SUR-79808
LR-14851,FRA-14851,5.3,COMMUNITY,SUR-49980
LR-14852,FRA-14852,1.94,REVENUE,SUR-45145
LR-14853,FRA-14853,0.82,REVENUE,SUR-97347
LR-14854,FRA-14854,3.6,COMMUNITY,SUR-71637
LR-14855,FRA-14855,1.56,FOREST,SUR-95070
LR-14856,FRA-14856,4.73,REVENUE,SUR-89444
LR-14857,FRA-14857,6.99,COMMUNITY,SUR-89204
LR-14858,FRA-14858,5.69,FOREST,SUR-81090
LR-14859,FRA-14859,2.46,UNCLASSIFIED,SUR-24452
LR-14860,FRA-14860,5.14,FOREST,SUR-44685
LR-14861,FRA-14861,4.75,UNCLASSIFIED,SUR-50082
LR-14862,FRA-14862,5.56,UNCLASSIFIED,SUR-13093
LR-14863,FRA-14863,1.42,FOREST,SUR-27996
LR-14864,FRA-14864,6.64,COMMUNITY,SUR-20874
LR-14865,FRA-14865,2.37,COMMUNITY,SUR-88033
LR-14866,FRA-14866,2.97,UNCLASSIFIED,SUR-14362
LR-14867,FRA-14867,4.46,COMMUNITY,SUR-48591
LR-14868,FRA-14868,6.5,UNCLASSIFIED,SUR-68711
LR-14869,FRA-14869,0.71,UNCLASSIFIED,SUR-21208
LR-14870,FRA-14870,3.43,REVENUE,SUR-19249
LR-14871,FRA-14871,4.48,FOREST,SUR-37865
LR-14872,FRA-14872,5.32,COMMUNITY,SUR-75882
LR-14873,FRA-14873,5.0,UNCLASSIFIED,SUR-61153
LR-14874,FRA-14874,0.6,REVENUE,SUR-79224
LR-14875,FRA-14875,4.63,FOREST,SUR-89144
LR-14876,FRA-14876,6.53,COMMUNITY,SUR-39982
LR-14877,FRA-14877,6.81,REVENUE,SUR-67575
LR-14878,FRA-14878,2.01,REVENUE,SUR-24581
LR-14879,FRA-14879,6.02,UNCLASSIFIED,SUR-13821
LR-14880,FRA-14880,7.03,FOREST,SUR-60337
LR-14881,FRA-14881,3.3,COMMUNITY,SUR-12883
LR-14882,FRA-14882,4.85,COMMUNITY,SUR-39507
LR-14883,FRA-14883,1.37,FOREST,SUR-18745
LR-14884,FRA-14884,3.55,REVENUE,SUR-52984
LR-14885,FRA-14885,4.03,COMMUNITY,SUR-52604
LR-14886,FRA-14886,7.92,UNCLASSIFIED,SUR-53306
LR-14887,FRA-14887,2.48,FOREST,SUR-70672
LR-14888,FRA-14888,2.37,FOREST,SUR-72955
LR-14889,FRA-14889,3.23,UNCLASSIFIED,SUR-11716
LR-14890,FRA-14890,7.1,FOREST,SUR-94931
LR-14891,FRA-14891,2.38,COMMUNITY,SUR-43458
LR-14892,FRA-14892,3.26,FOREST,SUR-10992
LR-14893,FRA-14893,3.19,FOREST,SUR-49327
LR-14894,FRA-14894,0.6,UNCLASSIFIED,SUR-49108
LR-14895,FRA-14895,1.66,REVENUE,SUR-20247
LR-14896,FRA-14896,0.94,FOREST,SUR-87445
LR-14897,FRA-14897,2.15,REVENUE,SUR-69584
LR-14898,FRA-14898,7.15,COMMUNITY,SUR-15154
LR-14899,FRA-14899,6.33,FOREST,SUR-23644
LR-14900,FRA-14900,3.38,COMMUNITY,SUR-51697
LR-14901,FRA-14901,2.1,REVENUE,SUR-27167
LR-14902,FRA-14902,7.53,UNCLASSIFIED,SUR-26654
LR-14903,FRA-14903,3.61,REVENUE,SUR-72597
LR-14904,FRA-14904,6.07,FOREST,SUR-92638
LR-14905,FRA-14905,4.26,REVENUE,SUR-34722
LR-14906,FRA-14906,5.29,COMMUNITY,SUR-55882
LR-14907,FRA-14907,6.55,FOREST,SUR-65678
LR-14908,FRA-14908,0.83,UNCLASSIFIED,SUR-44833
LR-14909,FRA-14909,6.54,COMMUNITY,SUR-64890
LR-14910,FRA-14910,4.12,REVENUE,SUR-18129
LR-14911,FRA-14911,5.86,UNCLASSIFIED,SUR-68326
LR-14912,FRA-14912,7.43,COMMUNITY,SUR-82803
LR-14913,FRA-14913,1.04,COMMUNITY,SUR-28581
LR-14914,FRA-14914,5.3,REVENUE,SUR-13551
LR-14915,FRA-14915,2.23,UNCLASSIFIED,SUR-37366
LR-14916,FRA-14916,5.85,UNCLASSIFIED,SUR-84332
LR-14917,FRA-14917,3.14,COMMUNITY,SUR-10433
LR-14918,FRA-14918,0.83,FOREST,SUR-59249
LR-14919,FRA-14919,4.33,FOREST,SUR-97830
LR-14920,FRA-14920,0.87,FOREST,SUR-33173
LR-14921,FRA-14921,1.24,FOREST,SUR-52974
LR-14922,FRA-14922,2.64,REVENUE,SUR-95181
LR-14923,FRA-14923,3.84,COMMUNITY,SUR-94337
LR-14924,FRA-14924,0.68,UNCLASSIFIED,SUR-60496
LR-14925,FRA-14925,0.66,COMMUNITY,SUR-30419
LR-14926,FRA-14926,1.41,REVENUE,SUR-29385
LR-14927,FRA-14927,0.92,REVENUE,SUR-24141
LR-14928,FRA-14928,7.59,REVENUE,SUR-26345
LR-14929,FRA-14929,6.02,REVENUE,SUR-96853
LR-14930,FRA-14930,1.94,FOREST,SUR-92611
LR-14931,FRA-14931,6.9,UNCLASSIFIED,SUR-96132
LR-14932,FRA-14932,1.92,REVENUE,SUR-58399
LR-14933,FRA-14933,3.89,UNCLASSIFIED,SUR-82939
LR-14934,FRA-14934,2.65,UNCLASSIFIED,SUR-45624
LR-14935,FRA-14935,5.69,COMMUNITY,SUR-28992
LR-14936,FRA-14936,4.24,REVENUE,SUR-62646
LR-14937,FRA-14937,5.96,REVENUE,SUR-45543
LR-14938,FRA-14938,3.61,UNCLASSIFIED,SUR-34911
LR-14939,FRA-14939,1.07,FOREST,SUR-48191
LR-14940,FRA-14940,4.79,FOREST,SUR-73359
LR-14941,FRA-14941,1.82,UNCLASSIFIED,SUR-11507
LR-14942,FRA-14942,7.07,UNCLASSIFIED,SUR-12435
LR-14943,FRA-14943,5.47,COMMUNITY,SUR-52352
LR-14944,FRA-14944,5.49,UNCLASSIFIED,SUR-40675
LR-14945,FRA-14945,1.7,UNCLASSIFIED,SUR-17036
LR-14946,FRA-14946,2.05,FOREST,SUR-71594
LR-14947,FRA-14947,7.59,COMMUNITY,SUR-12653
LR-14948,FRA-14948,2.92,REVENUE,SUR-37267
LR-14949,FRA-14949,6.02,UNCLASSIFIED,SUR-28485
LR-14950,FRA-14950,4.21,COMMUNITY,SUR-16056
LR-14951,FRA-14951,5.93,REVENUE,SUR-70708
LR-14952,FRA-14952,1.79,REVENUE,SUR-71195
LR-14953,FRA-14953,2.18,REVENUE,SUR-51594
LR-14954,FRA-14954,3.75,UNCLASSIFIED,SUR-88048
LR-14955,FRA-14955,3.51,FOREST,SUR-53457
LR-14956,FRA-14956,2.35,FOREST,SUR-42831
LR-14957,FRA-14957,1.99,UNCLASSIFIED,SUR-41760
LR-14958,FRA-14958,2.57,FOREST,SUR-99796
LR-14959,FRA-14959,3.97,UNCLASSIFIED,SUR-67964
LR-14960,FRA-14960,7.44,UNCLASSIFIED,SUR-86227
LR-14961,FRA-14961,5.49,REVENUE,SUR-41891
LR-14962,FRA-14962,6.68,REVENUE,SUR-59609
LR-14963,FRA-14963,5.28,COMMUNITY,SUR-12944
LR-14964,FRA-14964,4.4,COMMUNITY,SUR-85775
LR-14965,FRA-14965,4.43,UNCLASSIFIED,SUR-22330
LR-14966,FRA-14966,4.43,COMMUNITY,SUR-89631
LR-14967,FRA-14967,5.95,COMMUNITY,SUR-40631
LR-14968,FRA-14968,1.59,FOREST,SUR-53248
LR-14969,FRA-14969,5.04,REVENUE,SUR-70811
LR-14970,FRA-14970,5.33,COMMUNITY,SUR-52810
LR-14971,FRA-14971,8.1,REVENUE,SUR-49295
LR-14972,FRA-14972,1.23,FOREST,SUR-85859
LR-14973,FRA-14973,7.49,REVENUE,SUR-47680
LR-14974,FRA-14974,1.82,FOREST,SUR-38480
LR-14975,FRA-14975,7.64,REVENUE,SUR-51542
LR-14976,FRA-14976,6.23,REVENUE,SUR-22036
LR-14977,FRA-14977,6.57,REVENUE,SUR-93353
LR-14978,FRA-14978,5.76,UNCLASSIFIED,SUR-63289
LR-14979,FRA-14979,3.17,FOREST,SUR-20270
LR-14980,FRA-14980,2.47,COMMUNITY,SUR-59864
LR-14981,FRA-14981,1.77,REVENUE,SUR-89940
LR-14982,FRA-14982,6.04,FOREST,SUR-65789
LR-14983,FRA-14983,2.28,REVENUE,SUR-52097
LR-14984,FRA-14984,5.06,UNCLASSIFIED,SUR-81839
LR-14985,FRA-14985,1.94,REVENUE,SUR-81187
LR-14986,FRA-14986,5.91,COMMUNITY,SUR-99916
LR-14987,FRA-14987,3.01,COMMUNITY,SUR-53558
LR-14988,FRA-14988,2.54,UNCLASSIFIED,SUR-98762
LR-14989,FRA-14989,4.12,REVENUE,SUR-81359
LR-14990,FRA-14990,3.81,FOREST,SUR-75979
LR-14991,FRA-14991,0.73,COMMUNITY,SUR-67293
LR-14992,FRA-14992,2.28,COMMUNITY,SUR-97619
LR-14993,FRA-14993,6.59,COMMUNITY,SUR-88982
LR-14994,FRA-14994,3.92,COMMUNITY,SUR-27219
LR-14995,FRA-14995,5.68,UNCLASSIFIED,SUR-38776
LR-14996,FRA-14996,4.85,COMMUNITY,SUR-18801
LR-14997,FRA-14997,6.67,REVENUE,SUR-55578
LR-14998,FRA-14998,5.62,UNCLASSIFIED,SUR-58390
LR-14999,FRA-14999,1.97,COMMUNITY,SUR-86147
LR-15000,FRA-15000,4.08,COMMUNITY,SUR-22027
LR-15001,FRA-15001,5.38,UNCLASSIFIED,SUR-29485
LR-15002,FRA-15002,3.52,UNCLASSIFIED,SUR-51346
LR-15003,FRA-15003,3.1,UNCLASSIFIED,SUR-70238
LR-15004,FRA-15004,7.16,REVENUE,SUR-75961
LR-15005,FRA-15005,7.91,UNCLASSIFIED,SUR-38286
LR-15006,FRA-15006,7.99,FOREST,SUR-58194
LR-15007,FRA-15007,2.19,COMMUNITY,SUR-50546
LR-15008,FRA-15008,4.1,COMMUNITY,SUR-69219
LR-15009,FRA-15009,3.43,UNCLASSIFIED,SUR-63050
LR-15010,FRA-15010,3.78,UNCLASSIFIED,SUR-40364
LR-15011,FRA-15011,3.84,REVENUE,SUR-64200
LR-15012,FRA-15012,3.56,FOREST,SUR-64614
LR-15013,FRA-15013,5.92,COMMUNITY,SUR-54479
LR-15014,FRA-15014,3.66,FOREST,SUR-13380
LR-15015,FRA-15015,6.84,FOREST,SUR-38978
LR-15016,FRA-15016,0.53,COMMUNITY,SUR-21358
LR-15017,FRA-15017,4.78,UNCLASSIFIED,SUR-84973
LR-15018,FRA-15018,7.08,FOREST,SUR-43890
LR-15019,FRA-15019,3.45,UNCLASSIFIED,SUR-36340
LR-15020,FRA-15020,5.29,FOREST,SUR-77500
LR-15021,FRA-15021,5.48,FOREST,SUR-32185
LR-15022,FRA-15022,5.07,COMMUNITY,SUR-99951
LR-15023,FRA-15023,6.71,COMMUNITY,SUR-27331
LR-15024,FRA-15024,4.49,REVENUE,SUR-16160
LR-15025,FRA-15025,6.68,REVENUE,SUR-35793
LR-15026,FRA-15026,4.34,FOREST,SUR-25006
LR-15027,FRA-15027,7.68,REVENUE,SUR-26222
LR-15028,FRA-15028,3.91,COMMUNITY,SUR-90864
LR-15029,FRA-15029,4.19,UNCLASSIFIED,SUR-14355
LR-15030,FRA-15030,6.44,FOREST,SUR-72603
LR-15031,FRA-15031,4.46,REVENUE,SUR-46406
LR-15032,FRA-15032,7.18,UNCLASSIFIED,SUR-98984
LR-15033,FRA-15033,1.58,UNCLASSIFIED,SUR-76026
LR-15034,FRA-15034,3.75,COMMUNITY,SUR-26768
LR-15035,FRA-15035,4.01,FOREST,SUR-92376
LR-15036,FRA-15036,1.74,COMMUNITY,SUR-79218
LR-15037,FRA-15037,3.47,REVENUE,SUR-17137
LR-15038,FRA-15038,3.8,COMMUNITY,SUR-12209
LR-15039,FRA-15039,2.71,COMMUNITY,SUR-93057
LR-15040,FRA-15040,0.8,UNCLASSIFIED,SUR-87392
LR-15041,FRA-15041,6.93,UNCLASSIFIED,SUR-58183
LR-15042,FRA-15042,3.07,FOREST,SUR-43045
LR-15043,FRA-15043,7.38,REVENUE,SUR-99377
LR-15044,FRA-15044,5.58,FOREST,SUR-60758
LR-15045,FRA-15045,5.75,COMMUNITY,SUR-55616
LR-15046,FRA-15046,2.26,REVENUE,SUR-22676
LR-15047,FRA-15047,4.29,COMMUNITY,SUR-59797
LR-15048,FRA-15048,5.46,COMMUNITY,SUR-97907
LR-15049,FRA-15049,1.52,COMMUNITY,SUR-99555
LR-15050,FRA-15050,3.93,FOREST,SUR-38694
LR-15051,FRA-15051,2.81,COMMUNITY,SUR-44799
LR-15052,FRA-15052,1.88,FOREST,SUR-76983
LR-15053,FRA-15053,7.26,REVENUE,SUR-29967
LR-15054,FRA-15054,2.82,COMMUNITY,SUR-85149
LR-15055,FRA-15055,0.94,UNCLASSIFIED,SUR-25624
LR-15056,FRA-15056,0.9,UNCLASSIFIED,SUR-24587
LR-15057,FRA-15057,2.25,FOREST,SUR-27118
LR-15058,FRA-15058,5.65,REVENUE,SUR-59113
LR-15059,FRA-15059,2.97,COMMUNITY,SUR-92382
LR-15060,FRA-15060,2.94,FOREST,SUR-50878
LR-15061,FRA-15061,1.18,REVENUE,SUR-61807
LR-15062,FRA-15062,2.61,REVENUE,SUR-71285
LR-15063,FRA-15063,3.01,COMMUNITY,SUR-79570
LR-15064,FRA-15064,6.08,FOREST,SUR-59370
LR-15065,FRA-15065,7.89,COMMUNITY,SUR-38691
LR-15066,FRA-15066,7.18,UNCLASSIFIED,SUR-74930
LR-15067,FRA-15067,6.59,COMMUNITY,SUR-73383
LR-15068,FRA-15068,6.23,FOREST,SUR-23477
LR-15069,FRA-15069,6.93,UNCLASSIFIED,SUR-81629
LR-15070,FRA-15070,1.14,REVENUE,SUR-71144
LR-15071,FRA-15071,2.95,FOREST,SUR-16403
LR-15072,FRA-15072,4.51,FOREST,SUR-17218
LR-15073,FRA-15073,7.35,REVENUE,SUR-70278
LR-15074,FRA-15074,3.84,UNCLASSIFIED,SUR-10541
LR-15075,FRA-15075,3.57,UNCLASSIFIED,SUR-60817
LR-15076,FRA-15076,7.42,UNCLASSIFIED,SUR-67296
LR-15077,FRA-15077,7.29,COMMUNITY,SUR-35178
LR-15078,FRA-15078,5.2,REVENUE,SUR-48930
LR-15079,FRA-15079,1.26,REVENUE,SUR-82565
LR-15080,FRA-15080,2.27,UNCLASSIFIED,SUR-16494
LR-15081,FRA-15081,2.59,UNCLASSIFIED,SUR-91209
LR-15082,FRA-15082,0.74,UNCLASSIFIED,SUR-82220
LR-15083,FRA-15083,1.94,COMMUNITY,SUR-54805
LR-15084,FRA-15084,3.87,COMMUNITY,SUR-36361
LR-15085,FRA-15085,7.05,COMMUNITY,SUR-95094
LR-15086,FRA-15086,4.93,REVENUE,SUR-50891
LR-15087,FRA-15087,7.07,UNCLASSIFIED,SUR-96966
LR-15088,FRA-15088,4.47,REVENUE,SUR-74260
LR-15089,FRA-15089,5.82,COMMUNITY,SUR-97453
LR-15090,FRA-15090,6.79,FOREST,SUR-63627
LR-15091,FRA-15091,8.09,FOREST,SUR-73630
LR-15092,FRA-15092,3.75,COMMUNITY,SUR-72054
LR-15093,FRA-15093,1.71,REVENUE,SUR-41977
LR-15094,FRA-15094,7.0,UNCLASSIFIED,SUR-82278
LR-15095,FRA-15095,3.26,REVENUE,SUR-93084
LR-15096,FRA-15096,3.98,FOREST,SUR-35760
LR-15097,FRA-15097,1.54,UNCLASSIFIED,SUR-32542
LR-15098,FRA-15098,1.15,UNCLASSIFIED,SUR-36377
LR-15099,FRA-15099,4.96,REVENUE,SUR-19768
LR-15100,FRA-15100,5.21,REVENUE,SUR-55213
LR-15101,FRA-15101,1.21,REVENUE,SUR-65786
LR-15102,FRA-15102,1.96,FOREST,SUR-20021
LR-15103,FRA-15103,2.59,FOREST,SUR-17888
LR-15104,FRA-15104,0.89,FOREST,SUR-18760
LR-15105,FRA-15105,3.02,FOREST,SUR-97049
LR-15106,FRA-15106,6.23,FOREST,SUR-78327
LR-15107,FRA-15107,4.61,REVENUE,SUR-74599
LR-15108,FRA-15108,1.36,UNCLASSIFIED,SUR-51689
LR-15109,FRA-15109,6.09,REVENUE,SUR-71285
LR-15110,FRA-15110,6.94,REVENUE,SUR-96573
LR-15111,FRA-15111,1.57,UNCLASSIFIED,SUR-45407
LR-15112,FRA-15112,7.37,UNCLASSIFIED,SUR-21123
LR-15113,FRA-15113,7.7,UNCLASSIFIED,SUR-23554
LR-15114,FRA-15114,4.2,FOREST,SUR-52189
LR-15115,FRA-15115,7.16,FOREST,SUR-18139
LR-15116,FRA-15116,2.89,COMMUNITY,SUR-41061
LR-15117,FRA-15117,3.36,FOREST,SUR-39916
LR-15118,FRA-15118,1.14,REVENUE,SUR-70575
LR-15119,FRA-15119,4.46,FOREST,SUR-20602
LR-15120,FRA-15120,3.92,REVENUE,SUR-84923
LR-15121,FRA-15121,4.13,FOREST,SUR-64348
LR-15122,FRA-15122,5.79,UNCLASSIFIED,SUR-77751
LR-15123,FRA-15123,3.02,UNCLASSIFIED,SUR-93651
LR-15124,FRA-15124,1.23,FOREST,SUR-74987
LR-15125,FRA-15125,2.19,FOREST,SUR-25190
LR-15126,FRA-15126,0.61,REVENUE,SUR-36759
LR-15127,FRA-15127,2.46,REVENUE,SUR-72052
LR-15128,FRA-15128,4.06,FOREST,SUR-20732
LR-15129,FRA-15129,2.66,UNCLASSIFIED,SUR-99817
LR-15130,FRA-15130,4.01,COMMUNITY,SUR-12059
LR-15131,FRA-15131,3.13,REVENUE,SUR-96358
LR-15132,FRA-15132,7.39,REVENUE,SUR-53249
LR-15133,FRA-15133,6.05,FOREST,SUR-78920
LR-15134,FRA-15134,3.01,COMMUNITY,SUR-17251
LR-15135,FRA-15135,5.77,REVENUE,SUR-45352
LR-15136,FRA-15136,4.16,FOREST,SUR-77006
LR-15137,FRA-15137,5.58,FOREST,SUR-80643
LR-15138,FRA-15138,5.88,UNCLASSIFIED,SUR-10437
LR-15139,FRA-15139,5.06,REVENUE,SUR-50670
LR-15140,FRA-15140,1.12,COMMUNITY,SUR-35862
LR-15141,FRA-15141,7.71,FOREST,SUR-62750
LR-15142,FRA-15142,6.63,FOREST,SUR-94480
LR-15143,FRA-15143,3.51,REVENUE,SUR-49242
LR-15144,FRA-15144,2.83,FOREST,SUR-42447
LR-15145,FRA-15145,6.25,REVENUE,SUR-12143
LR-15146,FRA-15146,3.31,COMMUNITY,SUR-89733
LR-15147,FRA-15147,3.88,COMMUNITY,SUR-57918
LR-15148,FRA-15148,1.63,FOREST,SUR-72672
LR-15149,FRA-15149,2.81,REVENUE,SUR-45663
LR-15150,FRA-15150,3.05,REVENUE,SUR-16507
LR-15151,FRA-15151,0.74,UNCLASSIFIED,SUR-93697
LR-15152,FRA-15152,7.44,COMMUNITY,SUR-89591
LR-15153,FRA-15153,6.29,FOREST,SUR-18747
LR-15154,FRA-15154,3.91,COMMUNITY,SUR-74279
LR-15155,FRA-15155,3.82,REVENUE,SUR-27940
LR-15156,FRA-15156,3.39,UNCLASSIFIED,SUR-55510
LR-15157,FRA-15157,2.94,FOREST,SUR-47816
LR-15158,FRA-15158,6.87,REVENUE,SUR-96754
LR-15159,FRA-15159,1.55,UNCLASSIFIED,SUR-46434
LR-15160,FRA-15160,1.46,UNCLASSIFIED,SUR-60390
LR-15161,FRA-15161,2.68,UNCLASSIFIED,SUR-47559
LR-15162,FRA-15162,2.61,REVENUE,SUR-33622
LR-15163,FRA-15163,5.59,FOREST,SUR-69818
LR-15164,FRA-15164,6.53,COMMUNITY,SUR-96445
LR-15165,FRA-15165,3.14,REVENUE,SUR-14082
LR-15166,FRA-15166,4.7,COMMUNITY,SUR-20877
LR-15167,FRA-15167,2.41,REVENUE,SUR-66146
LR-15168,FRA-15168,2.04,REVENUE,SUR-74563
LR-15169,FRA-15169,1.1,UNCLASSIFIED,SUR-43065
LR-15170,FRA-15170,1.7,COMMUNITY,SUR-91537
LR-15171,FRA-15171,6.8,COMMUNITY,SUR-54140
LR-15172,FRA-15172,5.64,UNCLASSIFIED,SUR-35239
LR-15173,FRA-15173,0.77,REVENUE,SUR-92671
LR-15174,FRA-15174,8.22,UNCLASSIFIED,SUR-12161
LR-15175,FRA-15175,4.64,UNCLASSIFIED,SUR-83493
LR-15176,FRA-15176,5.8,REVENUE,SUR-78946
LR-15177,FRA-15177,7.17,UNCLASSIFIED,SUR-35050
LR-15178,FRA-15178,6.8,REVENUE,SUR-41083
LR-15179,FRA-15179,1.21,FOREST,SUR-54427
LR-15180,FRA-15180,3.42,UNCLASSIFIED,SUR-83590
LR-15181,FRA-15181,2.35,COMMUNITY,SUR-96520
LR-15182,FRA-15182,3.62,REVENUE,SUR-23217
LR-15183,FRA-15183,4.38,FOREST,SUR-21199
LR-15184,FRA-15184,4.87,FOREST,SUR-15140
LR-15185,FRA-15185,6.82,FOREST,SUR-46897
LR-15186,FRA-15186,5.7,FOREST,SUR-89093
LR-15187,FRA-15187,1.41,COMMUNITY,SUR-73123
LR-15188,FRA-15188,3.08,FOREST,SUR-86227
LR-15189,FRA-15189,2.11,REVENUE,SUR-64419
LR-15190,FRA-15190,7.73,REVENUE,SUR-70967
LR-15191,FRA-15191,4.5,FOREST,SUR-37751
LR-15192,FRA-15192,4.88,REVENUE,SUR-98811
LR-15193,FRA-15193,1.43,UNCLASSIFIED,SUR-49597
LR-15194,FRA-15194,6.88,FOREST,SUR-62931
LR-15195,FRA-15195,2.54,REVENUE,SUR-84331
LR-15196,FRA-15196,3.56,UNCLASSIFIED,SUR-48268
LR-15197,FRA-15197,6.46,UNCLASSIFIED,SUR-94167
LR-15198,FRA-15198,1.52,FOREST,SUR-33983
LR-15199,FRA-15199,5.18,COMMUNITY,SUR-51082
LR-15200,FRA-15200,4.34,REVENUE,SUR-57454
LR-15201,FRA-15201,2.08,UNCLASSIFIED,SUR-58062
LR-15202,FRA-15202,6.73,REVENUE,SUR-15724
LR-15203,FRA-15203,2.33,FOREST,SUR-27061
LR-15204,FRA-15204,2.9,UNCLASSIFIED,SUR-31146
LR-15205,FRA-15205,4.75,UNCLASSIFIED,SUR-59988
LR-15206,FRA-15206,7.13,UNCLASSIFIED,SUR-51840
LR-15207,FRA-15207,2.59,UNCLASSIFIED,SUR-67475
LR-15208,FRA-15208,4.53,REVENUE,SUR-54631
LR-15209,FRA-15209,1.22,REVENUE,SUR-66382
LR-15210,FRA-15210,1.5,REVENUE,SUR-61852
LR-15211,FRA-15211,0.62,FOREST,SUR-15810
LR-15212,FRA-15212,4.77,FOREST,SUR-95589
LR-15213,FRA-15213,4.66,COMMUNITY,SUR-54082
LR-15214,FRA-15214,7.4,FOREST,SUR-66867
LR-15215,FRA-15215,5.37,REVENUE,SUR-26165
LR-15216,FRA-15216,6.34,UNCLASSIFIED,SUR-43784
LR-15217,FRA-15217,2.89,UNCLASSIFIED,SUR-82296
LR-15218,FRA-15218,3.99,FOREST,SUR-67523
LR-15219,FRA-15219,5.89,FOREST,SUR-61499
LR-15220,FRA-15220,1.67,FOREST,SUR-63705
LR-15221,FRA-15221,6.65,UNCLASSIFIED,SUR-91331
LR-15222,FRA-15222,2.78,REVENUE,SUR-50685
LR-15223,FRA-15223,1.49,FOREST,SUR-32940
LR-15224,FRA-15224,7.55,COMMUNITY,SUR-26033
LR-15225,FRA-15225,5.71,FOREST,SUR-15579
LR-15226,FRA-15226,1.67,FOREST,SUR-55435
LR-15227,FRA-15227,8.34,REVENUE,SUR-21903
LR-15228,FRA-15228,0.69,FOREST,SUR-87272
LR-15229,FRA-15229,6.93,FOREST,SUR-57511
LR-15230,FRA-15230,6.11,REVENUE,SUR-20244
LR-15231,FRA-15231,2.11,COMMUNITY,SUR-55463
LR-15232,FRA-15232,2.97,FOREST,SUR-44440
LR-15233,FRA-15233,0.48,UNCLASSIFIED,SUR-17973
LR-15234,FRA-15234,0.6,FOREST,SUR-21508
LR-15235,FRA-15235,8.01,FOREST,SUR-69588
LR-15236,FRA-15236,7.63,COMMUNITY,SUR-65795
LR-15237,FRA-15237,6.26,REVENUE,SUR-69946
LR-15238,FRA-15238,3.07,FOREST,SUR-19642
LR-15239,FRA-15239,5.43,REVENUE,SUR-16756
LR-15240,FRA-15240,6.85,FOREST,SUR-63434
LR-15241,FRA-15241,0.7,UNCLASSIFIED,SUR-40266
LR-15242,FRA-15242,5.62,REVENUE,SUR-84317
LR-15243,FRA-15243,6.0,REVENUE,SUR-95022
LR-15244,FRA-15244,7.2,COMMUNITY,SUR-19737
LR-15245,FRA-15245,5.13,FOREST,SUR-38574
LR-15246,FRA-15246,4.26,FOREST,SUR-31768
LR-15247,FRA-15247,3.88,COMMUNITY,SUR-46123
LR-15248,FRA-15248,1.67,UNCLASSIFIED,SUR-40549
LR-15249,FRA-15249,7.66,FOREST,SUR-69689
LR-15250,FRA-15250,3.38,COMMUNITY,SUR-57761
LR-15251,FRA-15251,1.46,COMMUNITY,SUR-33942
LR-15252,FRA-15252,7.15,UNCLASSIFIED,SUR-55232
LR-15253,FRA-15253,2.17,UNCLASSIFIED,SUR-78989
LR-15254,FRA-15254,1.6,REVENUE,SUR-45963
LR-15255,FRA-15255,1.8,COMMUNITY,SUR-14749
LR-15256,FRA-15256,2.59,COMMUNITY,SUR-15304
LR-15257,FRA-15257,1.29,COMMUNITY,SUR-22696
LR-15258,FRA-15258,5.21,REVENUE,SUR-49128
LR-15259,FRA-15259,1.64,FOREST,SUR-70530
LR-15260,FRA-15260,4.25,FOREST,SUR-17282
LR-15261,FRA-15261,1.78,REVENUE,SUR-98593
LR-15262,FRA-15262,1.06,UNCLASSIFIED,SUR-45928
LR-15263,FRA-15263,1.29,FOREST,SUR-36596
LR-15264,FRA-15264,5.87,UNCLASSIFIED,SUR-48980
LR-15265,FRA-15265,6.35,UNCLASSIFIED,SUR-23415
LR-15266,FRA-15266,2.2,FOREST,SUR-19480
LR-15267,FRA-15267,5.58,FOREST,SUR-49816
LR-15268,FRA-15268,3.39,UNCLASSIFIED,SUR-83793
LR-15269,FRA-15269,4.26,UNCLASSIFIED,SUR-69973
LR-15270,FRA-15270,7.52,FOREST,SUR-45499
LR-15271,FRA-15271,3.81,REVENUE,SUR-69249
LR-15272,FRA-15272,4.86,UNCLASSIFIED,SUR-72240
LR-15273,FRA-15273,2.35,COMMUNITY,SUR-11224
LR-15274,FRA-15274,0.58,UNCLASSIFIED,SUR-11655
LR-15275,FRA-15275,4.28,REVENUE,SUR-74572
LR-15276,FRA-15276,4.0,UNCLASSIFIED,SUR-97217
LR-15277,FRA-15277,1.26,FOREST,SUR-27698
LR-15278,FRA-15278,5.15,UNCLASSIFIED,SUR-39922
LR-15279,FRA-15279,3.63,REVENUE,SUR-54603
LR-15280,FRA-15280,2.75,REVENUE,SUR-73604
LR-15281,FRA-15281,3.75,FOREST,SUR-62538
LR-15282,FRA-15282,5.61,COMMUNITY,SUR-63825
LR-15283,FRA-15283,4.23,COMMUNITY,SUR-99995
LR-15284,FRA-15284,1.67,COMMUNITY,SUR-37467
LR-15285,FRA-15285,4.86,FOREST,SUR-59222
LR-15286,FRA-15286,2.19,REVENUE,SUR-38003
LR-15287,FRA-15287,2.8,UNCLASSIFIED,SUR-74903
LR-15288,FRA-15288,4.55,COMMUNITY,SUR-12222
LR-15289,FRA-15289,3.11,UNCLASSIFIED,SUR-50708
LR-15290,FRA-15290,1.88,UNCLASSIFIED,SUR-16593
LR-15291,FRA-15291,5.69,COMMUNITY,SUR-40062
LR-15292,FRA-15292,3.91,FOREST,SUR-80410
LR-15293,FRA-15293,1.23,FOREST,SUR-86364
LR-15294,FRA-15294,7.31,COMMUNITY,SUR-44999
LR-15295,FRA-15295,5.09,UNCLASSIFIED,SUR-28421
LR-15296,FRA-15296,5.72,FOREST,SUR-88064
LR-15297,FRA-15297,5.54,COMMUNITY,SUR-25634
LR-15298,FRA-15298,4.47,FOREST,SUR-29956
LR-15299,FRA-15299,0.99,UNCLASSIFIED,SUR-21789
LR-15300,FRA-15300,7.9,COMMUNITY,SUR-56903
LR-15301,FRA-15301,6.83,COMMUNITY,SUR-30476
LR-15302,FRA-15302,3.09,REVENUE,SUR-83309
LR-15303,FRA-15303,4.51,COMMUNITY,SUR-58179
LR-15304,FRA-15304,7.47,REVENUE,SUR-63995
LR-15305,FRA-15305,4.18,REVENUE,SUR-91490
LR-15306,FRA-15306,1.09,COMMUNITY,SUR-93554
LR-15307,FRA-15307,6.55,REVENUE,SUR-26263
LR-15308,FRA-15308,3.09,FOREST,SUR-57424
LR-15309,FRA-15309,5.49,FOREST,SUR-46963
LR-15310,FRA-15310,2.99,FOREST,SUR-56958
LR-15311,FRA-15311,6.72,REVENUE,SUR-22714
LR-15312,FRA-15312,2.26,UNCLASSIFIED,SUR-82572
LR-15313,FRA-15313,6.9,FOREST,SUR-71583
LR-15314,FRA-15314,1.68,UNCLASSIFIED,SUR-14704
LR-15315,FRA-15315,3.91,UNCLASSIFIED,SUR-92046
LR-15316,FRA-15316,7.65,UNCLASSIFIED,SUR-47273
LR-15317,FRA-15317,2.98,UNCLASSIFIED,SUR-36871
LR-15318,FRA-15318,7.18,COMMUNITY,SUR-23285
LR-15319,FRA-15319,5.93,UNCLASSIFIED,SUR-84707
LR-15320,FRA-15320,6.52,REVENUE,SUR-14838
LR-15321,FRA-15321,6.34,REVENUE,SUR-66234
LR-15322,FRA-15322,1.53,REVENUE,SUR-66803
LR-15323,FRA-15323,4.09,FOREST,SUR-41532
LR-15324,FRA-15324,5.83,UNCLASSIFIED,SUR-56625
LR-15325,FRA-15325,4.75,COMMUNITY,SUR-18902
LR-15326,FRA-15326,4.69,COMMUNITY,SUR-53446
LR-15327,FRA-15327,2.96,REVENUE,SUR-75453
LR-15328,FRA-15328,2.56,UNCLASSIFIED,SUR-76617
LR-15329,FRA-15329,1.78,UNCLASSIFIED,SUR-66871
LR-15330,FRA-15330,4.79,FOREST,SUR-71613
LR-15331,FRA-15331,2.53,FOREST,SUR-17919
LR-15332,FRA-15332,5.08,REVENUE,SUR-30386
LR-15333,FRA-15333,0.79,COMMUNITY,SUR-91515
LR-15334,FRA-15334,2.92,UNCLASSIFIED,SUR-67946
LR-15335,FRA-15335,2.75,COMMUNITY,SUR-54931
LR-15336,FRA-15336,4.45,FOREST,SUR-38800
LR-15337,FRA-15337,4.89,FOREST,SUR-26210
LR-15338,FRA-15338,2.08,UNCLASSIFIED,SUR-23264
LR-15339,FRA-15339,6.23,REVENUE,SUR-38637
LR-15340,FRA-15340,3.83,UNCLASSIFIED,SUR-19899
LR-15341,FRA-15341,2.43,UNCLASSIFIED,SUR-63815
LR-15342,FRA-15342,2.47,REVENUE,SUR-90544
LR-15343,FRA-15343,1.59,REVENUE,SUR-11981
LR-15344,FRA-15344,6.7,FOREST,SUR-73032
LR-15345,FRA-15345,6.72,REVENUE,SUR-54571
LR-15346,FRA-15346,6.5,REVENUE,SUR-27082
LR-15347,FRA-15347,5.3,UNCLASSIFIED,SUR-36902
LR-15348,FRA-15348,4.12,UNCLASSIFIED,SUR-92509
LR-15349,FRA-15349,1.6,COMMUNITY,SUR-99698
LR-15350,FRA-15350,3.8,UNCLASSIFIED,SUR-14795
LR-15351,FRA-15351,5.19,UNCLASSIFIED,SUR-74227
LR-15352,FRA-15352,3.98,FOREST,SUR-86825
LR-15353,FRA-15353,2.63,REVENUE,SUR-53993
LR-15354,FRA-15354,7.36,REVENUE,SUR-16656
LR-15355,FRA-15355,6.18,FOREST,SUR-36073
LR-15356,FRA-15356,7.52,REVENUE,SUR-76965
LR-15357,FRA-15357,2.17,REVENUE,SUR-41630
LR-15358,FRA-15358,8.02,COMMUNITY,SUR-70912
LR-15359,FRA-15359,5.21,COMMUNITY,SUR-31412
LR-15360,FRA-15360,2.45,UNCLASSIFIED,SUR-48861
LR-15361,FRA-15361,5.2,FOREST,SUR-71758
LR-15362,FRA-15362,4.96,UNCLASSIFIED,SUR-14506
LR-15363,FRA-15363,7.66,REVENUE,SUR-24401
LR-15364,FRA-15364,1.59,COMMUNITY,SUR-25610
LR-15365,FRA-15365,3.95,REVENUE,SUR-55968
LR-15366,FRA-15366,6.33,REVENUE,SUR-64472
LR-15367,FRA-15367,6.47,COMMUNITY,SUR-29341
LR-15368,FRA-15368,4.98,REVENUE,SUR-34748
LR-15369,FRA-15369,4.51,REVENUE,SUR-98578
LR-15370,FRA-15370,1.13,COMMUNITY,SUR-17249
LR-15371,FRA-15371,7.0,REVENUE,SUR-38729
LR-15372,FRA-15372,5.52,FOREST,SUR-45948
LR-15373,FRA-15373,6.55,REVENUE,SUR-51032
LR-15374,FRA-15374,4.94,UNCLASSIFIED,SUR-47108
LR-15375,FRA-15375,4.86,FOREST,SUR-59194
LR-15376,FRA-15376,3.96,REVENUE,SUR-33991
LR-15377,FRA-15377,3.24,COMMUNITY,SUR-29211
LR-15378,FRA-15378,4.11,COMMUNITY,SUR-27657
LR-15379,FRA-15379,5.96,FOREST,SUR-50463
LR-15380,FRA-15380,1.36,FOREST,SUR-16360
LR-15381,FRA-15381,2.42,COMMUNITY,SUR-84891
LR-15382,FRA-15382,6.66,COMMUNITY,SUR-67649
LR-15383,FRA-15383,3.49,COMMUNITY,SUR-61397
LR-15384,FRA-15384,1.71,REVENUE,SUR-60848
LR-15385,FRA-15385,0.61,REVENUE,SUR-19212
LR-15386,FRA-15386,4.94,UNCLASSIFIED,SUR-22911
LR-15387,FRA-15387,4.17,UNCLASSIFIED,SUR-33107
LR-15388,FRA-15388,5.22,FOREST,SUR-84927
LR-15389,FRA-15389,3.62,UNCLASSIFIED,SUR-17965
LR-15390,FRA-15390,5.72,COMMUNITY,SUR-59055
LR-15391,FRA-15391,7.38,FOREST,SUR-82617
LR-15392,FRA-15392,4.15,REVENUE,SUR-84920
LR-15393,FRA-15393,5.48,UNCLASSIFIED,SUR-35344
LR-15394,FRA-15394,6.75,UNCLASSIFIED,SUR-11539
LR-15395,FRA-15395,2.21,REVENUE,SUR-67016
LR-15396,FRA-15396,2.94,FOREST,SUR-14752
LR-15397,FRA-15397,6.82,REVENUE,SUR-92202
LR-15398,FRA-15398,0.57,REVENUE,SUR-47488
LR-15399,FRA-15399,5.56,UNCLASSIFIED,SUR-36387
LR-15400,FRA-15400,3.81,COMMUNITY,SUR-44139
LR-15401,FRA-15401,5.23,COMMUNITY,SUR-18139
LR-15402,FRA-15402,7.09,UNCLASSIFIED,SUR-38726
LR-15403,FRA-15403,2.94,COMMUNITY,SUR-84255
LR-15404,FRA-15404,2.16,REVENUE,SUR-52790
LR-15405,FRA-15405,5.22,FOREST,SUR-47110
LR-15406,FRA-15406,3.0,UNCLASSIFIED,SUR-36071
LR-15407,FRA-15407,2.52,FOREST,SUR-45534
LR-15408,FRA-15408,2.67,UNCLASSIFIED,SUR-88961
LR-15409,FRA-15409,0.76,COMMUNITY,SUR-87610
LR-15410,FRA-15410,0.63,FOREST,SUR-76082
LR-15411,FRA-15411,3.75,COMMUNITY,SUR-19416
LR-15412,FRA-15412,2.16,FOREST,SUR-82729
LR-15413,FRA-15413,5.89,COMMUNITY,SUR-21628
LR-15414,FRA-15414,5.34,FOREST,SUR-55782
LR-15415,FRA-15415,2.45,FOREST,SUR-80742
LR-15416,FRA-15416,3.01,REVENUE,SUR-60880
LR-15417,FRA-15417,2.09,FOREST,SUR-95633
LR-15418,FRA-15418,2.32,UNCLASSIFIED,SUR-24633
LR-15419,FRA-15419,1.88,COMMUNITY,SUR-30103
LR-15420,FRA-15420,3.01,COMMUNITY,SUR-72054
LR-15421,FRA-15421,0.92,FOREST,SUR-54689
LR-15422,FRA-15422,1.7,COMMUNITY,SUR-41023
LR-15423,FRA-15423,4.35,REVENUE,SUR-12904
LR-15424,FRA-15424,6.28,FOREST,SUR-19871
LR-15425,FRA-15425,4.72,UNCLASSIFIED,SUR-52341
LR-15426,FRA-15426,2.73,FOREST,SUR-27649
LR-15427,FRA-15427,5.09,UNCLASSIFIED,SUR-27826
LR-15428,FRA-15428,3.91,FOREST,SUR-74537
LR-15429,FRA-15429,2.87,REVENUE,SUR-94494
LR-15430,FRA-15430,2.95,UNCLASSIFIED,SUR-83412
LR-15431,FRA-15431,7.55,FOREST,SUR-97949
LR-15432,FRA-15432,6.66,FOREST,SUR-35843
LR-15433,FRA-15433,0.72,REVENUE,SUR-86828
LR-15434,FRA-15434,0.94,REVENUE,SUR-23069
LR-15435,FRA-15435,6.92,REVENUE,SUR-76454
LR-15436,FRA-15436,1.77,COMMUNITY,SUR-41176
LR-15437,FRA-15437,6.8,COMMUNITY,SUR-42936
LR-15438,FRA-15438,7.53,UNCLASSIFIED,SUR-96066
LR-15439,FRA-15439,4.18,UNCLASSIFIED,SUR-13976
LR-15440,FRA-15440,6.03,UNCLASSIFIED,SUR-72119
LR-15441,FRA-15441,1.3,REVENUE,SUR-25246
LR-15442,FRA-15442,6.78,REVENUE,SUR-61904
LR-15443,FRA-15443,2.17,FOREST,SUR-78485
LR-15444,FRA-15444,2.91,UNCLASSIFIED,SUR-11279
LR-15445,FRA-15445,2.05,FOREST,SUR-61394
LR-15446,FRA-15446,4.34,UNCLASSIFIED,SUR-95969
LR-15447,FRA-15447,1.05,FOREST,SUR-88749
LR-15448,FRA-15448,2.83,UNCLASSIFIED,SUR-12994
LR-15449,FRA-15449,6.44,UNCLASSIFIED,SUR-90280
LR-15450,FRA-15450,3.96,REVENUE,SUR-16575
LR-15451,FRA-15451,7.15,FOREST,SUR-78297
LR-15452,FRA-15452,5.06,COMMUNITY,SUR-86743
LR-15453,FRA-15453,0.52,COMMUNITY,SUR-83532
LR-15454,FRA-15454,3.12,REVENUE,SUR-93480
LR-15455,FRA-15455,2.92,UNCLASSIFIED,SUR-35513
LR-15456,FRA-15456,1.39,FOREST,SUR-32541
LR-15457,FRA-15457,7.17,UNCLASSIFIED,SUR-56965
LR-15458,FRA-15458,4.44,UNCLASSIFIED,SUR-59827
LR-15459,FRA-15459,3.34,COMMUNITY,SUR-56331
LR-15460,FRA-15460,2.28,REVENUE,SUR-55738
LR-15461,FRA-15461,2.96,REVENUE,SUR-69655
LR-15462,FRA-15462,5.06,REVENUE,SUR-36090
LR-15463,FRA-15463,5.03,REVENUE,SUR-98612
LR-15464,FRA-15464,7.22,COMMUNITY,SUR-20666
LR-15465,FRA-15465,5.64,COMMUNITY,SUR-32924
LR-15466,FRA-15466,7.53,UNCLASSIFIED,SUR-35017
LR-15467,FRA-15467,1.0,UNCLASSIFIED,SUR-64051
LR-15468,FRA-15468,5.93,REVENUE,SUR-26097
LR-15469,FRA-15469,0.64,REVENUE,SUR-40909
LR-15470,FRA-15470,1.77,FOREST,SUR-32989
LR-15471,FRA-15471,1.65,COMMUNITY,SUR-54646
LR-15472,FRA-15472,4.07,FOREST,SUR-83635
LR-15473,FRA-15473,1.9,FOREST,SUR-58690
LR-15474,FRA-15474,6.7,UNCLASSIFIED,SUR-35259
LR-15475,FRA-15475,1.26,COMMUNITY,SUR-67482
LR-15476,FRA-15476,1.62,UNCLASSIFIED,SUR-80656
LR-15477,FRA-15477,1.36,UNCLASSIFIED,SUR-40769
LR-15478,FRA-15478,3.4,UNCLASSIFIED,SUR-69546
LR-15479,FRA-15479,4.61,UNCLASSIFIED,SUR-55727
LR-15480,FRA-15480,5.01,FOREST,SUR-26380
LR-15481,FRA-15481,5.99,REVENUE,SUR-16618
LR-15482,FRA-15482,4.0,REVENUE,SUR-68662
LR-15483,FRA-15483,5.65,FOREST,SUR-97838
LR-15484,FRA-15484,5.17,FOREST,SUR-59319
LR-15485,FRA-15485,5.81,COMMUNITY,SUR-16253
LR-15486,FRA-15486,1.08,REVENUE,SUR-18813
LR-15487,FRA-15487,1.7,COMMUNITY,SUR-80653
LR-15488,FRA-15488,6.1,UNCLASSIFIED,SUR-59341
LR-15489,FRA-15489,1.43,REVENUE,SUR-29414
LR-15490,FRA-15490,5.37,REVENUE,SUR-19348
LR-15491,FRA-15491,1.25,COMMUNITY,SUR-54997
LR-15492,FRA-15492,6.67,COMMUNITY,SUR-83509
LR-15493,FRA-15493,5.45,FOREST,SUR-85938
LR-15494,FRA-15494,2.51,REVENUE,SUR-85771
LR-15495,FRA-15495,1.5,REVENUE,SUR-79181
LR-15496,FRA-15496,3.24,FOREST,SUR-60784
LR-15497,FRA-15497,3.6,FOREST,SUR-28970
LR-15498,FRA-15498,1.75,UNCLASSIFIED,SUR-75031
LR-15499,FRA-15499,3.57,COMMUNITY,SUR-94772
LR-15500,FRA-15500,5.21,REVENUE,SUR-75326
LR-15501,FRA-15501,5.81,REVENUE,SUR-56979
LR-15502,FRA-15502,7.06,FOREST,SUR-35498
LR-15503,FRA-15503,3.74,FOREST,SUR-22740
LR-15504,FRA-15504,3.86,UNCLASSIFIED,SUR-56007
LR-15505,FRA-15505,6.28,REVENUE,SUR-40798
LR-15506,FRA-15506,1.54,COMMUNITY,SUR-90549
LR-15507,FRA-15507,2.73,UNCLASSIFIED,SUR-13878
LR-15508,FRA-15508,4.62,COMMUNITY,SUR-23776
LR-15509,FRA-15509,4.04,FOREST,SUR-50896
LR-15510,FRA-15510,0.54,FOREST,SUR-47995
LR-15511,FRA-15511,4.73,UNCLASSIFIED,SUR-96650
LR-15512,FRA-15512,0.93,FOREST,SUR-66956
LR-15513,FRA-15513,2.59,REVENUE,SUR-79487
LR-15514,FRA-15514,2.17,UNCLASSIFIED,SUR-18824
LR-15515,FRA-15515,5.75,COMMUNITY,SUR-53897
LR-15516,FRA-15516,5.59,UNCLASSIFIED,SUR-72028
LR-15517,FRA-15517,6.1,UNCLASSIFIED,SUR-77174
LR-15518,FRA-15518,6.5,COMMUNITY,SUR-48579
LR-15519,FRA-15519,5.86,FOREST,SUR-24437
LR-15520,FRA-15520,6.84,COMMUNITY,SUR-88781
LR-15521,FRA-15521,7.22,COMMUNITY,SUR-58120
LR-15522,FRA-15522,1.13,COMMUNITY,SUR-66672
LR-15523,FRA-15523,5.18,UNCLASSIFIED,SUR-56720
LR-15524,FRA-15524,1.86,FOREST,SUR-66795
LR-15525,FRA-15525,2.49,UNCLASSIFIED,SUR-61091
LR-15526,FRA-15526,1.0,REVENUE,SUR-62098
LR-15527,FRA-15527,7.45,UNCLASSIFIED,SUR-74974
LR-15528,FRA-15528,5.43,UNCLASSIFIED,SUR-69467
LR-15529,FRA-15529,7.49,COMMUNITY,SUR-27723
LR-15530,FRA-15530,4.77,REVENUE,SUR-25624
LR-15531,FRA-15531,4.96,REVENUE,SUR-93787
LR-15532,FRA-15532,5.76,COMMUNITY,SUR-74406
LR-15533,FRA-15533,3.86,REVENUE,SUR-13263
LR-15534,FRA-15534,3.22,UNCLASSIFIED,SUR-21162
LR-15535,FRA-15535,6.27,UNCLASSIFIED,SUR-32598
LR-15536,FRA-15536,7.84,REVENUE,SUR-11381
LR-15537,FRA-15537,3.8,REVENUE,SUR-98839
LR-15538,FRA-15538,4.1,FOREST,SUR-45757
LR-15539,FRA-15539,0.56,COMMUNITY,SUR-67828
LR-15540,FRA-15540,4.83,REVENUE,SUR-33599
LR-15541,FRA-15541,4.42,FOREST,SUR-81910
LR-15542,FRA-15542,2.34,REVENUE,SUR-37662
LR-15543,FRA-15543,6.54,FOREST,SUR-37457
LR-15544,FRA-15544,5.29,COMMUNITY,SUR-69244
LR-15545,FRA-15545,3.12,REVENUE,SUR-33719
LR-15546,FRA-15546,3.67,COMMUNITY,SUR-17920
LR-15547,FRA-15547,1.06,UNCLASSIFIED,SUR-97494
LR-15548,FRA-15548,2.5,REVENUE,SUR-93868
LR-15549,FRA-15549,1.27,REVENUE,SUR-94484
LR-15550,FRA-15550,7.37,FOREST,SUR-52482
LR-15551,FRA-15551,4.59,COMMUNITY,SUR-40331
LR-15552,FRA-15552,3.47,UNCLASSIFIED,SUR-54341
LR-15553,FRA-15553,2.27,COMMUNITY,SUR-65319
LR-15554,FRA-15554,5.24,UNCLASSIFIED,SUR-33844
LR-15555,FRA-15555,2.2,COMMUNITY,SUR-45672
LR-15556,FRA-15556,2.32,UNCLASSIFIED,SUR-68474
LR-15557,FRA-15557,4.57,UNCLASSIFIED,SUR-60549
LR-15558,FRA-15558,3.21,FOREST,SUR-82091
LR-15559,FRA-15559,5.33,FOREST,SUR-34576
LR-15560,FRA-15560,6.6,REVENUE,SUR-59786
LR-15561,FRA-15561,3.55,REVENUE,SUR-31093
LR-15562,FRA-15562,3.62,FOREST,SUR-62274
LR-15563,FRA-15563,6.58,FOREST,SUR-81711
LR-15564,FRA-15564,5.04,UNCLASSIFIED,SUR-82372
LR-15565,FRA-15565,2.7,FOREST,SUR-30684
LR-15566,FRA-15566,0.98,COMMUNITY,SUR-19521
LR-15567,FRA-15567,5.39,REVENUE,SUR-29024
LR-15568,FRA-15568,3.94,COMMUNITY,SUR-73671
LR-15569,FRA-15569,5.73,UNCLASSIFIED,SUR-60845
LR-15570,FRA-15570,2.88,UNCLASSIFIED,SUR-98356
LR-15571,FRA-15571,4.84,FOREST,SUR-48405
LR-15572,FRA-15572,5.28,FOREST,SUR-41566
LR-15573,FRA-15573,3.14,UNCLASSIFIED,SUR-67186
LR-15574,FRA-15574,4.4,REVENUE,SUR-74055
LR-15575,FRA-15575,1.75,REVENUE,SUR-43413
LR-15576,FRA-15576,4.9,FOREST,SUR-88728
LR-15577,FRA-15577,7.05,REVENUE,SUR-99192
LR-15578,FRA-15578,4.24,COMMUNITY,SUR-51242
LR-15579,FRA-15579,2.58,UNCLASSIFIED,SUR-92576
LR-15580,FRA-15580,2.74,UNCLASSIFIED,SUR-90001
LR-15581,FRA-15581,2.16,UNCLASSIFIED,SUR-55269
LR-15582,FRA-15582,3.21,FOREST,SUR-98310
LR-15583,FRA-15583,7.21,REVENUE,SUR-67187
LR-15584,FRA-15584,0.69,REVENUE,SUR-74755
LR-15585,FRA-15585,5.28,UNCLASSIFIED,SUR-32136
LR-15586,FRA-15586,0.55,FOREST,SUR-14089
LR-15587,FRA-15587,6.49,UNCLASSIFIED,SUR-17686
LR-15588,FRA-15588,4.92,FOREST,SUR-17466
LR-15589,FRA-15589,2.09,COMMUNITY,SUR-89843
LR-15590,FRA-15590,2.82,REVENUE,SUR-12175
LR-15591,FRA-15591,7.27,UNCLASSIFIED,SUR-95848
LR-15592,FRA-15592,5.08,FOREST,SUR-83192
LR-15593,FRA-15593,2.13,UNCLASSIFIED,SUR-77153
LR-15594,FRA-15594,6.22,REVENUE,SUR-61340
LR-15595,FRA-15595,2.66,FOREST,SUR-61785
LR-15596,FRA-15596,3.27,COMMUNITY,SUR-41605
LR-15597,FRA-15597,6.48,REVENUE,SUR-69020
LR-15598,FRA-15598,0.6,FOREST,SUR-34434
LR-15599,FRA-15599,4.9,COMMUNITY,SUR-92789
LR-15600,FRA-15600,2.29,REVENUE,SUR-83506
LR-15601,FRA-15601,2.5,REVENUE,SUR-14888
LR-15602,FRA-15602,0.46,COMMUNITY,SUR-76016
LR-15603,FRA-15603,1.49,REVENUE,SUR-20984
LR-15604,FRA-15604,4.84,REVENUE,SUR-10916
LR-15605,FRA-15605,3.89,REVENUE,SUR-93175
LR-15606,FRA-15606,3.55,FOREST,SUR-45948
LR-15607,FRA-15607,6.9,REVENUE,SUR-87241
LR-15608,FRA-15608,4.76,COMMUNITY,SUR-34563
LR-15609,FRA-15609,6.54,COMMUNITY,SUR-29473
LR-15610,FRA-15610,1.11,FOREST,SUR-58220
LR-15611,FRA-15611,0.76,REVENUE,SUR-90419
LR-15612,FRA-15612,4.05,REVENUE,SUR-19057
LR-15613,FRA-15613,0.97,REVENUE,SUR-28720
LR-15614,FRA-15614,2.97,REVENUE,SUR-54303
LR-15615,FRA-15615,2.61,UNCLASSIFIED,SUR-15621
LR-15616,FRA-15616,1.16,COMMUNITY,SUR-48098
LR-15617,FRA-15617,4.61,FOREST,SUR-13063
LR-15618,FRA-15618,2.47,UNCLASSIFIED,SUR-83814
LR-15619,FRA-15619,7.85,COMMUNITY,SUR-60777
LR-15620,FRA-15620,7.37,FOREST,SUR-42723
LR-15621,FRA-15621,1.72,UNCLASSIFIED,SUR-68114
LR-15622,FRA-15622,2.94,UNCLASSIFIED,SUR-39379
LR-15623,FRA-15623,3.04,UNCLASSIFIED,SUR-27162
LR-15624,FRA-15624,6.94,REVENUE,SUR-63970
LR-15625,FRA-15625,4.11,REVENUE,SUR-62289
LR-15626,FRA-15626,0.62,UNCLASSIFIED,SUR-50298
LR-15627,FRA-15627,5.71,FOREST,SUR-26908
LR-15628,FRA-15628,1.06,COMMUNITY,SUR-99805
LR-15629,FRA-15629,1.46,REVENUE,SUR-14673
LR-15630,FRA-15630,5.0,REVENUE,SUR-47051
LR-15631,FRA-15631,0.87,UNCLASSIFIED,SUR-61915
LR-15632,FRA-15632,7.1,REVENUE,SUR-39713
LR-15633,FRA-15633,0.83,FOREST,SUR-70023
LR-15634,FRA-15634,4.72,COMMUNITY,SUR-12119
LR-15635,FRA-15635,1.8,UNCLASSIFIED,SUR-26080
LR-15636,FRA-15636,5.18,UNCLASSIFIED,SUR-45740
LR-15637,FRA-15637,5.93,COMMUNITY,SUR-39856
LR-15638,FRA-15638,6.39,REVENUE,SUR-63850
LR-15639,FRA-15639,2.14,FOREST,SUR-67251
LR-15640,FRA-15640,7.71,UNCLASSIFIED,SUR-89571
LR-15641,FRA-15641,6.64,FOREST,SUR-31079
LR-15642,FRA-15642,2.36,UNCLASSIFIED,SUR-67686
LR-15643,FRA-15643,0.64,COMMUNITY,SUR-15019
LR-15644,FRA-15644,2.64,REVENUE,SUR-51417
LR-15645,FRA-15645,1.48,FOREST,SUR-74920
LR-15646,FRA-15646,6.08,FOREST,SUR-51300
LR-15647,FRA-15647,0.51,FOREST,SUR-73073
LR-15648,FRA-15648,1.29,REVENUE,SUR-25336
LR-15649,FRA-15649,7.62,REVENUE,SUR-98041
LR-15650,FRA-15650,1.34,REVENUE,SUR-99583
LR-15651,FRA-15651,3.21,FOREST,SUR-53672
LR-15652,FRA-15652,4.75,COMMUNITY,SUR-67840
LR-15653,FRA-15653,7.17,REVENUE,SUR-89031
LR-15654,FRA-15654,1.41,UNCLASSIFIED,SUR-50643
LR-15655,FRA-15655,6.88,UNCLASSIFIED,SUR-56927
LR-15656,FRA-15656,0.86,REVENUE,SUR-19190
LR-15657,FRA-15657,3.05,REVENUE,SUR-53308
LR-15658,FRA-15658,3.73,UNCLASSIFIED,SUR-13695
LR-15659,FRA-15659,5.46,REVENUE,SUR-94501
LR-15660,FRA-15660,6.22,COMMUNITY,SUR-85068
LR-15661,FRA-15661,4.78,FOREST,SUR-76708
LR-15662,FRA-15662,6.26,COMMUNITY,SUR-87448
LR-15663,FRA-15663,4.49,REVENUE,SUR-23504
LR-15664,FRA-15664,1.12,REVENUE,SUR-34034
LR-15665,FRA-15665,2.14,FOREST,SUR-34020
LR-15666,FRA-15666,6.98,COMMUNITY,SUR-32053
LR-15667,FRA-15667,7.55,REVENUE,SUR-51535
LR-15668,FRA-15668,4.61,REVENUE,SUR-67065
LR-15669,FRA-15669,2.42,REVENUE,SUR-71830
LR-15670,FRA-15670,4.23,FOREST,SUR-81130
LR-15671,FRA-15671,7.34,UNCLASSIFIED,SUR-36091
LR-15672,FRA-15672,2.27,COMMUNITY,SUR-93900
LR-15673,FRA-15673,7.5,COMMUNITY,SUR-97072
LR-15674,FRA-15674,4.22,REVENUE,SUR-19122
LR-15675,FRA-15675,6.56,UNCLASSIFIED,SUR-18790
LR-15676,FRA-15676,6.35,FOREST,SUR-49190
LR-15677,FRA-15677,3.0,COMMUNITY,SUR-90123
LR-15678,FRA-15678,6.94,COMMUNITY,SUR-94050
LR-15679,FRA-15679,2.07,UNCLASSIFIED,SUR-36960
LR-15680,FRA-15680,5.68,FOREST,SUR-77554
LR-15681,FRA-15681,7.67,UNCLASSIFIED,SUR-20796
LR-15682,FRA-15682,2.53,REVENUE,SUR-91976
LR-15683,FRA-15683,4.73,FOREST,SUR-63769
LR-15684,FRA-15684,6.1,REVENUE,SUR-56373
LR-15685,FRA-15685,7.03,COMMUNITY,SUR-38136
LR-15686,FRA-15686,2.02,REVENUE,SUR-39285
LR-15687,FRA-15687,1.53,FOREST,SUR-98076
LR-15688,FRA-15688,7.19,REVENUE,SUR-97229
LR-15689,FRA-15689,3.79,REVENUE,SUR-73570
LR-15690,FRA-15690,1.31,COMMUNITY,SUR-25026
LR-15691,FRA-15691,4.64,REVENUE,SUR-89813
LR-15692,FRA-15692,6.23,FOREST,SUR-11749
LR-15693,FRA-15693,3.56,COMMUNITY,SUR-66616
LR-15694,FRA-15694,3.42,COMMUNITY,SUR-13776
LR-15695,FRA-15695,3.97,UNCLASSIFIED,SUR-74373
LR-15696,FRA-15696,3.99,UNCLASSIFIED,SUR-37983
LR-15697,FRA-15697,6.94,REVENUE,SUR-93579
LR-15698,FRA-15698,4.48,COMMUNITY,SUR-63802
LR-15699,FRA-15699,5.31,REVENUE,SUR-84604
LR-15700,FRA-15700,4.09,COMMUNITY,SUR-98124
LR-15701,FRA-15701,2.34,FOREST,SUR-59362
LR-15702,FRA-15702,3.73,COMMUNITY,SUR-11002
LR-15703,FRA-15703,3.03,REVENUE,SUR-89826
LR-15704,FRA-15704,4.28,UNCLASSIFIED,SUR-71582
LR-15705,FRA-15705,6.57,COMMUNITY,SUR-93051
LR-15706,FRA-15706,5.67,UNCLASSIFIED,SUR-57180
LR-15707,FRA-15707,7.56,REVENUE,SUR-29065
LR-15708,FRA-15708,1.87,UNCLASSIFIED,SUR-34800
LR-15709,FRA-15709,5.98,FOREST,SUR-15440
LR-15710,FRA-15710,0.93,FOREST,SUR-93045
LR-15711,FRA-15711,2.67,UNCLASSIFIED,SUR-39372
LR-15712,FRA-15712,2.84,REVENUE,SUR-29076
LR-15713,FRA-15713,4.73,UNCLASSIFIED,SUR-48794
LR-15714,FRA-15714,8.16,REVENUE,SUR-48187
LR-15715,FRA-15715,2.46,UNCLASSIFIED,SUR-95556
LR-15716,FRA-15716,1.87,UNCLASSIFIED,SUR-48095
LR-15717,FRA-15717,2.85,COMMUNITY,SUR-99940
LR-15718,FRA-15718,4.93,UNCLASSIFIED,SUR-25924
LR-15719,FRA-15719,1.14,UNCLASSIFIED,SUR-40169
LR-15720,FRA-15720,5.7,UNCLASSIFIED,SUR-17362
LR-15721,FRA-15721,1.39,UNCLASSIFIED,SUR-24663
LR-15722,FRA-15722,5.73,COMMUNITY,SUR-81847
LR-15723,FRA-15723,5.5,COMMUNITY,SUR-90820
LR-15724,FRA-15724,4.2,UNCLASSIFIED,SUR-64464
LR-15725,FRA-15725,3.1,REVENUE,SUR-33927
LR-15726,FRA-15726,3.43,COMMUNITY,SUR-64620
LR-15727,FRA-15727,3.4,UNCLASSIFIED,SUR-40966
LR-15728,FRA-15728,1.95,REVENUE,SUR-55774
LR-15729,FRA-15729,4.65,FOREST,SUR-81907
LR-15730,FRA-15730,4.96,UNCLASSIFIED,SUR-26452
LR-15731,FRA-15731,0.62,UNCLASSIFIED,SUR-82574
LR-15732,FRA-15732,2.69,COMMUNITY,SUR-30970
LR-15733,FRA-15733,3.83,FOREST,SUR-69032
LR-15734,FRA-15734,1.36,FOREST,SUR-97940
LR-15735,FRA-15735,4.95,COMMUNITY,SUR-61562
LR-15736,FRA-15736,6.12,COMMUNITY,SUR-35199
LR-15737,FRA-15737,5.66,REVENUE,SUR-76993
LR-15738,FRA-15738,2.28,COMMUNITY,SUR-16886
LR-15739,FRA-15739,3.65,REVENUE,SUR-45468
LR-15740,FRA-15740,0.79,COMMUNITY,SUR-43029
LR-15741,FRA-15741,6.9,COMMUNITY,SUR-65395
LR-15742,FRA-15742,4.68,FOREST,SUR-23272
LR-15743,FRA-15743,6.75,REVENUE,SUR-59697
LR-15744,FRA-15744,2.76,COMMUNITY,SUR-66327
LR-15745,FRA-15745,2.7,UNCLASSIFIED,SUR-26292
LR-15746,FRA-15746,2.64,FOREST,SUR-67380
LR-15747,FRA-15747,4.03,UNCLASSIFIED,SUR-77643
LR-15748,FRA-15748,6.75,COMMUNITY,SUR-50411
LR-15749,FRA-15749,4.9,UNCLASSIFIED,SUR-97191
LR-15750,FRA-15750,1.36,REVENUE,SUR-47688
LR-15751,FRA-15751,2.92,REVENUE,SUR-88264
LR-15752,FRA-15752,4.59,FOREST,SUR-59322
LR-15753,FRA-15753,1.67,FOREST,SUR-55785
LR-15754,FRA-15754,3.11,COMMUNITY,SUR-45618
LR-15755,FRA-15755,6.69,COMMUNITY,SUR-85586
LR-15756,FRA-15756,6.91,UNCLASSIFIED,SUR-56063
LR-15757,FRA-15757,7.76,FOREST,SUR-28005
LR-15758,FRA-15758,1.11,FOREST,SUR-28698
LR-15759,FRA-15759,4.62,FOREST,SUR-25324
LR-15760,FRA-15760,7.44,COMMUNITY,SUR-20426
LR-15761,FRA-15761,3.06,FOREST,SUR-63600
LR-15762,FRA-15762,6.04,FOREST,SUR-47642
LR-15763,FRA-15763,6.69,REVENUE,SUR-49444
LR-15764,FRA-15764,7.96,FOREST,SUR-40137
LR-15765,FRA-15765,6.63,COMMUNITY,SUR-23123
LR-15766,FRA-15766,5.01,COMMUNITY,SUR-87968
LR-15767,FRA-15767,1.93,FOREST,SUR-43995
LR-15768,FRA-15768,7.83,UNCLASSIFIED,SUR-36070
LR-15769,FRA-15769,5.63,FOREST,SUR-15819
LR-15770,FRA-15770,3.01,FOREST,SUR-19262
LR-15771,FRA-15771,7.93,FOREST,SUR-67244
LR-15772,FRA-15772,1.04,FOREST,SUR-32230
LR-15773,FRA-15773,4.52,COMMUNITY,SUR-97718
LR-15774,FRA-15774,4.3,REVENUE,SUR-43121
LR-15775,FRA-15775,1.19,REVENUE,SUR-37240
LR-15776,FRA-15776,7.84,FOREST,SUR-87885
LR-15777,FRA-15777,2.68,UNCLASSIFIED,SUR-27723
LR-15778,FRA-15778,5.55,COMMUNITY,SUR-11206
LR-15779,FRA-15779,7.16,COMMUNITY,SUR-38783
LR-15780,FRA-15780,5.81,FOREST,SUR-19483
LR-15781,FRA-15781,2.16,REVENUE,SUR-50547
LR-15782,FRA-15782,1.98,FOREST,SUR-47605
LR-15783,FRA-15783,7.18,UNCLASSIFIED,SUR-96911
LR-15784,FRA-15784,4.13,COMMUNITY,SUR-48891
LR-15785,FRA-15785,6.96,REVENUE,SUR-73946
LR-15786,FRA-15786,0.56,UNCLASSIFIED,SUR-88273
LR-15787,FRA-15787,7.01,UNCLASSIFIED,SUR-86329
LR-15788,FRA-15788,4.67,COMMUNITY,SUR-75538
LR-15789,FRA-15789,1.35,COMMUNITY,SUR-26602
LR-15790,FRA-15790,2.4,FOREST,SUR-58358
LR-15791,FRA-15791,4.06,FOREST,SUR-17473
LR-15792,FRA-15792,6.99,UNCLASSIFIED,SUR-18894
LR-15793,FRA-15793,6.55,COMMUNITY,SUR-69291
LR-15794,FRA-15794,1.56,UNCLASSIFIED,SUR-91676
LR-15795,FRA-15795,7.29,REVENUE,SUR-50746
LR-15796,FRA-15796,3.66,REVENUE,SUR-67466
LR-15797,FRA-15797,6.24,COMMUNITY,SUR-61637
LR-15798,FRA-15798,1.55,UNCLASSIFIED,SUR-44373
LR-15799,FRA-15799,6.78,COMMUNITY,SUR-92914
LR-15800,FRA-15800,3.0,REVENUE,SUR-21267
LR-15801,FRA-15801,7.57,COMMUNITY,SUR-49466
LR-15802,FRA-15802,3.11,REVENUE,SUR-11449
LR-15803,FRA-15803,5.8,COMMUNITY,SUR-84429
LR-15804,FRA-15804,6.71,FOREST,SUR-40487
LR-15805,FRA-15805,2.99,COMMUNITY,SUR-37231
LR-15806,FRA-15806,1.49,UNCLASSIFIED,SUR-38899
LR-15807,FRA-15807,1.98,COMMUNITY,SUR-38544
LR-15808,FRA-15808,6.96,FOREST,SUR-55857
LR-15809,FRA-15809,7.25,COMMUNITY,SUR-36222
LR-15810,FRA-15810,5.54,REVENUE,SUR-83193
LR-15811,FRA-15811,4.53,FOREST,SUR-16923
LR-15812,FRA-15812,7.24,REVENUE,SUR-45136
LR-15813,FRA-15813,4.37,UNCLASSIFIED,SUR-76708
LR-15814,FRA-15814,5.23,REVENUE,SUR-47728
LR-15815,FRA-15815,4.71,UNCLASSIFIED,SUR-61810
LR-15816,FRA-15816,1.02,UNCLASSIFIED,SUR-66106
LR-15817,FRA-15817,3.68,FOREST,SUR-98885
LR-15818,FRA-15818,0.53,UNCLASSIFIED,SUR-91714
LR-15819,FRA-15819,0.75,UNCLASSIFIED,SUR-62988
LR-15820,FRA-15820,5.76,REVENUE,SUR-60808
LR-15821,FRA-15821,6.05,COMMUNITY,SUR-15275
LR-15822,FRA-15822,3.27,REVENUE,SUR-46011
LR-15823,FRA-15823,5.06,REVENUE,SUR-41776
LR-15824,FRA-15824,2.67,REVENUE,SUR-29903
LR-15825,FRA-15825,1.3,COMMUNITY,SUR-37962
LR-15826,FRA-15826,4.98,FOREST,SUR-52330
LR-15827,FRA-15827,4.97,FOREST,SUR-75266
LR-15828,FRA-15828,6.7,COMMUNITY,SUR-93513
LR-15829,FRA-15829,6.88,COMMUNITY,SUR-12505
LR-15830,FRA-15830,2.09,FOREST,SUR-97022
LR-15831,FRA-15831,2.25,UNCLASSIFIED,SUR-81693
LR-15832,FRA-15832,5.37,FOREST,SUR-79134
LR-15833,FRA-15833,8.01,COMMUNITY,SUR-54146
LR-15834,FRA-15834,5.32,FOREST,SUR-50100
LR-15835,FRA-15835,1.59,FOREST,SUR-24296
LR-15836,FRA-15836,2.6,FOREST,SUR-95039
LR-15837,FRA-15837,2.09,COMMUNITY,SUR-45749
LR-15838,FRA-15838,4.14,COMMUNITY,SUR-56799
LR-15839,FRA-15839,5.41,UNCLASSIFIED,SUR-72354
LR-15840,FRA-15840,1.52,COMMUNITY,SUR-96962
LR-15841,FRA-15841,5.54,UNCLASSIFIED,SUR-31529
LR-15842,FRA-15842,4.34,REVENUE,SUR-96323
LR-15843,FRA-15843,1.41,UNCLASSIFIED,SUR-28701
LR-15844,FRA-15844,7.13,FOREST,SUR-68192
LR-15845,FRA-15845,1.37,REVENUE,SUR-94775
LR-15846,FRA-15846,5.72,COMMUNITY,SUR-10706
LR-15847,FRA-15847,0.61,FOREST,SUR-46388
LR-15848,FRA-15848,6.79,UNCLASSIFIED,SUR-77977
LR-15849,FRA-15849,6.14,UNCLASSIFIED,SUR-20698
LR-15850,FRA-15850,4.33,COMMUNITY,SUR-23513
LR-15851,FRA-15851,7.26,FOREST,SUR-16191
LR-15852,FRA-15852,3.5,REVENUE,SUR-12548
LR-15853,FRA-15853,4.16,REVENUE,SUR-36320
LR-15854,FRA-15854,1.08,COMMUNITY,SUR-34758
LR-15855,FRA-15855,0.63,COMMUNITY,SUR-54892
LR-15856,FRA-15856,5.12,UNCLASSIFIED,SUR-75806
LR-15857,FRA-15857,7.95,COMMUNITY,SUR-34828
LR-15858,FRA-15858,1.72,FOREST,SUR-88954
LR-15859,FRA-15859,5.11,UNCLASSIFIED,SUR-19176
LR-15860,FRA-15860,2.3,COMMUNITY,SUR-80357
LR-15861,FRA-15861,5.63,COMMUNITY,SUR-76892
LR-15862,FRA-15862,5.64,REVENUE,SUR-65173
LR-15863,FRA-15863,3.04,REVENUE,SUR-86712
LR-15864,FRA-15864,1.22,FOREST,SUR-88892
LR-15865,FRA-15865,5.78,FOREST,SUR-69326
LR-15866,FRA-15866,6.14,COMMUNITY,SUR-81471
LR-15867,FRA-15867,2.29,UNCLASSIFIED,SUR-48078
LR-15868,FRA-15868,0.59,REVENUE,SUR-41446
LR-15869,FRA-15869,4.86,REVENUE,SUR-62070
LR-15870,FRA-15870,6.55,UNCLASSIFIED,SUR-83097
LR-15871,FRA-15871,1.01,UNCLASSIFIED,SUR-88600
LR-15872,FRA-15872,7.41,FOREST,SUR-23948
LR-15873,FRA-15873,3.7,FOREST,SUR-29078
LR-15874,FRA-15874,6.04,FOREST,SUR-51648
LR-15875,FRA-15875,3.73,UNCLASSIFIED,SUR-86205
LR-15876,FRA-15876,1.04,COMMUNITY,SUR-89901
LR-15877,FRA-15877,5.13,UNCLASSIFIED,SUR-17608
LR-15878,FRA-15878,1.52,FOREST,SUR-18742
LR-15879,FRA-15879,7.35,UNCLASSIFIED,SUR-18974
LR-15880,FRA-15880,3.85,REVENUE,SUR-61834
LR-15881,FRA-15881,1.64,REVENUE,SUR-22273
LR-15882,FRA-15882,2.13,COMMUNITY,SUR-84092
LR-15883,FRA-15883,3.79,REVENUE,SUR-47414
LR-15884,FRA-15884,2.02,FOREST,SUR-33892
LR-15885,FRA-15885,2.79,UNCLASSIFIED,SUR-88910
LR-15886,FRA-15886,4.27,REVENUE,SUR-24503
LR-15887,FRA-15887,3.18,UNCLASSIFIED,SUR-84004
LR-15888,FRA-15888,7.82,REVENUE,SUR-80909
LR-15889,FRA-15889,4.31,UNCLASSIFIED,SUR-23614
LR-15890,FRA-15890,1.6,FOREST,SUR-30983
LR-15891,FRA-15891,5.65,FOREST,SUR-94553
LR-15892,FRA-15892,1.69,REVENUE,SUR-28435
LR-15893,FRA-15893,0.92,COMMUNITY,SUR-13892
LR-15894,FRA-15894,2.05,REVENUE,SUR-38037
LR-15895,FRA-15895,2.04,REVENUE,SUR-57373
LR-15896,FRA-15896,2.66,COMMUNITY,SUR-63727
LR-15897,FRA-15897,7.84,UNCLASSIFIED,SUR-34773
LR-15898,FRA-15898,7.37,REVENUE,SUR-60762
LR-15899,FRA-15899,3.35,FOREST,SUR-69361
LR-15900,FRA-15900,2.89,COMMUNITY,SUR-92866
LR-15901,FRA-15901,0.81,REVENUE,SUR-46719
LR-15902,FRA-15902,1.05,FOREST,SUR-82305
LR-15903,FRA-15903,0.84,UNCLASSIFIED,SUR-22306
LR-15904,FRA-15904,5.12,FOREST,SUR-62750
LR-15905,FRA-15905,3.78,REVENUE,SUR-28198
LR-15906,FRA-15906,3.95,UNCLASSIFIED,SUR-84559
LR-15907,FRA-15907,0.72,UNCLASSIFIED,SUR-42087
LR-15908,FRA-15908,4.42,COMMUNITY,SUR-94490
LR-15909,FRA-15909,7.74,REVENUE,SUR-36060
LR-15910,FRA-15910,6.45,FOREST,SUR-60264
LR-15911,FRA-15911,6.64,REVENUE,SUR-29173
LR-15912,FRA-15912,7.29,REVENUE,SUR-78928
LR-15913,FRA-15913,3.53,FOREST,SUR-12818
LR-15914,FRA-15914,7.55,FOREST,SUR-97527
LR-15915,FRA-15915,7.15,UNCLASSIFIED,SUR-56606
LR-15916,FRA-15916,0.82,FOREST,SUR-96631
LR-15917,FRA-15917,6.47,UNCLASSIFIED,SUR-70514
LR-15918,FRA-15918,3.25,REVENUE,SUR-67562
LR-15919,FRA-15919,3.99,REVENUE,SUR-78588
LR-15920,FRA-15920,5.73,UNCLASSIFIED,SUR-76996
LR-15921,FRA-15921,7.19,FOREST,SUR-91926
LR-15922,FRA-15922,3.44,COMMUNITY,SUR-53551
LR-15923,FRA-15923,4.59,COMMUNITY,SUR-39991
LR-15924,FRA-15924,7.39,UNCLASSIFIED,SUR-58307
LR-15925,FRA-15925,0.81,FOREST,SUR-77289
LR-15926,FRA-15926,5.69,REVENUE,SUR-49350
LR-15927,FRA-15927,1.34,COMMUNITY,SUR-71669
LR-15928,FRA-15928,2.54,FOREST,SUR-35381
LR-15929,FRA-15929,2.19,COMMUNITY,SUR-81479
LR-15930,FRA-15930,0.73,COMMUNITY,SUR-19364
LR-15931,FRA-15931,6.48,REVENUE,SUR-60799
LR-15932,FRA-15932,1.76,COMMUNITY,SUR-94385
LR-15933,FRA-15933,2.54,FOREST,SUR-14768
LR-15934,FRA-15934,3.18,UNCLASSIFIED,SUR-10611
LR-15935,FRA-15935,2.44,COMMUNITY,SUR-55767
LR-15936,FRA-15936,0.73,REVENUE,SUR-26485
LR-15937,FRA-15937,1.44,COMMUNITY,SUR-84429
LR-15938,FRA-15938,6.46,UNCLASSIFIED,SUR-72968
LR-15939,FRA-15939,1.39,COMMUNITY,SUR-72894
LR-15940,FRA-15940,2.28,UNCLASSIFIED,SUR-80101
LR-15941,FRA-15941,3.25,FOREST,SUR-11577
LR-15942,FRA-15942,2.09,FOREST,SUR-39968
LR-15943,FRA-15943,0.74,COMMUNITY,SUR-85141
LR-15944,FRA-15944,2.36,UNCLASSIFIED,SUR-56858
LR-15945,FRA-15945,2.51,REVENUE,SUR-95796
LR-15946,FRA-15946,2.86,REVENUE,SUR-11518
LR-15947,FRA-15947,5.16,COMMUNITY,SUR-41962
LR-15948,FRA-15948,3.37,COMMUNITY,SUR-43823
LR-15949,FRA-15949,2.76,COMMUNITY,SUR-13956
LR-15950,FRA-15950,7.07,UNCLASSIFIED,SUR-79312
LR-15951,FRA-15951,3.81,COMMUNITY,SUR-25979
LR-15952,FRA-15952,6.28,COMMUNITY,SUR-76102
LR-15953,FRA-15953,4.49,FOREST,SUR-23863
LR-15954,FRA-15954,4.08,UNCLASSIFIED,SUR-49524
LR-15955,FRA-15955,1.04,FOREST,SUR-13168
LR-15956,FRA-15956,1.5,UNCLASSIFIED,SUR-39079
LR-15957,FRA-15957,7.11,FOREST,SUR-29333
LR-15958,FRA-15958,3.13,UNCLASSIFIED,SUR-31954
LR-15959,FRA-15959,4.25,REVENUE,SUR-62792
LR-15960,FRA-15960,5.78,FOREST,SUR-69231
LR-15961,FRA-15961,1.91,COMMUNITY,SUR-38428
LR-15962,FRA-15962,5.94,REVENUE,SUR-47962
LR-15963,FRA-15963,0.91,COMMUNITY,SUR-55597
LR-15964,FRA-15964,0.55,REVENUE,SUR-65821
LR-15965,FRA-15965,4.34,UNCLASSIFIED,SUR-14194
LR-15966,FRA-15966,4.95,UNCLASSIFIED,SUR-46716
LR-15967,FRA-15967,3.99,UNCLASSIFIED,SUR-66268
LR-15968,FRA-15968,5.6,COMMUNITY,SUR-98441
LR-15969,FRA-15969,1.8,UNCLASSIFIED,SUR-98813
LR-15970,FRA-15970,1.17,COMMUNITY,SUR-61827
LR-15971,FRA-15971,3.05,COMMUNITY,SUR-75704
LR-15972,FRA-15972,5.57,UNCLASSIFIED,SUR-58988
LR-15973,FRA-15973,2.24,FOREST,SUR-95750
LR-15974,FRA-15974,6.12,COMMUNITY,SUR-69778
LR-15975,FRA-15975,1.54,UNCLASSIFIED,SUR-61721
LR-15976,FRA-15976,3.49,UNCLASSIFIED,SUR-94469
LR-15977,FRA-15977,4.76,FOREST,SUR-96221
LR-15978,FRA-15978,1.62,FOREST,SUR-13822
LR-15979,FRA-15979,2.22,FOREST,SUR-79301
LR-15980,FRA-15980,3.95,UNCLASSIFIED,SUR-64454
LR-15981,FRA-15981,7.13,REVENUE,SUR-89001
LR-15982,FRA-15982,0.65,COMMUNITY,SUR-66522
LR-15983,FRA-15983,1.74,REVENUE,SUR-11051
LR-15984,FRA-15984,4.14,FOREST,SUR-63835
LR-15985,FRA-15985,7.29,FOREST,SUR-66202
LR-15986,FRA-15986,2.76,REVENUE,SUR-80005
LR-15987,FRA-15987,1.64,REVENUE,SUR-75037
LR-15988,FRA-15988,0.76,COMMUNITY,SUR-63126
LR-15989,FRA-15989,8.0,COMMUNITY,SUR-35734
LR-15990,FRA-15990,2.79,REVENUE,SUR-54158
LR-15991,FRA-15991,2.46,FOREST,SUR-47136
LR-15992,FRA-15992,5.35,FOREST,SUR-43467
LR-15993,FRA-15993,4.51,REVENUE,SUR-73226
LR-15994,FRA-15994,1.91,COMMUNITY,SUR-12362
LR-15995,FRA-15995,3.12,COMMUNITY,SUR-14047
LR-15996,FRA-15996,6.74,COMMUNITY,SUR-30078
LR-15997,FRA-15997,6.74,COMMUNITY,SUR-74156
LR-15998,FRA-15998,1.38,UNCLASSIFIED,SUR-95910
LR-15999,FRA-15999,2.59,REVENUE,SUR-37203
LR-16000,FRA-16000,4.83,UNCLASSIFIED,SUR-50448
LR-16001,FRA-16001,7.35,COMMUNITY,SUR-94399
LR-16002,FRA-16002,7.14,FOREST,SUR-52813
LR-16003,FRA-16003,7.84,UNCLASSIFIED,SUR-34223
LR-16004,FRA-16004,8.01,FOREST,SUR-63270
LR-16005,FRA-16005,4.72,UNCLASSIFIED,SUR-71921
LR-16006,FRA-16006,2.31,FOREST,SUR-36752
LR-16007,FRA-16007,5.9,FOREST,SUR-36653
LR-16008,FRA-16008,4.91,UNCLASSIFIED,SUR-37971
LR-16009,FRA-16009,7.17,FOREST,SUR-22469
LR-16010,FRA-16010,8.06,REVENUE,SUR-56208
LR-16011,FRA-16011,4.82,REVENUE,SUR-71302
LR-16012,FRA-16012,5.61,COMMUNITY,SUR-96806
LR-16013,FRA-16013,4.35,COMMUNITY,SUR-18361
LR-16014,FRA-16014,8.03,FOREST,SUR-19187
LR-16015,FRA-16015,2.39,COMMUNITY,SUR-37413
LR-16016,FRA-16016,4.52,FOREST,SUR-38486
LR-16017,FRA-16017,7.3,FOREST,SUR-91836
LR-16018,FRA-16018,5.43,UNCLASSIFIED,SUR-40530
LR-16019,FRA-16019,5.28,REVENUE,SUR-42475
LR-16020,FRA-16020,1.95,UNCLASSIFIED,SUR-94592
LR-16021,FRA-16021,4.09,UNCLASSIFIED,SUR-60409
LR-16022,FRA-16022,1.1,REVENUE,SUR-44597
LR-16023,FRA-16023,6.71,UNCLASSIFIED,SUR-97803
LR-16024,FRA-16024,2.92,UNCLASSIFIED,SUR-46237
LR-16025,FRA-16025,2.97,FOREST,SUR-17807
LR-16026,FRA-16026,1.63,REVENUE,SUR-40906
LR-16027,FRA-16027,0.47,REVENUE,SUR-29499
LR-16028,FRA-16028,1.74,FOREST,SUR-11595
LR-16029,FRA-16029,1.41,COMMUNITY,SUR-79204
LR-16030,FRA-16030,5.66,FOREST,SUR-32923
LR-16031,FRA-16031,6.04,REVENUE,SUR-66705
LR-16032,FRA-16032,7.23,COMMUNITY,SUR-51460
LR-16033,FRA-16033,4.63,COMMUNITY,SUR-64580
LR-16034,FRA-16034,5.4,REVENUE,SUR-68882
LR-16035,FRA-16035,3.65,REVENUE,SUR-40582
LR-16036,FRA-16036,3.04,FOREST,SUR-88291
LR-16037,FRA-16037,2.53,FOREST,SUR-56416
LR-16038,FRA-16038,7.58,UNCLASSIFIED,SUR-60300
LR-16039,FRA-16039,7.29,UNCLASSIFIED,SUR-83277
LR-16040,FRA-16040,6.91,REVENUE,SUR-92949
LR-16041,FRA-16041,0.51,FOREST,SUR-16625
LR-16042,FRA-16042,6.93,COMMUNITY,SUR-25013
LR-16043,FRA-16043,1.04,COMMUNITY,SUR-28284
LR-16044,FRA-16044,2.11,COMMUNITY,SUR-30830
LR-16045,FRA-16045,4.27,COMMUNITY,SUR-43355
LR-16046,FRA-16046,7.12,COMMUNITY,SUR-30157
LR-16047,FRA-16047,2.74,FOREST,SUR-89101
LR-16048,FRA-16048,5.31,REVENUE,SUR-55660
LR-16049,FRA-16049,1.69,FOREST,SUR-40779
LR-16050,FRA-16050,3.22,FOREST,SUR-52705
LR-16051,FRA-16051,1.23,UNCLASSIFIED,SUR-82106
LR-16052,FRA-16052,4.47,COMMUNITY,SUR-40663
LR-16053,FRA-16053,5.22,COMMUNITY,SUR-44910
LR-16054,FRA-16054,5.16,UNCLASSIFIED,SUR-28220
LR-16055,FRA-16055,7.58,UNCLASSIFIED,SUR-74601
LR-16056,FRA-16056,5.2,REVENUE,SUR-91102
LR-16057,FRA-16057,3.12,COMMUNITY,SUR-84779
LR-16058,FRA-16058,2.86,COMMUNITY,SUR-38219
LR-16059,FRA-16059,2.7,REVENUE,SUR-18337
LR-16060,FRA-16060,7.58,REVENUE,SUR-66029
LR-16061,FRA-16061,3.53,COMMUNITY,SUR-62567
LR-16062,FRA-16062,0.6,UNCLASSIFIED,SUR-25431
LR-16063,FRA-16063,1.22,UNCLASSIFIED,SUR-99998
LR-16064,FRA-16064,4.73,FOREST,SUR-21582
LR-16065,FRA-16065,0.77,UNCLASSIFIED,SUR-37497
LR-16066,FRA-16066,0.94,FOREST,SUR-61681
LR-16067,FRA-16067,1.21,FOREST,SUR-23334
LR-16068,FRA-16068,2.42,REVENUE,SUR-10838
LR-16069,FRA-16069,7.65,UNCLASSIFIED,SUR-77222
LR-16070,FRA-16070,1.15,COMMUNITY,SUR-44775
LR-16071,FRA-16071,4.51,FOREST,SUR-75492
LR-16072,FRA-16072,0.49,FOREST,SUR-30905
LR-16073,FRA-16073,1.54,FOREST,SUR-14343
LR-16074,FRA-16074,5.64,FOREST,SUR-28628
LR-16075,FRA-16075,2.54,COMMUNITY,SUR-53301
LR-16076,FRA-16076,4.4,FOREST,SUR-38170
LR-16077,FRA-16077,4.37,UNCLASSIFIED,SUR-51930
LR-16078,FRA-16078,6.68,COMMUNITY,SUR-40846
LR-16079,FRA-16079,4.18,COMMUNITY,SUR-47370
LR-16080,FRA-16080,4.87,UNCLASSIFIED,SUR-94119
LR-16081,FRA-16081,1.45,REVENUE,SUR-71324
LR-16082,FRA-16082,3.18,FOREST,SUR-11963
LR-16083,FRA-16083,6.94,REVENUE,SUR-16192
LR-16084,FRA-16084,7.71,FOREST,SUR-94140
LR-16085,FRA-16085,7.51,FOREST,SUR-58531
LR-16086,FRA-16086,4.26,REVENUE,SUR-38669
LR-16087,FRA-16087,0.59,COMMUNITY,SUR-74929
LR-16088,FRA-16088,5.75,FOREST,SUR-48572
LR-16089,FRA-16089,3.53,FOREST,SUR-73056
LR-16090,FRA-16090,0.86,UNCLASSIFIED,SUR-49363
LR-16091,FRA-16091,2.67,FOREST,SUR-71270
LR-16092,FRA-16092,6.44,FOREST,SUR-78260
LR-16093,FRA-16093,2.66,UNCLASSIFIED,SUR-61000
LR-16094,FRA-16094,4.75,FOREST,SUR-78036
LR-16095,FRA-16095,3.88,UNCLASSIFIED,SUR-73805
LR-16096,FRA-16096,5.7,COMMUNITY,SUR-74229
LR-16097,FRA-16097,7.2,UNCLASSIFIED,SUR-19382
LR-16098,FRA-16098,0.86,FOREST,SUR-43885
LR-16099,FRA-16099,7.0,REVENUE,SUR-59007
LR-16100,FRA-16100,0.93,REVENUE,SUR-24269
LR-16101,FRA-16101,3.27,COMMUNITY,SUR-13204
LR-16102,FRA-16102,1.52,REVENUE,SUR-37815
LR-16103,FRA-16103,6.6,COMMUNITY,SUR-58619
LR-16104,FRA-16104,1.97,UNCLASSIFIED,SUR-28527
LR-16105,FRA-16105,1.32,REVENUE,SUR-95011
LR-16106,FRA-16106,4.97,FOREST,SUR-25778
LR-16107,FRA-16107,3.8,UNCLASSIFIED,SUR-68961
LR-16108,FRA-16108,0.81,FOREST,SUR-39256
LR-16109,FRA-16109,2.46,UNCLASSIFIED,SUR-61556
LR-16110,FRA-16110,5.28,UNCLASSIFIED,SUR-42073
LR-16111,FRA-16111,2.8,COMMUNITY,SUR-26118
LR-16112,FRA-16112,0.93,UNCLASSIFIED,SUR-43897
LR-16113,FRA-16113,2.52,UNCLASSIFIED,SUR-92542
LR-16114,FRA-16114,7.68,FOREST,SUR-66202
LR-16115,FRA-16115,1.43,FOREST,SUR-99805
LR-16116,FRA-16116,4.6,REVENUE,SUR-76303
LR-16117,FRA-16117,6.75,REVENUE,SUR-18769
LR-16118,FRA-16118,3.49,UNCLASSIFIED,SUR-98974
LR-16119,FRA-16119,5.22,FOREST,SUR-63672
LR-16120,FRA-16120,5.67,UNCLASSIFIED,SUR-22915
LR-16121,FRA-16121,5.83,REVENUE,SUR-35802
LR-16122,FRA-16122,6.88,UNCLASSIFIED,SUR-68561
LR-16123,FRA-16123,1.82,COMMUNITY,SUR-91632
LR-16124,FRA-16124,3.28,FOREST,SUR-62783
LR-16125,FRA-16125,3.85,REVENUE,SUR-39436
LR-16126,FRA-16126,0.73,COMMUNITY,SUR-98931
LR-16127,FRA-16127,6.59,REVENUE,SUR-20328
LR-16128,FRA-16128,7.33,UNCLASSIFIED,SUR-39308
LR-16129,FRA-16129,1.23,REVENUE,SUR-53315
LR-16130,FRA-16130,1.12,FOREST,SUR-31269
LR-16131,FRA-16131,1.49,FOREST,SUR-76785
LR-16132,FRA-16132,1.76,COMMUNITY,SUR-10258
LR-16133,FRA-16133,6.63,FOREST,SUR-78860
LR-16134,FRA-16134,6.6,REVENUE,SUR-15677
LR-16135,FRA-16135,1.67,FOREST,SUR-92301
LR-16136,FRA-16136,0.52,UNCLASSIFIED,SUR-14476
LR-16137,FRA-16137,1.46,UNCLASSIFIED,SUR-30024
LR-16138,FRA-16138,4.8,FOREST,SUR-26837
LR-16139,FRA-16139,5.51,COMMUNITY,SUR-33807
LR-16140,FRA-16140,4.55,FOREST,SUR-54972
LR-16141,FRA-16141,0.64,UNCLASSIFIED,SUR-97683
LR-16142,FRA-16142,2.58,FOREST,SUR-89055
LR-16143,FRA-16143,5.29,COMMUNITY,SUR-57845
LR-16144,FRA-16144,1.21,REVENUE,SUR-32617
LR-16145,FRA-16145,3.39,COMMUNITY,SUR-69546
LR-16146,FRA-16146,6.93,UNCLASSIFIED,SUR-30781
LR-16147,FRA-16147,0.67,COMMUNITY,SUR-15428
LR-16148,FRA-16148,2.36,FOREST,SUR-96904
LR-16149,FRA-16149,3.2,UNCLASSIFIED,SUR-65846
LR-16150,FRA-16150,4.47,FOREST,SUR-33969
LR-16151,FRA-16151,7.06,COMMUNITY,SUR-43362
LR-16152,FRA-16152,0.91,FOREST,SUR-57180
LR-16153,FRA-16153,3.02,COMMUNITY,SUR-46308
LR-16154,FRA-16154,4.41,COMMUNITY,SUR-43651
LR-16155,FRA-16155,5.34,FOREST,SUR-53561
LR-16156,FRA-16156,7.06,REVENUE,SUR-23448
LR-16157,FRA-16157,2.66,COMMUNITY,SUR-76014
LR-16158,FRA-16158,4.43,REVENUE,SUR-73258
LR-16159,FRA-16159,1.15,COMMUNITY,SUR-87167
LR-16160,FRA-16160,1.28,FOREST,SUR-81223
LR-16161,FRA-16161,4.12,REVENUE,SUR-52507
LR-16162,FRA-16162,1.25,UNCLASSIFIED,SUR-80040
LR-16163,FRA-16163,4.5,FOREST,SUR-75593
LR-16164,FRA-16164,5.67,COMMUNITY,SUR-26094
LR-16165,FRA-16165,6.83,REVENUE,SUR-49843
LR-16166,FRA-16166,7.72,UNCLASSIFIED,SUR-90665
LR-16167,FRA-16167,1.85,FOREST,SUR-41949
LR-16168,FRA-16168,0.84,FOREST,SUR-41245
LR-16169,FRA-16169,0.95,REVENUE,SUR-42834
LR-16170,FRA-16170,2.06,REVENUE,SUR-35787
LR-16171,FRA-16171,3.63,UNCLASSIFIED,SUR-31014
LR-16172,FRA-16172,3.41,UNCLASSIFIED,SUR-40431
LR-16173,FRA-16173,3.35,COMMUNITY,SUR-73559
LR-16174,FRA-16174,6.54,FOREST,SUR-99928
LR-16175,FRA-16175,6.38,FOREST,SUR-66902
LR-16176,FRA-16176,1.67,REVENUE,SUR-40588
LR-16177,FRA-16177,4.87,FOREST,SUR-60322
LR-16178,FRA-16178,6.93,COMMUNITY,SUR-76969
LR-16179,FRA-16179,0.79,COMMUNITY,SUR-29068
LR-16180,FRA-16180,4.1,COMMUNITY,SUR-77456
LR-16181,FRA-16181,5.06,UNCLASSIFIED,SUR-22965
LR-16182,FRA-16182,7.36,UNCLASSIFIED,SUR-51123
LR-16183,FRA-16183,3.8,COMMUNITY,SUR-87733
LR-16184,FRA-16184,1.75,COMMUNITY,SUR-42949
LR-16185,FRA-16185,1.9,COMMUNITY,SUR-23983
LR-16186,FRA-16186,2.14,FOREST,SUR-32370
LR-16187,FRA-16187,6.22,COMMUNITY,SUR-18844
LR-16188,FRA-16188,1.53,REVENUE,SUR-74112
LR-16189,FRA-16189,6.97,UNCLASSIFIED,SUR-62042
LR-16190,FRA-16190,5.29,FOREST,SUR-96346
LR-16191,FRA-16191,1.62,FOREST,SUR-69352
LR-16192,FRA-16192,2.17,COMMUNITY,SUR-49625
LR-16193,FRA-16193,2.44,REVENUE,SUR-89580
LR-16194,FRA-16194,4.58,UNCLASSIFIED,SUR-42439
LR-16195,FRA-16195,5.94,FOREST,SUR-26946
LR-16196,FRA-16196,7.82,REVENUE,SUR-15793
LR-16197,FRA-16197,6.86,REVENUE,SUR-21530
LR-16198,FRA-16198,5.07,COMMUNITY,SUR-94569
LR-16199,FRA-16199,5.17,UNCLASSIFIED,SUR-93944
LR-16200,FRA-16200,0.9,UNCLASSIFIED,SUR-64765
LR-16201,FRA-16201,1.58,COMMUNITY,SUR-12279
LR-16202,FRA-16202,6.19,REVENUE,SUR-53152
LR-16203,FRA-16203,7.68,REVENUE,SUR-59193
LR-16204,FRA-16204,2.5,UNCLASSIFIED,SUR-32366
LR-16205,FRA-16205,1.93,FOREST,SUR-11579
LR-16206,FRA-16206,7.65,REVENUE,SUR-75570
LR-16207,FRA-16207,2.39,COMMUNITY,SUR-47595
LR-16208,FRA-16208,4.28,COMMUNITY,SUR-83253
LR-16209,FRA-16209,4.47,COMMUNITY,SUR-23940
LR-16210,FRA-16210,0.83,REVENUE,SUR-24167
LR-16211,FRA-16211,5.96,UNCLASSIFIED,SUR-98016
LR-16212,FRA-16212,0.68,FOREST,SUR-86246
LR-16213,FRA-16213,5.95,COMMUNITY,SUR-91889
LR-16214,FRA-16214,3.78,COMMUNITY,SUR-71771
LR-16215,FRA-16215,3.73,COMMUNITY,SUR-18813
LR-16216,FRA-16216,3.62,FOREST,SUR-50640
LR-16217,FRA-16217,6.38,UNCLASSIFIED,SUR-85608
LR-16218,FRA-16218,6.7,REVENUE,SUR-50658
LR-16219,FRA-16219,3.64,UNCLASSIFIED,SUR-34339
LR-16220,FRA-16220,4.68,REVENUE,SUR-14524
LR-16221,FRA-16221,6.93,UNCLASSIFIED,SUR-33993
LR-16222,FRA-16222,6.24,COMMUNITY,SUR-71625
LR-16223,FRA-16223,1.97,FOREST,SUR-91481
LR-16224,FRA-16224,6.18,REVENUE,SUR-57298
LR-16225,FRA-16225,3.33,UNCLASSIFIED,SUR-13097
LR-16226,FRA-16226,5.95,COMMUNITY,SUR-42675
LR-16227,FRA-16227,3.12,REVENUE,SUR-39859
LR-16228,FRA-16228,4.28,REVENUE,SUR-14231
LR-16229,FRA-16229,0.8,UNCLASSIFIED,SUR-15769
LR-16230,FRA-16230,0.77,COMMUNITY,SUR-54043
LR-16231,FRA-16231,0.81,UNCLASSIFIED,SUR-86091
LR-16232,FRA-16232,2.98,FOREST,SUR-16507
LR-16233,FRA-16233,6.71,REVENUE,SUR-46343
LR-16234,FRA-16234,2.67,FOREST,SUR-20916
LR-16235,FRA-16235,3.43,FOREST,SUR-77228
LR-16236,FRA-16236,4.68,COMMUNITY,SUR-21305
LR-16237,FRA-16237,3.13,REVENUE,SUR-49259
LR-16238,FRA-16238,1.84,UNCLASSIFIED,SUR-33354
LR-16239,FRA-16239,4.03,COMMUNITY,SUR-22243
LR-16240,FRA-16240,6.3,UNCLASSIFIED,SUR-89895
LR-16241,FRA-16241,6.68,UNCLASSIFIED,SUR-35391
LR-16242,FRA-16242,7.6,FOREST,SUR-29610
LR-16243,FRA-16243,4.92,REVENUE,SUR-20120
LR-16244,FRA-16244,0.58,FOREST,SUR-42239
LR-16245,FRA-16245,4.97,FOREST,SUR-71258
LR-16246,FRA-16246,5.26,COMMUNITY,SUR-86519
LR-16247,FRA-16247,1.97,COMMUNITY,SUR-21807
LR-16248,FRA-16248,2.59,UNCLASSIFIED,SUR-55129
LR-16249,FRA-16249,3.34,COMMUNITY,SUR-87899
LR-16250,FRA-16250,4.38,UNCLASSIFIED,SUR-34107
LR-16251,FRA-16251,1.68,COMMUNITY,SUR-58228
LR-16252,FRA-16252,7.41,UNCLASSIFIED,SUR-84139
LR-16253,FRA-16253,1.95,UNCLASSIFIED,SUR-32634
LR-16254,FRA-16254,1.69,FOREST,SUR-92049
LR-16255,FRA-16255,2.76,REVENUE,SUR-90962
LR-16256,FRA-16256,2.01,COMMUNITY,SUR-34387
LR-16257,FRA-16257,1.28,FOREST,SUR-81358
LR-16258,FRA-16258,1.53,UNCLASSIFIED,SUR-11083
LR-16259,FRA-16259,4.57,FOREST,SUR-40350
LR-16260,FRA-16260,2.46,FOREST,SUR-69048
LR-16261,FRA-16261,2.5,FOREST,SUR-16279
LR-16262,FRA-16262,5.96,UNCLASSIFIED,SUR-10272
LR-16263,FRA-16263,1.69,REVENUE,SUR-97484
LR-16264,FRA-16264,4.65,COMMUNITY,SUR-38734
LR-16265,FRA-16265,0.68,COMMUNITY,SUR-42154
LR-16266,FRA-16266,7.19,COMMUNITY,SUR-58828
LR-16267,FRA-16267,3.46,COMMUNITY,SUR-91296
LR-16268,FRA-16268,5.3,REVENUE,SUR-95028
LR-16269,FRA-16269,3.98,FOREST,SUR-18654
LR-16270,FRA-16270,4.6,UNCLASSIFIED,SUR-24652
LR-16271,FRA-16271,7.1,FOREST,SUR-23491
LR-16272,FRA-16272,3.85,REVENUE,SUR-45951
LR-16273,FRA-16273,4.13,COMMUNITY,SUR-20690
LR-16274,FRA-16274,5.53,REVENUE,SUR-26085
LR-16275,FRA-16275,1.75,COMMUNITY,SUR-58334
LR-16276,FRA-16276,6.78,UNCLASSIFIED,SUR-87118
LR-16277,FRA-16277,2.64,UNCLASSIFIED,SUR-96431
LR-16278,FRA-16278,2.74,REVENUE,SUR-97872
LR-16279,FRA-16279,3.85,FOREST,SUR-63505
LR-16280,FRA-16280,5.58,COMMUNITY,SUR-97139
LR-16281,FRA-16281,4.94,COMMUNITY,SUR-59315
LR-16282,FRA-16282,7.58,REVENUE,SUR-40269
LR-16283,FRA-16283,4.48,REVENUE,SUR-46351
LR-16284,FRA-16284,4.86,REVENUE,SUR-31508
LR-16285,FRA-16285,5.17,COMMUNITY,SUR-91231
LR-16286,FRA-16286,4.44,COMMUNITY,SUR-57886
LR-16287,FRA-16287,1.07,COMMUNITY,SUR-17087
LR-16288,FRA-16288,2.29,REVENUE,SUR-68366
LR-16289,FRA-16289,3.64,REVENUE,SUR-47817
LR-16290,FRA-16290,2.46,UNCLASSIFIED,SUR-99962
LR-16291,FRA-16291,0.49,COMMUNITY,SUR-99339
LR-16292,FRA-16292,6.88,COMMUNITY,SUR-31094
LR-16293,FRA-16293,4.7,UNCLASSIFIED,SUR-66666
LR-16294,FRA-16294,5.57,FOREST,SUR-87302
LR-16295,FRA-16295,7.11,COMMUNITY,SUR-90389
LR-16296,FRA-16296,3.68,UNCLASSIFIED,SUR-54767
LR-16297,FRA-16297,4.2,UNCLASSIFIED,SUR-87614
LR-16298,FRA-16298,4.01,COMMUNITY,SUR-89339
LR-16299,FRA-16299,7.52,FOREST,SUR-52701
LR-16300,FRA-16300,4.76,COMMUNITY,SUR-24765
LR-16301,FRA-16301,3.97,COMMUNITY,SUR-68932
LR-16302,FRA-16302,5.48,FOREST,SUR-95132
LR-16303,FRA-16303,2.54,COMMUNITY,SUR-46668
LR-16304,FRA-16304,5.08,UNCLASSIFIED,SUR-73630
LR-16305,FRA-16305,6.13,UNCLASSIFIED,SUR-79678
LR-16306,FRA-16306,1.85,REVENUE,SUR-82721
LR-16307,FRA-16307,6.41,UNCLASSIFIED,SUR-14414
LR-16308,FRA-16308,6.01,UNCLASSIFIED,SUR-86963
LR-16309,FRA-16309,0.89,REVENUE,SUR-61054
LR-16310,FRA-16310,2.65,REVENUE,SUR-37784
LR-16311,FRA-16311,6.11,REVENUE,SUR-30636
LR-16312,FRA-16312,6.4,COMMUNITY,SUR-81225
LR-16313,FRA-16313,6.56,FOREST,SUR-34055
LR-16314,FRA-16314,0.7,COMMUNITY,SUR-35099
LR-16315,FRA-16315,3.6,UNCLASSIFIED,SUR-22753
LR-16316,FRA-16316,4.83,FOREST,SUR-30271
LR-16317,FRA-16317,1.41,FOREST,SUR-75296
LR-16318,FRA-16318,1.63,UNCLASSIFIED,SUR-19210
LR-16319,FRA-16319,0.71,FOREST,SUR-78409
LR-16320,FRA-16320,2.33,COMMUNITY,SUR-24765
LR-16321,FRA-16321,6.06,COMMUNITY,SUR-93990
LR-16322,FRA-16322,4.42,UNCLASSIFIED,SUR-26441
LR-16323,FRA-16323,7.41,UNCLASSIFIED,SUR-31699
LR-16324,FRA-16324,6.65,REVENUE,SUR-88117
LR-16325,FRA-16325,6.37,COMMUNITY,SUR-57883
LR-16326,FRA-16326,6.44,UNCLASSIFIED,SUR-10802
LR-16327,FRA-16327,3.46,FOREST,SUR-99028
LR-16328,FRA-16328,4.93,FOREST,SUR-75465
LR-16329,FRA-16329,2.11,FOREST,SUR-28099
LR-16330,FRA-16330,6.85,REVENUE,SUR-53402
LR-16331,FRA-16331,0.78,FOREST,SUR-38446
LR-16332,FRA-16332,2.7,COMMUNITY,SUR-46423
LR-16333,FRA-16333,4.17,REVENUE,SUR-98395
LR-16334,FRA-16334,1.71,FOREST,SUR-16474
LR-16335,FRA-16335,2.9,FOREST,SUR-18276
LR-16336,FRA-16336,2.0,COMMUNITY,SUR-74512
LR-16337,FRA-16337,2.94,REVENUE,SUR-72529
LR-16338,FRA-16338,5.37,FOREST,SUR-99704
LR-16339,FRA-16339,1.22,REVENUE,SUR-76231
LR-16340,FRA-16340,6.37,COMMUNITY,SUR-81049
LR-16341,FRA-16341,3.49,UNCLASSIFIED,SUR-30295
LR-16342,FRA-16342,2.65,FOREST,SUR-80007
LR-16343,FRA-16343,1.92,REVENUE,SUR-24403
LR-16344,FRA-16344,7.44,COMMUNITY,SUR-34215
LR-16345,FRA-16345,1.72,REVENUE,SUR-59264
LR-16346,FRA-16346,5.47,UNCLASSIFIED,SUR-35313
LR-16347,FRA-16347,7.63,FOREST,SUR-73389
LR-16348,FRA-16348,1.84,FOREST,SUR-33160
LR-16349,FRA-16349,4.95,UNCLASSIFIED,SUR-24378
LR-16350,FRA-16350,3.9,UNCLASSIFIED,SUR-19282
LR-16351,FRA-16351,3.39,REVENUE,SUR-75256
LR-16352,FRA-16352,5.5,COMMUNITY,SUR-20155
LR-16353,FRA-16353,7.77,REVENUE,SUR-35801
LR-16354,FRA-16354,2.69,REVENUE,SUR-22630
LR-16355,FRA-16355,4.5,REVENUE,SUR-77429
LR-16356,FRA-16356,4.05,COMMUNITY,SUR-70763
LR-16357,FRA-16357,5.75,COMMUNITY,SUR-86938
LR-16358,FRA-16358,1.36,FOREST,SUR-64555
LR-16359,FRA-16359,1.52,FOREST,SUR-75500
LR-16360,FRA-16360,2.97,FOREST,SUR-74106
LR-16361,FRA-16361,1.82,FOREST,SUR-80128
LR-16362,FRA-16362,2.66,UNCLASSIFIED,SUR-56484
LR-16363,FRA-16363,0.89,COMMUNITY,SUR-11891
LR-16364,FRA-16364,7.8,COMMUNITY,SUR-69527
LR-16365,FRA-16365,7.97,REVENUE,SUR-82074
LR-16366,FRA-16366,1.48,COMMUNITY,SUR-64906
LR-16367,FRA-16367,6.01,REVENUE,SUR-96904
LR-16368,FRA-16368,5.35,REVENUE,SUR-21679
LR-16369,FRA-16369,0.89,REVENUE,SUR-20143
LR-16370,FRA-16370,3.05,REVENUE,SUR-58075
LR-16371,FRA-16371,6.83,FOREST,SUR-58374
LR-16372,FRA-16372,0.81,FOREST,SUR-24112
LR-16373,FRA-16373,6.5,UNCLASSIFIED,SUR-26175
LR-16374,FRA-16374,4.56,FOREST,SUR-83954
LR-16375,FRA-16375,5.16,REVENUE,SUR-50087
LR-16376,FRA-16376,0.7,FOREST,SUR-68253
LR-16377,FRA-16377,1.79,REVENUE,SUR-32021
LR-16378,FRA-16378,5.35,REVENUE,SUR-17134
LR-16379,FRA-16379,6.61,REVENUE,SUR-67630
LR-16380,FRA-16380,1.81,REVENUE,SUR-38806
LR-16381,FRA-16381,1.86,UNCLASSIFIED,SUR-25823
LR-16382,FRA-16382,3.04,REVENUE,SUR-29306
LR-16383,FRA-16383,0.9,UNCLASSIFIED,SUR-17324
LR-16384,FRA-16384,3.22,COMMUNITY,SUR-50153
LR-16385,FRA-16385,5.88,COMMUNITY,SUR-37031
LR-16386,FRA-16386,1.49,UNCLASSIFIED,SUR-32523
LR-16387,FRA-16387,3.8,COMMUNITY,SUR-73737
LR-16388,FRA-16388,2.44,REVENUE,SUR-77288
LR-16389,FRA-16389,3.12,UNCLASSIFIED,SUR-94146
LR-16390,FRA-16390,4.37,REVENUE,SUR-38155
LR-16391,FRA-16391,4.8,FOREST,SUR-27906
LR-16392,FRA-16392,4.02,REVENUE,SUR-85556
LR-16393,FRA-16393,4.84,REVENUE,SUR-46399
LR-16394,FRA-16394,4.38,UNCLASSIFIED,SUR-19368
LR-16395,FRA-16395,4.26,FOREST,SUR-19754
LR-16396,FRA-16396,2.01,REVENUE,SUR-57733
LR-16397,FRA-16397,6.93,FOREST,SUR-56987
LR-16398,FRA-16398,0.59,FOREST,SUR-93124
LR-16399,FRA-16399,5.05,REVENUE,SUR-19234
LR-16400,FRA-16400,2.76,UNCLASSIFIED,SUR-39900
LR-16401,FRA-16401,2.21,FOREST,SUR-43205
LR-16402,FRA-16402,4.61,UNCLASSIFIED,SUR-34436
LR-16403,FRA-16403,3.62,UNCLASSIFIED,SUR-96461
LR-16404,FRA-16404,1.88,FOREST,SUR-17951
LR-16405,FRA-16405,0.56,COMMUNITY,SUR-62879
LR-16406,FRA-16406,6.86,UNCLASSIFIED,SUR-49958
LR-16407,FRA-16407,1.53,UNCLASSIFIED,SUR-79684
LR-16408,FRA-16408,3.34,COMMUNITY,SUR-84676
LR-16409,FRA-16409,0.9,COMMUNITY,SUR-22401
LR-16410,FRA-16410,6.72,COMMUNITY,SUR-63660
LR-16411,FRA-16411,3.62,COMMUNITY,SUR-51650
LR-16412,FRA-16412,3.9,REVENUE,SUR-30209
LR-16413,FRA-16413,6.43,FOREST,SUR-69619
LR-16414,FRA-16414,5.62,UNCLASSIFIED,SUR-27243
LR-16415,FRA-16415,6.53,FOREST,SUR-96090
LR-16416,FRA-16416,8.35,UNCLASSIFIED,SUR-74328
LR-16417,FRA-16417,5.25,UNCLASSIFIED,SUR-20048
LR-16418,FRA-16418,5.65,REVENUE,SUR-97020
LR-16419,FRA-16419,4.72,FOREST,SUR-42436
LR-16420,FRA-16420,2.55,FOREST,SUR-31335
LR-16421,FRA-16421,3.06,UNCLASSIFIED,SUR-54991
LR-16422,FRA-16422,6.74,UNCLASSIFIED,SUR-50177
LR-16423,FRA-16423,1.97,REVENUE,SUR-63949
LR-16424,FRA-16424,8.03,UNCLASSIFIED,SUR-80900
LR-16425,FRA-16425,4.69,UNCLASSIFIED,SUR-28906
LR-16426,FRA-16426,2.14,UNCLASSIFIED,SUR-28507
LR-16427,FRA-16427,4.62,UNCLASSIFIED,SUR-60090
LR-16428,FRA-16428,2.26,FOREST,SUR-12872
LR-16429,FRA-16429,2.47,FOREST,SUR-39882
LR-16430,FRA-16430,1.54,FOREST,SUR-51781
LR-16431,FRA-16431,0.9,UNCLASSIFIED,SUR-36284
LR-16432,FRA-16432,1.72,COMMUNITY,SUR-88786
LR-16433,FRA-16433,4.67,FOREST,SUR-56530
LR-16434,FRA-16434,1.41,REVENUE,SUR-71241
LR-16435,FRA-16435,0.96,UNCLASSIFIED,SUR-34835
LR-16436,FRA-16436,1.55,UNCLASSIFIED,SUR-25296
LR-16437,FRA-16437,6.82,FOREST,SUR-81721
LR-16438,FRA-16438,1.53,FOREST,SUR-80673
LR-16439,FRA-16439,3.56,FOREST,SUR-24254
LR-16440,FRA-16440,7.08,COMMUNITY,SUR-74701
LR-16441,FRA-16441,3.38,FOREST,SUR-90781
LR-16442,FRA-16442,0.57,UNCLASSIFIED,SUR-80398
LR-16443,FRA-16443,2.48,REVENUE,SUR-60542
LR-16444,FRA-16444,2.32,COMMUNITY,SUR-16069
LR-16445,FRA-16445,1.94,COMMUNITY,SUR-78196
LR-16446,FRA-16446,6.84,COMMUNITY,SUR-63426
LR-16447,FRA-16447,7.95,COMMUNITY,SUR-65081
LR-16448,FRA-16448,6.02,COMMUNITY,SUR-77386
LR-16449,FRA-16449,3.32,COMMUNITY,SUR-94517
LR-16450,FRA-16450,4.6,FOREST,SUR-61174
LR-16451,FRA-16451,5.3,FOREST,SUR-67062
LR-16452,FRA-16452,3.14,FOREST,SUR-95434
LR-16453,FRA-16453,6.31,REVENUE,SUR-32754
LR-16454,FRA-16454,0.92,COMMUNITY,SUR-31778
LR-16455,FRA-16455,2.07,UNCLASSIFIED,SUR-26736
LR-16456,FRA-16456,1.47,FOREST,SUR-86288
LR-16457,FRA-16457,0.53,COMMUNITY,SUR-43866
LR-16458,FRA-16458,1.24,UNCLASSIFIED,SUR-13418
LR-16459,FRA-16459,0.56,COMMUNITY,SUR-11214
LR-16460,FRA-16460,3.84,FOREST,SUR-14323
LR-16461,FRA-16461,4.82,UNCLASSIFIED,SUR-82562
LR-16462,FRA-16462,5.72,COMMUNITY,SUR-15508
LR-16463,FRA-16463,3.08,REVENUE,SUR-68928
LR-16464,FRA-16464,6.28,UNCLASSIFIED,SUR-15634
LR-16465,FRA-16465,5.1,REVENUE,SUR-17747
LR-16466,FRA-16466,2.01,FOREST,SUR-87899
LR-16467,FRA-16467,4.13,REVENUE,SUR-80639
LR-16468,FRA-16468,8.06,FOREST,SUR-28036
LR-16469,FRA-16469,1.85,COMMUNITY,SUR-61069
LR-16470,FRA-16470,6.73,FOREST,SUR-96443
LR-16471,FRA-16471,5.95,REVENUE,SUR-18253
LR-16472,FRA-16472,2.45,UNCLASSIFIED,SUR-74829
LR-16473,FRA-16473,1.98,FOREST,SUR-49760
LR-16474,FRA-16474,5.17,COMMUNITY,SUR-94115
LR-16475,FRA-16475,6.61,REVENUE,SUR-63855
LR-16476,FRA-16476,5.11,UNCLASSIFIED,SUR-84494
LR-16477,FRA-16477,0.89,FOREST,SUR-46350
LR-16478,FRA-16478,6.97,UNCLASSIFIED,SUR-94413
LR-16479,FRA-16479,4.95,REVENUE,SUR-52293
LR-16480,FRA-16480,6.37,REVENUE,SUR-14963
LR-16481,FRA-16481,4.94,COMMUNITY,SUR-60599
LR-16482,FRA-16482,4.61,UNCLASSIFIED,SUR-98896
LR-16483,FRA-16483,5.64,REVENUE,SUR-18259
LR-16484,FRA-16484,1.75,UNCLASSIFIED,SUR-71782
LR-16485,FRA-16485,0.77,COMMUNITY,SUR-10983
LR-16486,FRA-16486,0.75,COMMUNITY,SUR-81420
LR-16487,FRA-16487,7.16,UNCLASSIFIED,SUR-78993
LR-16488,FRA-16488,5.01,FOREST,SUR-38250
LR-16489,FRA-16489,6.53,COMMUNITY,SUR-30480
LR-16490,FRA-16490,8.21,UNCLASSIFIED,SUR-47751
LR-16491,FRA-16491,0.91,REVENUE,SUR-94307
LR-16492,FRA-16492,1.76,COMMUNITY,SUR-89347
LR-16493,FRA-16493,2.37,REVENUE,SUR-39332
LR-16494,FRA-16494,4.05,REVENUE,SUR-44805
LR-16495,FRA-16495,2.58,COMMUNITY,SUR-16948
LR-16496,FRA-16496,6.44,UNCLASSIFIED,SUR-60487
LR-16497,FRA-16497,2.4,REVENUE,SUR-82335
LR-16498,FRA-16498,4.29,COMMUNITY,SUR-48159
LR-16499,FRA-16499,2.16,UNCLASSIFIED,SUR-63456
LR-16500,FRA-16500,3.11,UNCLASSIFIED,SUR-86262
LR-16501,FRA-16501,4.37,UNCLASSIFIED,SUR-57864
LR-16502,FRA-16502,5.13,FOREST,SUR-32302
LR-16503,FRA-16503,1.47,COMMUNITY,SUR-83526
LR-16504,FRA-16504,1.39,FOREST,SUR-88898
LR-16505,FRA-16505,6.2,UNCLASSIFIED,SUR-47576
LR-16506,FRA-16506,2.91,REVENUE,SUR-23887
LR-16507,FRA-16507,5.87,COMMUNITY,SUR-68725
LR-16508,FRA-16508,4.62,COMMUNITY,SUR-98110
LR-16509,FRA-16509,4.78,UNCLASSIFIED,SUR-90730
LR-16510,FRA-16510,7.0,FOREST,SUR-22796
LR-16511,FRA-16511,3.94,FOREST,SUR-58536
LR-16512,FRA-16512,6.2,COMMUNITY,SUR-24323
LR-16513,FRA-16513,4.22,UNCLASSIFIED,SUR-68988
LR-16514,FRA-16514,3.95,REVENUE,SUR-17925
LR-16515,FRA-16515,4.83,REVENUE,SUR-79042
LR-16516,FRA-16516,6.06,UNCLASSIFIED,SUR-79973
LR-16517,FRA-16517,4.15,FOREST,SUR-56943
LR-16518,FRA-16518,1.94,FOREST,SUR-98883
LR-16519,FRA-16519,1.05,FOREST,SUR-75782
LR-16520,FRA-16520,2.45,COMMUNITY,SUR-79123
LR-16521,FRA-16521,0.83,FOREST,SUR-26539
LR-16522,FRA-16522,7.31,UNCLASSIFIED,SUR-33203
LR-16523,FRA-16523,5.31,REVENUE,SUR-58125
LR-16524,FRA-16524,5.47,COMMUNITY,SUR-64675
LR-16525,FRA-16525,1.52,FOREST,SUR-69652
LR-16526,FRA-16526,3.09,UNCLASSIFIED,SUR-77236
LR-16527,FRA-16527,1.32,UNCLASSIFIED,SUR-92951
LR-16528,FRA-16528,4.49,UNCLASSIFIED,SUR-25655
LR-16529,FRA-16529,6.26,UNCLASSIFIED,SUR-94636
LR-16530,FRA-16530,5.22,REVENUE,SUR-36518
LR-16531,FRA-16531,2.21,UNCLASSIFIED,SUR-79701
LR-16532,FRA-16532,4.78,COMMUNITY,SUR-96763
LR-16533,FRA-16533,4.62,UNCLASSIFIED,SUR-22677
LR-16534,FRA-16534,5.02,FOREST,SUR-86989
LR-16535,FRA-16535,2.34,COMMUNITY,SUR-94904
LR-16536,FRA-16536,1.46,COMMUNITY,SUR-91080
LR-16537,FRA-16537,2.02,FOREST,SUR-87005
LR-16538,FRA-16538,7.83,UNCLASSIFIED,SUR-10282
LR-16539,FRA-16539,7.77,COMMUNITY,SUR-75246
LR-16540,FRA-16540,3.53,FOREST,SUR-96202
LR-16541,FRA-16541,3.7,FOREST,SUR-27525
LR-16542,FRA-16542,6.12,COMMUNITY,SUR-56999
LR-16543,FRA-16543,6.06,REVENUE,SUR-81098
LR-16544,FRA-16544,6.41,COMMUNITY,SUR-85658
LR-16545,FRA-16545,0.51,COMMUNITY,SUR-22424
LR-16546,FRA-16546,7.63,FOREST,SUR-86023
LR-16547,FRA-16547,5.43,UNCLASSIFIED,SUR-14234
LR-16548,FRA-16548,7.8,COMMUNITY,SUR-27601
LR-16549,FRA-16549,4.15,REVENUE,SUR-25545
LR-16550,FRA-16550,0.67,FOREST,SUR-66307
LR-16551,FRA-16551,3.2,UNCLASSIFIED,SUR-88476
LR-16552,FRA-16552,1.68,UNCLASSIFIED,SUR-44561
LR-16553,FRA-16553,2.52,REVENUE,SUR-41417
LR-16554,FRA-16554,3.13,COMMUNITY,SUR-31666
LR-16555,FRA-16555,3.42,COMMUNITY,SUR-73092
LR-16556,FRA-16556,7.53,FOREST,SUR-99222
LR-16557,FRA-16557,4.85,FOREST,SUR-32415
LR-16558,FRA-16558,6.0,UNCLASSIFIED,SUR-62925
LR-16559,FRA-16559,3.43,UNCLASSIFIED,SUR-48950
LR-16560,FRA-16560,0.7,REVENUE,SUR-40686
LR-16561,FRA-16561,6.15,COMMUNITY,SUR-61735
LR-16562,FRA-16562,7.08,UNCLASSIFIED,SUR-59552
LR-16563,FRA-16563,3.23,UNCLASSIFIED,SUR-32860
LR-16564,FRA-16564,8.09,COMMUNITY,SUR-89371
LR-16565,FRA-16565,5.95,COMMUNITY,SUR-58731
LR-16566,FRA-16566,1.62,UNCLASSIFIED,SUR-17171
LR-16567,FRA-16567,2.33,UNCLASSIFIED,SUR-26552
LR-16568,FRA-16568,4.54,REVENUE,SUR-83984
LR-16569,FRA-16569,6.48,FOREST,SUR-81570
LR-16570,FRA-16570,1.27,COMMUNITY,SUR-13041
LR-16571,FRA-16571,1.79,UNCLASSIFIED,SUR-79766
LR-16572,FRA-16572,4.96,REVENUE,SUR-98615
LR-16573,FRA-16573,6.83,UNCLASSIFIED,SUR-72093
LR-16574,FRA-16574,4.13,REVENUE,SUR-50333
LR-16575,FRA-16575,7.22,COMMUNITY,SUR-48131
LR-16576,FRA-16576,4.46,REVENUE,SUR-32949
LR-16577,FRA-16577,6.7,FOREST,SUR-63259
LR-16578,FRA-16578,1.91,COMMUNITY,SUR-57071
LR-16579,FRA-16579,1.07,UNCLASSIFIED,SUR-57625
LR-16580,FRA-16580,5.89,COMMUNITY,SUR-22148
LR-16581,FRA-16581,2.2,COMMUNITY,SUR-82499
LR-16582,FRA-16582,5.83,REVENUE,SUR-93932
LR-16583,FRA-16583,3.26,COMMUNITY,SUR-87198
LR-16584,FRA-16584,1.6,COMMUNITY,SUR-97473
LR-16585,FRA-16585,7.59,REVENUE,SUR-63241
LR-16586,FRA-16586,3.87,FOREST,SUR-89074
LR-16587,FRA-16587,1.63,REVENUE,SUR-21460
LR-16588,FRA-16588,6.3,COMMUNITY,SUR-91166
LR-16589,FRA-16589,2.09,UNCLASSIFIED,SUR-34555
LR-16590,FRA-16590,1.22,COMMUNITY,SUR-44580
LR-16591,FRA-16591,8.07,REVENUE,SUR-43083
LR-16592,FRA-16592,6.47,FOREST,SUR-61863
LR-16593,FRA-16593,5.97,UNCLASSIFIED,SUR-86510
LR-16594,FRA-16594,5.22,UNCLASSIFIED,SUR-35084
LR-16595,FRA-16595,2.55,UNCLASSIFIED,SUR-43183
LR-16596,FRA-16596,4.57,UNCLASSIFIED,SUR-26076
LR-16597,FRA-16597,7.56,COMMUNITY,SUR-89359
LR-16598,FRA-16598,4.03,COMMUNITY,SUR-89640
LR-16599,FRA-16599,2.43,REVENUE,SUR-96617
LR-16600,FRA-16600,1.68,REVENUE,SUR-83042
LR-16601,FRA-16601,6.09,REVENUE,SUR-64781
LR-16602,FRA-16602,7.24,REVENUE,SUR-81659
LR-16603,FRA-16603,6.64,FOREST,SUR-50759
LR-16604,FRA-16604,4.16,REVENUE,SUR-94095
LR-16605,FRA-16605,3.21,FOREST,SUR-76275
LR-16606,FRA-16606,1.84,COMMUNITY,SUR-75055
LR-16607,FRA-16607,4.42,UNCLASSIFIED,SUR-64174
LR-16608,FRA-16608,5.71,COMMUNITY,SUR-56273
LR-16609,FRA-16609,5.33,UNCLASSIFIED,SUR-70670
LR-16610,FRA-16610,8.25,FOREST,SUR-40422
LR-16611,FRA-16611,7.8,FOREST,SUR-33853
LR-16612,FRA-16612,2.55,UNCLASSIFIED,SUR-95242
LR-16613,FRA-16613,0.87,FOREST,SUR-53878
LR-16614,FRA-16614,1.68,UNCLASSIFIED,SUR-63948
LR-16615,FRA-16615,7.26,COMMUNITY,SUR-52591
LR-16616,FRA-16616,3.29,COMMUNITY,SUR-15299
LR-16617,FRA-16617,6.82,COMMUNITY,SUR-95305
LR-16618,FRA-16618,7.01,UNCLASSIFIED,SUR-54029
LR-16619,FRA-16619,3.49,REVENUE,SUR-10041
LR-16620,FRA-16620,7.12,REVENUE,SUR-25141
LR-16621,FRA-16621,6.8,REVENUE,SUR-50925
LR-16622,FRA-16622,3.94,COMMUNITY,SUR-63623
LR-16623,FRA-16623,1.81,COMMUNITY,SUR-47596
LR-16624,FRA-16624,0.7,REVENUE,SUR-99777
LR-16625,FRA-16625,7.88,COMMUNITY,SUR-78596
LR-16626,FRA-16626,4.1,REVENUE,SUR-35619
LR-16627,FRA-16627,4.73,FOREST,SUR-91159
LR-16628,FRA-16628,1.32,REVENUE,SUR-77309
LR-16629,FRA-16629,3.83,COMMUNITY,SUR-41979
LR-16630,FRA-16630,1.04,COMMUNITY,SUR-10909
LR-16631,FRA-16631,0.82,FOREST,SUR-44455
LR-16632,FRA-16632,8.03,FOREST,SUR-25467
LR-16633,FRA-16633,6.6,UNCLASSIFIED,SUR-35622
LR-16634,FRA-16634,2.51,COMMUNITY,SUR-84653
LR-16635,FRA-16635,2.08,COMMUNITY,SUR-32772
LR-16636,FRA-16636,6.54,UNCLASSIFIED,SUR-50484
LR-16637,FRA-16637,6.78,COMMUNITY,SUR-61968
LR-16638,FRA-16638,2.01,FOREST,SUR-20419
LR-16639,FRA-16639,6.69,COMMUNITY,SUR-86040
LR-16640,FRA-16640,5.71,FOREST,SUR-43608
LR-16641,FRA-16641,2.25,UNCLASSIFIED,SUR-17903
LR-16642,FRA-16642,6.55,UNCLASSIFIED,SUR-74319
LR-16643,FRA-16643,4.67,FOREST,SUR-23340
LR-16644,FRA-16644,1.55,REVENUE,SUR-41983
LR-16645,FRA-16645,7.52,REVENUE,SUR-26302
LR-16646,FRA-16646,2.15,UNCLASSIFIED,SUR-92006
LR-16647,FRA-16647,2.26,REVENUE,SUR-18836
LR-16648,FRA-16648,0.54,COMMUNITY,SUR-81065
LR-16649,FRA-16649,0.76,COMMUNITY,SUR-52725
LR-16650,FRA-16650,6.06,REVENUE,SUR-45930
LR-16651,FRA-16651,7.55,COMMUNITY,SUR-81326
LR-16652,FRA-16652,1.07,UNCLASSIFIED,SUR-39189
LR-16653,FRA-16653,0.59,FOREST,SUR-80756
LR-16654,FRA-16654,4.01,UNCLASSIFIED,SUR-64479
LR-16655,FRA-16655,7.34,COMMUNITY,SUR-57504
LR-16656,FRA-16656,0.85,COMMUNITY,SUR-30428
LR-16657,FRA-16657,4.03,REVENUE,SUR-29363
LR-16658,FRA-16658,2.98,UNCLASSIFIED,SUR-70611
LR-16659,FRA-16659,2.01,FOREST,SUR-23608
LR-16660,FRA-16660,6.87,FOREST,SUR-64478
LR-16661,FRA-16661,2.44,UNCLASSIFIED,SUR-68361
LR-16662,FRA-16662,6.99,FOREST,SUR-24603
LR-16663,FRA-16663,1.46,UNCLASSIFIED,SUR-11033
LR-16664,FRA-16664,4.65,FOREST,SUR-89743
LR-16665,FRA-16665,3.62,FOREST,SUR-21239
LR-16666,FRA-16666,3.59,FOREST,SUR-73307
LR-16667,FRA-16667,8.08,FOREST,SUR-24592
LR-16668,FRA-16668,1.67,UNCLASSIFIED,SUR-51099
LR-16669,FRA-16669,2.95,UNCLASSIFIED,SUR-47363
LR-16670,FRA-16670,7.44,FOREST,SUR-87161
LR-16671,FRA-16671,2.74,REVENUE,SUR-78470
LR-16672,FRA-16672,2.86,FOREST,SUR-99374
LR-16673,FRA-16673,1.77,UNCLASSIFIED,SUR-68799
LR-16674,FRA-16674,5.76,FOREST,SUR-12223
LR-16675,FRA-16675,7.76,COMMUNITY,SUR-18232
LR-16676,FRA-16676,5.93,FOREST,SUR-22383
LR-16677,FRA-16677,4.04,FOREST,SUR-29450
LR-16678,FRA-16678,3.45,REVENUE,SUR-85606
LR-16679,FRA-16679,0.98,UNCLASSIFIED,SUR-42374
LR-16680,FRA-16680,1.21,REVENUE,SUR-80774
LR-16681,FRA-16681,1.44,UNCLASSIFIED,SUR-63138
LR-16682,FRA-16682,7.13,FOREST,SUR-62752
LR-16683,FRA-16683,1.78,UNCLASSIFIED,SUR-82048
LR-16684,FRA-16684,2.01,FOREST,SUR-74132
LR-16685,FRA-16685,3.87,COMMUNITY,SUR-47140
LR-16686,FRA-16686,5.32,UNCLASSIFIED,SUR-61894
LR-16687,FRA-16687,4.16,COMMUNITY,SUR-34652
LR-16688,FRA-16688,0.55,REVENUE,SUR-36368
LR-16689,FRA-16689,2.38,REVENUE,SUR-82292
LR-16690,FRA-16690,5.65,REVENUE,SUR-76376
LR-16691,FRA-16691,3.63,COMMUNITY,SUR-63543
LR-16692,FRA-16692,1.33,FOREST,SUR-87816
LR-16693,FRA-16693,4.72,FOREST,SUR-65869
LR-16694,FRA-16694,6.06,REVENUE,SUR-76982
LR-16695,FRA-16695,2.53,COMMUNITY,SUR-39669
LR-16696,FRA-16696,7.39,FOREST,SUR-67948
LR-16697,FRA-16697,4.88,REVENUE,SUR-82992
LR-16698,FRA-16698,6.91,FOREST,SUR-24404
LR-16699,FRA-16699,1.18,UNCLASSIFIED,SUR-98224
LR-16700,FRA-16700,6.1,REVENUE,SUR-91185
LR-16701,FRA-16701,1.9,REVENUE,SUR-71397
LR-16702,FRA-16702,2.85,FOREST,SUR-18339
LR-16703,FRA-16703,7.91,UNCLASSIFIED,SUR-25158
LR-16704,FRA-16704,2.21,UNCLASSIFIED,SUR-25065
LR-16705,FRA-16705,2.23,FOREST,SUR-62512
LR-16706,FRA-16706,2.36,REVENUE,SUR-83589
LR-16707,FRA-16707,5.16,FOREST,SUR-54956
LR-16708,FRA-16708,6.01,UNCLASSIFIED,SUR-99369
LR-16709,FRA-16709,3.59,COMMUNITY,SUR-83349
LR-16710,FRA-16710,1.47,COMMUNITY,SUR-15329
LR-16711,FRA-16711,5.99,COMMUNITY,SUR-77240
LR-16712,FRA-16712,3.05,UNCLASSIFIED,SUR-41870
LR-16713,FRA-16713,4.63,FOREST,SUR-68125
LR-16714,FRA-16714,3.93,FOREST,SUR-28571
LR-16715,FRA-16715,3.83,UNCLASSIFIED,SUR-92231
LR-16716,FRA-16716,1.72,COMMUNITY,SUR-14496
LR-16717,FRA-16717,6.5,UNCLASSIFIED,SUR-52500
LR-16718,FRA-16718,2.39,UNCLASSIFIED,SUR-84954
LR-16719,FRA-16719,5.18,REVENUE,SUR-52191
LR-16720,FRA-16720,1.58,COMMUNITY,SUR-16567
LR-16721,FRA-16721,6.94,UNCLASSIFIED,SUR-43124
LR-16722,FRA-16722,6.88,REVENUE,SUR-23616
LR-16723,FRA-16723,3.79,FOREST,SUR-28928
LR-16724,FRA-16724,3.49,UNCLASSIFIED,SUR-26383
LR-16725,FRA-16725,2.03,REVENUE,SUR-52517
LR-16726,FRA-16726,4.24,UNCLASSIFIED,SUR-39462
LR-16727,FRA-16727,2.09,COMMUNITY,SUR-27484
LR-16728,FRA-16728,1.91,UNCLASSIFIED,SUR-41870
LR-16729,FRA-16729,2.12,FOREST,SUR-11464
LR-16730,FRA-16730,0.54,REVENUE,SUR-41273
LR-16731,FRA-16731,1.13,REVENUE,SUR-77240
LR-16732,FRA-16732,4.46,FOREST,SUR-26530
LR-16733,FRA-16733,6.53,UNCLASSIFIED,SUR-52014
LR-16734,FRA-16734,1.53,FOREST,SUR-65576
LR-16735,FRA-16735,0.62,FOREST,SUR-39659
LR-16736,FRA-16736,6.27,UNCLASSIFIED,SUR-75135
LR-16737,FRA-16737,6.86,COMMUNITY,SUR-37755
LR-16738,FRA-16738,3.13,REVENUE,SUR-66151
LR-16739,FRA-16739,6.11,REVENUE,SUR-67077
LR-16740,FRA-16740,0.65,UNCLASSIFIED,SUR-31415
LR-16741,FRA-16741,6.48,FOREST,SUR-73526
LR-16742,FRA-16742,7.37,REVENUE,SUR-93457
LR-16743,FRA-16743,7.55,COMMUNITY,SUR-79639
LR-16744,FRA-16744,7.33,FOREST,SUR-64804
LR-16745,FRA-16745,2.11,FOREST,SUR-29938
LR-16746,FRA-16746,3.07,REVENUE,SUR-63614
LR-16747,FRA-16747,6.5,FOREST,SUR-95525
LR-16748,FRA-16748,0.51,UNCLASSIFIED,SUR-33859
LR-16749,FRA-16749,7.66,COMMUNITY,SUR-39560
LR-16750,FRA-16750,1.93,REVENUE,SUR-73808
LR-16751,FRA-16751,0.92,FOREST,SUR-99471
LR-16752,FRA-16752,2.17,FOREST,SUR-79823
LR-16753,FRA-16753,5.16,REVENUE,SUR-79447
LR-16754,FRA-16754,3.48,UNCLASSIFIED,SUR-83341
LR-16755,FRA-16755,3.13,UNCLASSIFIED,SUR-30471
LR-16756,FRA-16756,3.01,COMMUNITY,SUR-30898
LR-16757,FRA-16757,3.5,UNCLASSIFIED,SUR-89612
LR-16758,FRA-16758,3.78,COMMUNITY,SUR-36947
LR-16759,FRA-16759,4.67,UNCLASSIFIED,SUR-80966
LR-16760,FRA-16760,6.57,FOREST,SUR-45186
LR-16761,FRA-16761,1.02,FOREST,SUR-25951
LR-16762,FRA-16762,5.23,UNCLASSIFIED,SUR-38520
LR-16763,FRA-16763,4.03,UNCLASSIFIED,SUR-47532
LR-16764,FRA-16764,5.05,REVENUE,SUR-49759
LR-16765,FRA-16765,2.03,COMMUNITY,SUR-42670
LR-16766,FRA-16766,4.39,REVENUE,SUR-19946
LR-16767,FRA-16767,2.47,UNCLASSIFIED,SUR-93108
LR-16768,FRA-16768,3.7,FOREST,SUR-44431
LR-16769,FRA-16769,1.79,REVENUE,SUR-19421
LR-16770,FRA-16770,5.63,COMMUNITY,SUR-81712
LR-16771,FRA-16771,6.28,UNCLASSIFIED,SUR-44300
LR-16772,FRA-16772,7.04,FOREST,SUR-40680
LR-16773,FRA-16773,6.56,REVENUE,SUR-10576
LR-16774,FRA-16774,1.83,COMMUNITY,SUR-97914
LR-16775,FRA-16775,2.04,COMMUNITY,SUR-25485
LR-16776,FRA-16776,5.51,UNCLASSIFIED,SUR-93517
LR-16777,FRA-16777,4.48,COMMUNITY,SUR-99895
LR-16778,FRA-16778,3.87,FOREST,SUR-57221
LR-16779,FRA-16779,5.01,FOREST,SUR-90449
LR-16780,FRA-16780,3.75,COMMUNITY,SUR-75903
LR-16781,FRA-16781,5.58,COMMUNITY,SUR-64050
LR-16782,FRA-16782,3.33,FOREST,SUR-72475
LR-16783,FRA-16783,2.58,UNCLASSIFIED,SUR-44798
LR-16784,FRA-16784,1.08,UNCLASSIFIED,SUR-15715
LR-16785,FRA-16785,3.42,COMMUNITY,SUR-19504
LR-16786,FRA-16786,5.28,REVENUE,SUR-26351
LR-16787,FRA-16787,2.13,UNCLASSIFIED,SUR-59160
LR-16788,FRA-16788,3.9,COMMUNITY,SUR-94624
LR-16789,FRA-16789,5.42,FOREST,SUR-32094
LR-16790,FRA-16790,4.42,REVENUE,SUR-78565
LR-16791,FRA-16791,2.98,REVENUE,SUR-48293
LR-16792,FRA-16792,0.95,REVENUE,SUR-40091
LR-16793,FRA-16793,1.83,UNCLASSIFIED,SUR-64054
LR-16794,FRA-16794,1.87,UNCLASSIFIED,SUR-81272
LR-16795,FRA-16795,6.69,UNCLASSIFIED,SUR-79219
LR-16796,FRA-16796,4.69,REVENUE,SUR-81328
LR-16797,FRA-16797,3.42,UNCLASSIFIED,SUR-82128
LR-16798,FRA-16798,7.32,UNCLASSIFIED,SUR-41761
LR-16799,FRA-16799,1.19,COMMUNITY,SUR-26284
LR-16800,FRA-16800,0.97,COMMUNITY,SUR-61749
LR-16801,FRA-16801,2.67,COMMUNITY,SUR-57099
LR-16802,FRA-16802,0.93,UNCLASSIFIED,SUR-44825
LR-16803,FRA-16803,4.02,REVENUE,SUR-98179
LR-16804,FRA-16804,1.51,COMMUNITY,SUR-21668
LR-16805,FRA-16805,6.66,FOREST,SUR-96528
LR-16806,FRA-16806,1.73,REVENUE,SUR-89278
LR-16807,FRA-16807,5.35,COMMUNITY,SUR-47595
LR-16808,FRA-16808,2.92,UNCLASSIFIED,SUR-85351
LR-16809,FRA-16809,5.05,UNCLASSIFIED,SUR-55302
LR-16810,FRA-16810,1.31,UNCLASSIFIED,SUR-26407
LR-16811,FRA-16811,2.28,UNCLASSIFIED,SUR-55864
LR-16812,FRA-16812,4.3,FOREST,SUR-50368
LR-16813,FRA-16813,1.1,COMMUNITY,SUR-28616
LR-16814,FRA-16814,0.76,FOREST,SUR-93136
LR-16815,FRA-16815,7.03,COMMUNITY,SUR-69629
LR-16816,FRA-16816,2.41,FOREST,SUR-94149
LR-16817,FRA-16817,6.37,REVENUE,SUR-97884
LR-16818,FRA-16818,6.82,COMMUNITY,SUR-91048
LR-16819,FRA-16819,0.77,FOREST,SUR-54384
LR-16820,FRA-16820,7.65,COMMUNITY,SUR-53412
LR-16821,FRA-16821,3.93,REVENUE,SUR-29336
LR-16822,FRA-16822,4.99,UNCLASSIFIED,SUR-88201
LR-16823,FRA-16823,2.15,REVENUE,SUR-65884
LR-16824,FRA-16824,3.52,FOREST,SUR-51527
LR-16825,FRA-16825,6.66,REVENUE,SUR-89263
LR-16826,FRA-16826,2.06,UNCLASSIFIED,SUR-88651
LR-16827,FRA-16827,3.15,COMMUNITY,SUR-98349
LR-16828,FRA-16828,4.79,REVENUE,SUR-42670
LR-16829,FRA-16829,2.43,UNCLASSIFIED,SUR-77234
LR-16830,FRA-16830,2.93,REVENUE,SUR-95523
LR-16831,FRA-16831,1.57,REVENUE,SUR-23429
LR-16832,FRA-16832,6.95,COMMUNITY,SUR-54899
LR-16833,FRA-16833,1.78,UNCLASSIFIED,SUR-61523
LR-16834,FRA-16834,0.92,FOREST,SUR-51625
LR-16835,FRA-16835,4.25,UNCLASSIFIED,SUR-83219
LR-16836,FRA-16836,3.55,FOREST,SUR-72321
LR-16837,FRA-16837,3.77,REVENUE,SUR-50552
LR-16838,FRA-16838,4.36,COMMUNITY,SUR-76340
LR-16839,FRA-16839,3.45,FOREST,SUR-33689
LR-16840,FRA-16840,3.26,REVENUE,SUR-92442
LR-16841,FRA-16841,6.77,UNCLASSIFIED,SUR-53471
LR-16842,FRA-16842,5.3,FOREST,SUR-88716
LR-16843,FRA-16843,5.22,FOREST,SUR-43918
LR-16844,FRA-16844,3.66,UNCLASSIFIED,SUR-45692
LR-16845,FRA-16845,6.29,REVENUE,SUR-86046
LR-16846,FRA-16846,4.7,REVENUE,SUR-43278
LR-16847,FRA-16847,0.67,FOREST,SUR-79560
LR-16848,FRA-16848,5.64,REVENUE,SUR-29039
LR-16849,FRA-16849,6.26,FOREST,SUR-45978
LR-16850,FRA-16850,0.68,COMMUNITY,SUR-56730
LR-16851,FRA-16851,1.49,UNCLASSIFIED,SUR-87484
LR-16852,FRA-16852,3.67,REVENUE,SUR-91337
LR-16853,FRA-16853,7.1,UNCLASSIFIED,SUR-54783
LR-16854,FRA-16854,2.81,FOREST,SUR-90739
LR-16855,FRA-16855,2.74,UNCLASSIFIED,SUR-31057
LR-16856,FRA-16856,1.03,COMMUNITY,SUR-89766
LR-16857,FRA-16857,6.02,UNCLASSIFIED,SUR-79964
LR-16858,FRA-16858,2.89,FOREST,SUR-30029
LR-16859,FRA-16859,4.53,FOREST,SUR-62884
LR-16860,FRA-16860,1.18,REVENUE,SUR-35000
LR-16861,FRA-16861,4.66,COMMUNITY,SUR-56456
LR-16862,FRA-16862,1.72,FOREST,SUR-57190
LR-16863,FRA-16863,4.51,FOREST,SUR-88519
LR-16864,FRA-16864,1.9,COMMUNITY,SUR-12303
LR-16865,FRA-16865,8.0,REVENUE,SUR-80207
LR-16866,FRA-16866,6.32,UNCLASSIFIED,SUR-28111
LR-16867,FRA-16867,6.06,COMMUNITY,SUR-82158
LR-16868,FRA-16868,5.23,FOREST,SUR-66820
LR-16869,FRA-16869,4.14,UNCLASSIFIED,SUR-76772
LR-16870,FRA-16870,6.32,FOREST,SUR-41178
LR-16871,FRA-16871,2.61,COMMUNITY,SUR-52421
LR-16872,FRA-16872,3.45,REVENUE,SUR-11750
LR-16873,FRA-16873,1.73,REVENUE,SUR-82401
LR-16874,FRA-16874,1.21,UNCLASSIFIED,SUR-54995
LR-16875,FRA-16875,3.82,UNCLASSIFIED,SUR-18857
LR-16876,FRA-16876,5.69,FOREST,SUR-90977
LR-16877,FRA-16877,2.07,UNCLASSIFIED,SUR-10792
LR-16878,FRA-16878,2.21,FOREST,SUR-25015
LR-16879,FRA-16879,0.54,REVENUE,SUR-55033
LR-16880,FRA-16880,1.37,REVENUE,SUR-21276
LR-16881,FRA-16881,1.07,REVENUE,SUR-78038
LR-16882,FRA-16882,6.86,FOREST,SUR-94342
LR-16883,FRA-16883,4.93,UNCLASSIFIED,SUR-61453
LR-16884,FRA-16884,0.76,REVENUE,SUR-74376
LR-16885,FRA-16885,1.49,UNCLASSIFIED,SUR-76197
LR-16886,FRA-16886,5.99,FOREST,SUR-43335
LR-16887,FRA-16887,5.18,FOREST,SUR-10406
LR-16888,FRA-16888,5.03,REVENUE,SUR-19093
LR-16889,FRA-16889,6.96,COMMUNITY,SUR-92813
LR-16890,FRA-16890,4.17,REVENUE,SUR-14041
LR-16891,FRA-16891,5.95,REVENUE,SUR-77400
LR-16892,FRA-16892,4.28,COMMUNITY,SUR-90783
LR-16893,FRA-16893,5.91,UNCLASSIFIED,SUR-71852
LR-16894,FRA-16894,4.09,UNCLASSIFIED,SUR-75217
LR-16895,FRA-16895,6.87,REVENUE,SUR-61187
LR-16896,FRA-16896,4.55,FOREST,SUR-24959
LR-16897,FRA-16897,2.77,REVENUE,SUR-52882
LR-16898,FRA-16898,2.32,COMMUNITY,SUR-45217
LR-16899,FRA-16899,2.34,REVENUE,SUR-51574
LR-16900,FRA-16900,2.54,FOREST,SUR-43387
LR-16901,FRA-16901,1.87,COMMUNITY,SUR-67846
LR-16902,FRA-16902,6.9,COMMUNITY,SUR-13277
LR-16903,FRA-16903,3.22,COMMUNITY,SUR-80313
LR-16904,FRA-16904,0.56,UNCLASSIFIED,SUR-82721
LR-16905,FRA-16905,4.12,FOREST,SUR-17625
LR-16906,FRA-16906,3.61,FOREST,SUR-68861
LR-16907,FRA-16907,2.51,UNCLASSIFIED,SUR-28869
LR-16908,FRA-16908,1.34,REVENUE,SUR-84081
LR-16909,FRA-16909,3.01,COMMUNITY,SUR-91916
LR-16910,FRA-16910,1.29,UNCLASSIFIED,SUR-58531
LR-16911,FRA-16911,4.38,COMMUNITY,SUR-20159
LR-16912,FRA-16912,5.78,COMMUNITY,SUR-38994
LR-16913,FRA-16913,3.12,COMMUNITY,SUR-74663
LR-16914,FRA-16914,1.45,FOREST,SUR-18074
LR-16915,FRA-16915,0.67,FOREST,SUR-80100
LR-16916,FRA-16916,7.8,UNCLASSIFIED,SUR-48955
LR-16917,FRA-16917,1.83,UNCLASSIFIED,SUR-38167
LR-16918,FRA-16918,1.53,REVENUE,SUR-71370
LR-16919,FRA-16919,5.46,FOREST,SUR-29961
LR-16920,FRA-16920,2.35,UNCLASSIFIED,SUR-42943
LR-16921,FRA-16921,4.22,UNCLASSIFIED,SUR-41303
LR-16922,FRA-16922,3.69,COMMUNITY,SUR-63437
LR-16923,FRA-16923,4.45,REVENUE,SUR-68282
LR-16924,FRA-16924,4.56,FOREST,SUR-26449
LR-16925,FRA-16925,6.69,REVENUE,SUR-16508
LR-16926,FRA-16926,6.51,FOREST,SUR-36000
LR-16927,FRA-16927,4.88,REVENUE,SUR-31524
LR-16928,FRA-16928,3.51,FOREST,SUR-88755
LR-16929,FRA-16929,2.29,COMMUNITY,SUR-87230
LR-16930,FRA-16930,1.31,COMMUNITY,SUR-76892
LR-16931,FRA-16931,7.07,FOREST,SUR-52756
LR-16932,FRA-16932,2.01,COMMUNITY,SUR-98947
LR-16933,FRA-16933,7.25,REVENUE,SUR-83583
LR-16934,FRA-16934,6.17,UNCLASSIFIED,SUR-70055
LR-16935,FRA-16935,2.54,COMMUNITY,SUR-65838
LR-16936,FRA-16936,0.88,FOREST,SUR-33557
LR-16937,FRA-16937,1.95,UNCLASSIFIED,SUR-88786
LR-16938,FRA-16938,5.37,FOREST,SUR-94534
LR-16939,FRA-16939,1.32,UNCLASSIFIED,SUR-14271
LR-16940,FRA-16940,4.09,COMMUNITY,SUR-81282
LR-16941,FRA-16941,4.15,FOREST,SUR-12989
LR-16942,FRA-16942,1.55,COMMUNITY,SUR-80789
LR-16943,FRA-16943,4.74,FOREST,SUR-46610
LR-16944,FRA-16944,7.19,UNCLASSIFIED,SUR-93949
LR-16945,FRA-16945,5.47,FOREST,SUR-73449
LR-16946,FRA-16946,2.83,UNCLASSIFIED,SUR-43650
LR-16947,FRA-16947,1.34,UNCLASSIFIED,SUR-55625
LR-16948,FRA-16948,2.59,UNCLASSIFIED,SUR-70434
LR-16949,FRA-16949,8.1,FOREST,SUR-37773
LR-16950,FRA-16950,5.99,COMMUNITY,SUR-51510
LR-16951,FRA-16951,2.71,COMMUNITY,SUR-22653
LR-16952,FRA-16952,2.47,UNCLASSIFIED,SUR-66754
LR-16953,FRA-16953,1.27,REVENUE,SUR-11890
LR-16954,FRA-16954,2.03,REVENUE,SUR-17195
LR-16955,FRA-16955,5.49,COMMUNITY,SUR-65038
LR-16956,FRA-16956,0.75,COMMUNITY,SUR-54816
LR-16957,FRA-16957,3.99,FOREST,SUR-72083
LR-16958,FRA-16958,3.85,UNCLASSIFIED,SUR-98886
LR-16959,FRA-16959,3.68,FOREST,SUR-92439
LR-16960,FRA-16960,1.57,UNCLASSIFIED,SUR-83555
LR-16961,FRA-16961,7.29,UNCLASSIFIED,SUR-65513
LR-16962,FRA-16962,2.13,REVENUE,SUR-27031
LR-16963,FRA-16963,1.79,COMMUNITY,SUR-82048
LR-16964,FRA-16964,1.96,UNCLASSIFIED,SUR-10836
LR-16965,FRA-16965,7.77,COMMUNITY,SUR-38684
LR-16966,FRA-16966,4.78,COMMUNITY,SUR-12340
LR-16967,FRA-16967,3.22,FOREST,SUR-13324
LR-16968,FRA-16968,5.52,FOREST,SUR-68480
LR-16969,FRA-16969,5.08,UNCLASSIFIED,SUR-91389
LR-16970,FRA-16970,1.98,COMMUNITY,SUR-49723
LR-16971,FRA-16971,0.85,UNCLASSIFIED,SUR-84262
LR-16972,FRA-16972,7.57,FOREST,SUR-96482
LR-16973,FRA-16973,5.31,FOREST,SUR-34272
LR-16974,FRA-16974,4.91,FOREST,SUR-22177
LR-16975,FRA-16975,5.46,UNCLASSIFIED,SUR-73802
LR-16976,FRA-16976,7.01,REVENUE,SUR-62890
LR-16977,FRA-16977,2.11,FOREST,SUR-46677
LR-16978,FRA-16978,7.17,UNCLASSIFIED,SUR-68691
LR-16979,FRA-16979,5.09,REVENUE,SUR-82869
LR-16980,FRA-16980,3.6,REVENUE,SUR-46665
LR-16981,FRA-16981,7.18,REVENUE,SUR-47513
LR-16982,FRA-16982,1.64,REVENUE,SUR-93503
LR-16983,FRA-16983,2.66,UNCLASSIFIED,SUR-39031
LR-16984,FRA-16984,6.04,UNCLASSIFIED,SUR-59065
LR-16985,FRA-16985,5.89,FOREST,SUR-15663
LR-16986,FRA-16986,6.44,UNCLASSIFIED,SUR-11267
LR-16987,FRA-16987,6.09,UNCLASSIFIED,SUR-20880
LR-16988,FRA-16988,6.53,FOREST,SUR-90396
LR-16989,FRA-16989,1.87,REVENUE,SUR-97733
LR-16990,FRA-16990,4.88,REVENUE,SUR-40261
LR-16991,FRA-16991,2.45,COMMUNITY,SUR-81941
LR-16992,FRA-16992,1.14,COMMUNITY,SUR-77377
LR-16993,FRA-16993,1.03,REVENUE,SUR-20113
LR-16994,FRA-16994,5.65,FOREST,SUR-11236
LR-16995,FRA-16995,6.23,REVENUE,SUR-43783
LR-16996,FRA-16996,7.43,COMMUNITY,SUR-13930
LR-16997,FRA-16997,5.45,FOREST,SUR-23029
LR-16998,FRA-16998,2.75,COMMUNITY,SUR-32614
LR-16999,FRA-16999,2.02,FOREST,SUR-51666
LR-17000,FRA-17000,1.99,COMMUNITY,SUR-65555
LR-17001,FRA-17001,4.88,UNCLASSIFIED,SUR-67966
LR-17002,FRA-17002,3.04,COMMUNITY,SUR-44656
LR-17003,FRA-17003,0.76,FOREST,SUR-93476
LR-17004,FRA-17004,5.01,COMMUNITY,SUR-51497
LR-17005,FRA-17005,6.39,COMMUNITY,SUR-52435
LR-17006,FRA-17006,0.47,UNCLASSIFIED,SUR-90941
LR-17007,FRA-17007,4.65,REVENUE,SUR-32592
LR-17008,FRA-17008,8.17,COMMUNITY,SUR-44213
LR-17009,FRA-17009,0.79,UNCLASSIFIED,SUR-69274
LR-17010,FRA-17010,1.94,UNCLASSIFIED,SUR-38414
LR-17011,FRA-17011,4.02,FOREST,SUR-32048
LR-17012,FRA-17012,4.7,UNCLASSIFIED,SUR-89170
LR-17013,FRA-17013,5.04,UNCLASSIFIED,SUR-21416
LR-17014,FRA-17014,3.25,REVENUE,SUR-44580
LR-17015,FRA-17015,0.66,UNCLASSIFIED,SUR-39337
LR-17016,FRA-17016,2.99,REVENUE,SUR-31256
LR-17017,FRA-17017,4.93,FOREST,SUR-92071
LR-17018,FRA-17018,5.37,COMMUNITY,SUR-74479
LR-17019,FRA-17019,0.87,COMMUNITY,SUR-39022
LR-17020,FRA-17020,4.84,REVENUE,SUR-13848
LR-17021,FRA-17021,5.62,FOREST,SUR-31569
LR-17022,FRA-17022,2.83,REVENUE,SUR-55043
LR-17023,FRA-17023,1.26,COMMUNITY,SUR-36641
LR-17024,FRA-17024,4.75,UNCLASSIFIED,SUR-59252
LR-17025,FRA-17025,2.4,UNCLASSIFIED,SUR-94577
LR-17026,FRA-17026,3.84,UNCLASSIFIED,SUR-57465
LR-17027,FRA-17027,1.81,UNCLASSIFIED,SUR-96111
LR-17028,FRA-17028,3.92,COMMUNITY,SUR-26580
LR-17029,FRA-17029,1.66,COMMUNITY,SUR-87878
LR-17030,FRA-17030,6.03,FOREST,SUR-34845
LR-17031,FRA-17031,4.17,COMMUNITY,SUR-86523
LR-17032,FRA-17032,6.95,REVENUE,SUR-77142
LR-17033,FRA-17033,2.28,COMMUNITY,SUR-12479
LR-17034,FRA-17034,6.74,REVENUE,SUR-29375
LR-17035,FRA-17035,5.1,UNCLASSIFIED,SUR-15204
LR-17036,FRA-17036,5.48,FOREST,SUR-44622
LR-17037,FRA-17037,4.3,FOREST,SUR-96156
LR-17038,FRA-17038,5.47,REVENUE,SUR-70251
LR-17039,FRA-17039,1.95,REVENUE,SUR-51593
LR-17040,FRA-17040,3.74,UNCLASSIFIED,SUR-96318
LR-17041,FRA-17041,5.65,REVENUE,SUR-45214
LR-17042,FRA-17042,5.03,COMMUNITY,SUR-96135
LR-17043,FRA-17043,1.92,UNCLASSIFIED,SUR-67221
LR-17044,FRA-17044,3.09,COMMUNITY,SUR-25151
LR-17045,FRA-17045,6.1,REVENUE,SUR-82745
LR-17046,FRA-17046,6.27,REVENUE,SUR-74732
LR-17047,FRA-17047,5.64,UNCLASSIFIED,SUR-57958
LR-17048,FRA-17048,4.17,COMMUNITY,SUR-15584
LR-17049,FRA-17049,6.99,FOREST,SUR-97587
LR-17050,FRA-17050,2.88,FOREST,SUR-55896
LR-17051,FRA-17051,3.3,REVENUE,SUR-13383
LR-17052,FRA-17052,5.61,COMMUNITY,SUR-77866
LR-17053,FRA-17053,7.78,UNCLASSIFIED,SUR-92318
LR-17054,FRA-17054,7.25,FOREST,SUR-83332
LR-17055,FRA-17055,1.15,FOREST,SUR-43563
LR-17056,FRA-17056,0.64,COMMUNITY,SUR-15198
LR-17057,FRA-17057,4.82,UNCLASSIFIED,SUR-48412
LR-17058,FRA-17058,2.36,COMMUNITY,SUR-78142
LR-17059,FRA-17059,5.53,UNCLASSIFIED,SUR-56012
LR-17060,FRA-17060,4.15,UNCLASSIFIED,SUR-68935
LR-17061,FRA-17061,6.98,FOREST,SUR-82061
LR-17062,FRA-17062,2.82,UNCLASSIFIED,SUR-59661
LR-17063,FRA-17063,1.88,COMMUNITY,SUR-10139
LR-17064,FRA-17064,4.78,REVENUE,SUR-47294
LR-17065,FRA-17065,4.32,FOREST,SUR-83570
LR-17066,FRA-17066,2.2,UNCLASSIFIED,SUR-97147
LR-17067,FRA-17067,6.77,FOREST,SUR-93624
LR-17068,FRA-17068,2.24,FOREST,SUR-12489
LR-17069,FRA-17069,4.75,COMMUNITY,SUR-29539
LR-17070,FRA-17070,4.99,FOREST,SUR-75102
LR-17071,FRA-17071,6.32,UNCLASSIFIED,SUR-49896
LR-17072,FRA-17072,4.12,FOREST,SUR-90266
LR-17073,FRA-17073,4.34,FOREST,SUR-78866
LR-17074,FRA-17074,7.05,REVENUE,SUR-12669
LR-17075,FRA-17075,2.51,FOREST,SUR-72232
LR-17076,FRA-17076,4.03,COMMUNITY,SUR-62812
LR-17077,FRA-17077,4.18,UNCLASSIFIED,SUR-66761
LR-17078,FRA-17078,1.03,FOREST,SUR-17846
LR-17079,FRA-17079,2.59,REVENUE,SUR-65897
LR-17080,FRA-17080,3.16,UNCLASSIFIED,SUR-87664
LR-17081,FRA-17081,2.55,FOREST,SUR-81143
LR-17082,FRA-17082,4.54,COMMUNITY,SUR-74838
LR-17083,FRA-17083,1.31,REVENUE,SUR-92191
LR-17084,FRA-17084,5.42,FOREST,SUR-22515
LR-17085,FRA-17085,5.13,COMMUNITY,SUR-76108
LR-17086,FRA-17086,3.36,UNCLASSIFIED,SUR-37508
LR-17087,FRA-17087,1.94,UNCLASSIFIED,SUR-19956
LR-17088,FRA-17088,4.91,COMMUNITY,SUR-79019
LR-17089,FRA-17089,6.66,UNCLASSIFIED,SUR-48267
LR-17090,FRA-17090,0.66,COMMUNITY,SUR-87292
LR-17091,FRA-17091,7.64,REVENUE,SUR-18857
LR-17092,FRA-17092,2.74,UNCLASSIFIED,SUR-43760
LR-17093,FRA-17093,6.88,UNCLASSIFIED,SUR-67659
LR-17094,FRA-17094,6.39,REVENUE,SUR-59324
LR-17095,FRA-17095,4.63,UNCLASSIFIED,SUR-47205
LR-17096,FRA-17096,6.34,FOREST,SUR-51412
LR-17097,FRA-17097,6.38,COMMUNITY,SUR-35697
LR-17098,FRA-17098,3.97,COMMUNITY,SUR-38804
LR-17099,FRA-17099,0.58,COMMUNITY,SUR-65743
LR-17100,FRA-17100,5.8,COMMUNITY,SUR-68882
LR-17101,FRA-17101,7.74,REVENUE,SUR-36670
LR-17102,FRA-17102,1.71,UNCLASSIFIED,SUR-68564
LR-17103,FRA-17103,3.0,UNCLASSIFIED,SUR-42162
LR-17104,FRA-17104,4.05,REVENUE,SUR-49989
LR-17105,FRA-17105,3.77,UNCLASSIFIED,SUR-19625
LR-17106,FRA-17106,0.84,REVENUE,SUR-35018
LR-17107,FRA-17107,1.95,REVENUE,SUR-39750
LR-17108,FRA-17108,6.89,COMMUNITY,SUR-80708
LR-17109,FRA-17109,2.21,COMMUNITY,SUR-53221
LR-17110,FRA-17110,2.69,COMMUNITY,SUR-13743
LR-17111,FRA-17111,3.58,REVENUE,SUR-32443
LR-17112,FRA-17112,1.15,COMMUNITY,SUR-37627
LR-17113,FRA-17113,0.87,COMMUNITY,SUR-29084
LR-17114,FRA-17114,2.71,COMMUNITY,SUR-64593
LR-17115,FRA-17115,4.53,COMMUNITY,SUR-97775
LR-17116,FRA-17116,6.85,COMMUNITY,SUR-33371
LR-17117,FRA-17117,6.39,FOREST,SUR-84714
LR-17118,FRA-17118,5.29,COMMUNITY,SUR-61785
LR-17119,FRA-17119,6.74,UNCLASSIFIED,SUR-33824
LR-17120,FRA-17120,1.58,FOREST,SUR-54541
LR-17121,FRA-17121,2.7,COMMUNITY,SUR-51742
LR-17122,FRA-17122,0.99,UNCLASSIFIED,SUR-75828
LR-17123,FRA-17123,6.42,REVENUE,SUR-86872
LR-17124,FRA-17124,2.98,UNCLASSIFIED,SUR-92592
LR-17125,FRA-17125,2.25,UNCLASSIFIED,SUR-53987
LR-17126,FRA-17126,5.9,FOREST,SUR-30139
LR-17127,FRA-17127,6.44,FOREST,SUR-58478
LR-17128,FRA-17128,2.48,FOREST,SUR-71057
LR-17129,FRA-17129,6.46,UNCLASSIFIED,SUR-13762
LR-17130,FRA-17130,5.76,REVENUE,SUR-96058
LR-17131,FRA-17131,1.61,FOREST,SUR-67625
LR-17132,FRA-17132,6.18,FOREST,SUR-93472
LR-17133,FRA-17133,1.07,COMMUNITY,SUR-77768
LR-17134,FRA-17134,2.04,UNCLASSIFIED,SUR-72906
LR-17135,FRA-17135,2.65,COMMUNITY,SUR-53707
LR-17136,FRA-17136,3.84,REVENUE,SUR-40415
LR-17137,FRA-17137,4.65,FOREST,SUR-28590
LR-17138,FRA-17138,2.13,FOREST,SUR-95916
LR-17139,FRA-17139,2.08,REVENUE,SUR-97616
LR-17140,FRA-17140,3.61,REVENUE,SUR-85569
LR-17141,FRA-17141,2.71,UNCLASSIFIED,SUR-35195
LR-17142,FRA-17142,4.23,REVENUE,SUR-98074
LR-17143,FRA-17143,2.49,COMMUNITY,SUR-99912
LR-17144,FRA-17144,1.15,REVENUE,SUR-53576
LR-17145,FRA-17145,5.81,COMMUNITY,SUR-94009
LR-17146,FRA-17146,7.16,COMMUNITY,SUR-13284
LR-17147,FRA-17147,5.44,FOREST,SUR-40798
LR-17148,FRA-17148,3.87,COMMUNITY,SUR-47000
LR-17149,FRA-17149,1.34,UNCLASSIFIED,SUR-97900
LR-17150,FRA-17150,2.43,FOREST,SUR-74120
LR-17151,FRA-17151,4.11,COMMUNITY,SUR-83601
LR-17152,FRA-17152,0.47,FOREST,SUR-98957
LR-17153,FRA-17153,0.56,REVENUE,SUR-70725
LR-17154,FRA-17154,7.67,COMMUNITY,SUR-54229
LR-17155,FRA-17155,4.97,COMMUNITY,SUR-37281
LR-17156,FRA-17156,5.85,REVENUE,SUR-80792
LR-17157,FRA-17157,3.67,UNCLASSIFIED,SUR-10673
LR-17158,FRA-17158,6.4,COMMUNITY,SUR-61663
LR-17159,FRA-17159,4.41,COMMUNITY,SUR-24881
LR-17160,FRA-17160,5.6,COMMUNITY,SUR-60963
LR-17161,FRA-17161,1.2,REVENUE,SUR-43094
LR-17162,FRA-17162,3.62,FOREST,SUR-50272
LR-17163,FRA-17163,6.24,UNCLASSIFIED,SUR-90957
LR-17164,FRA-17164,3.89,UNCLASSIFIED,SUR-22159
LR-17165,FRA-17165,5.04,COMMUNITY,SUR-73504
LR-17166,FRA-17166,2.53,FOREST,SUR-27453
LR-17167,FRA-17167,6.12,COMMUNITY,SUR-64333
LR-17168,FRA-17168,0.52,REVENUE,SUR-18237
LR-17169,FRA-17169,3.59,FOREST,SUR-66795
LR-17170,FRA-17170,6.16,COMMUNITY,SUR-26388
LR-17171,FRA-17171,2.74,COMMUNITY,SUR-13729
LR-17172,FRA-17172,2.23,COMMUNITY,SUR-60947
LR-17173,FRA-17173,7.21,UNCLASSIFIED,SUR-70279
LR-17174,FRA-17174,2.02,FOREST,SUR-29191
LR-17175,FRA-17175,5.9,UNCLASSIFIED,SUR-18467
LR-17176,FRA-17176,1.93,COMMUNITY,SUR-54484
LR-17177,FRA-17177,3.97,REVENUE,SUR-35238
LR-17178,FRA-17178,6.24,COMMUNITY,SUR-22410
LR-17179,FRA-17179,7.42,FOREST,SUR-48330
LR-17180,FRA-17180,3.64,COMMUNITY,SUR-86675
LR-17181,FRA-17181,2.61,COMMUNITY,SUR-80519
LR-17182,FRA-17182,3.74,UNCLASSIFIED,SUR-65376
LR-17183,FRA-17183,0.91,REVENUE,SUR-14803
LR-17184,FRA-17184,1.6,FOREST,SUR-53869
LR-17185,FRA-17185,0.62,COMMUNITY,SUR-78482
LR-17186,FRA-17186,2.46,FOREST,SUR-31359
LR-17187,FRA-17187,7.55,UNCLASSIFIED,SUR-96094
LR-17188,FRA-17188,5.1,FOREST,SUR-85331
LR-17189,FRA-17189,1.33,REVENUE,SUR-12715
LR-17190,FRA-17190,3.94,COMMUNITY,SUR-68569
LR-17191,FRA-17191,4.73,COMMUNITY,SUR-11475
LR-17192,FRA-17192,4.28,COMMUNITY,SUR-32459
LR-17193,FRA-17193,3.16,UNCLASSIFIED,SUR-62792
LR-17194,FRA-17194,0.61,UNCLASSIFIED,SUR-55102
LR-17195,FRA-17195,6.76,COMMUNITY,SUR-27835
LR-17196,FRA-17196,2.34,COMMUNITY,SUR-25221
LR-17197,FRA-17197,7.32,UNCLASSIFIED,SUR-12735
LR-17198,FRA-17198,2.32,UNCLASSIFIED,SUR-14698
LR-17199,FRA-17199,0.8,FOREST,SUR-65731
LR-17200,FRA-17200,6.37,UNCLASSIFIED,SUR-24992
LR-17201,FRA-17201,3.03,UNCLASSIFIED,SUR-15452
LR-17202,FRA-17202,1.59,FOREST,SUR-11440
LR-17203,FRA-17203,6.47,UNCLASSIFIED,SUR-23367
LR-17204,FRA-17204,5.69,FOREST,SUR-58132
LR-17205,FRA-17205,1.83,FOREST,SUR-38785
LR-17206,FRA-17206,6.82,COMMUNITY,SUR-89179
LR-17207,FRA-17207,5.25,REVENUE,SUR-60009
LR-17208,FRA-17208,3.05,REVENUE,SUR-77479
LR-17209,FRA-17209,1.28,FOREST,SUR-16413
LR-17210,FRA-17210,4.39,REVENUE,SUR-98186
LR-17211,FRA-17211,7.75,UNCLASSIFIED,SUR-35876
LR-17212,FRA-17212,0.55,REVENUE,SUR-93608
LR-17213,FRA-17213,5.0,FOREST,SUR-88905
LR-17214,FRA-17214,2.49,UNCLASSIFIED,SUR-35531
LR-17215,FRA-17215,4.3,COMMUNITY,SUR-35143
LR-17216,FRA-17216,6.94,UNCLASSIFIED,SUR-50645
LR-17217,FRA-17217,4.89,COMMUNITY,SUR-69545
LR-17218,FRA-17218,7.75,COMMUNITY,SUR-45598
LR-17219,FRA-17219,2.74,UNCLASSIFIED,SUR-73894
LR-17220,FRA-17220,6.35,UNCLASSIFIED,SUR-78703
LR-17221,FRA-17221,2.18,FOREST,SUR-19420
LR-17222,FRA-17222,1.74,COMMUNITY,SUR-45701
LR-17223,FRA-17223,2.13,REVENUE,SUR-85436
LR-17224,FRA-17224,4.35,REVENUE,SUR-37033
LR-17225,FRA-17225,3.88,UNCLASSIFIED,SUR-84024
LR-17226,FRA-17226,2.31,UNCLASSIFIED,SUR-88546
LR-17227,FRA-17227,2.79,REVENUE,SUR-92508
LR-17228,FRA-17228,2.29,UNCLASSIFIED,SUR-68591
LR-17229,FRA-17229,6.5,REVENUE,SUR-94531
LR-17230,FRA-17230,1.61,REVENUE,SUR-28977
LR-17231,FRA-17231,2.84,REVENUE,SUR-65369
LR-17232,FRA-17232,3.14,FOREST,SUR-63663
LR-17233,FRA-17233,5.71,COMMUNITY,SUR-78054
LR-17234,FRA-17234,4.85,REVENUE,SUR-16603
LR-17235,FRA-17235,1.4,FOREST,SUR-72398
LR-17236,FRA-17236,4.37,FOREST,SUR-82365
LR-17237,FRA-17237,6.64,REVENUE,SUR-59135
LR-17238,FRA-17238,0.54,REVENUE,SUR-24342
LR-17239,FRA-17239,5.6,FOREST,SUR-44485
LR-17240,FRA-17240,3.56,COMMUNITY,SUR-59385
LR-17241,FRA-17241,2.37,REVENUE,SUR-63591
LR-17242,FRA-17242,4.35,FOREST,SUR-51971
LR-17243,FRA-17243,5.44,COMMUNITY,SUR-76061
LR-17244,FRA-17244,2.28,FOREST,SUR-83158
LR-17245,FRA-17245,7.73,UNCLASSIFIED,SUR-75155
LR-17246,FRA-17246,6.5,COMMUNITY,SUR-99324
LR-17247,FRA-17247,6.33,FOREST,SUR-98735
LR-17248,FRA-17248,7.98,FOREST,SUR-38165
LR-17249,FRA-17249,1.14,COMMUNITY,SUR-70412
LR-17250,FRA-17250,7.42,COMMUNITY,SUR-21149
LR-17251,FRA-17251,1.18,UNCLASSIFIED,SUR-67408
LR-17252,FRA-17252,5.44,UNCLASSIFIED,SUR-71294
LR-17253,FRA-17253,3.6,FOREST,SUR-64497
LR-17254,FRA-17254,2.88,COMMUNITY,SUR-87165
LR-17255,FRA-17255,4.83,UNCLASSIFIED,SUR-65561
LR-17256,FRA-17256,1.17,FOREST,SUR-30359
LR-17257,FRA-17257,3.89,UNCLASSIFIED,SUR-29633
LR-17258,FRA-17258,3.95,COMMUNITY,SUR-39439
LR-17259,FRA-17259,1.89,UNCLASSIFIED,SUR-18923
LR-17260,FRA-17260,3.77,REVENUE,SUR-48991
LR-17261,FRA-17261,5.05,FOREST,SUR-78285
LR-17262,FRA-17262,1.73,UNCLASSIFIED,SUR-36712
LR-17263,FRA-17263,0.64,COMMUNITY,SUR-50302
LR-17264,FRA-17264,0.77,FOREST,SUR-43950
LR-17265,FRA-17265,2.63,COMMUNITY,SUR-38456
LR-17266,FRA-17266,2.78,UNCLASSIFIED,SUR-44715
LR-17267,FRA-17267,3.47,REVENUE,SUR-68450
LR-17268,FRA-17268,7.98,UNCLASSIFIED,SUR-99132
LR-17269,FRA-17269,3.4,REVENUE,SUR-42819
LR-17270,FRA-17270,1.62,FOREST,SUR-70337
LR-17271,FRA-17271,5.67,FOREST,SUR-19510
LR-17272,FRA-17272,0.96,UNCLASSIFIED,SUR-29604
LR-17273,FRA-17273,7.54,COMMUNITY,SUR-42743
LR-17274,FRA-17274,6.62,FOREST,SUR-13846
LR-17275,FRA-17275,3.02,FOREST,SUR-86685
LR-17276,FRA-17276,1.35,UNCLASSIFIED,SUR-83987
LR-17277,FRA-17277,2.12,UNCLASSIFIED,SUR-88719
LR-17278,FRA-17278,7.27,UNCLASSIFIED,SUR-86345
LR-17279,FRA-17279,1.11,COMMUNITY,SUR-34372
LR-17280,FRA-17280,1.02,FOREST,SUR-75298
LR-17281,FRA-17281,3.24,FOREST,SUR-70732
LR-17282,FRA-17282,6.26,UNCLASSIFIED,SUR-92416
LR-17283,FRA-17283,6.09,REVENUE,SUR-49993
LR-17284,FRA-17284,1.41,FOREST,SUR-55587
LR-17285,FRA-17285,4.33,COMMUNITY,SUR-24642
LR-17286,FRA-17286,5.93,REVENUE,SUR-29405
LR-17287,FRA-17287,3.42,COMMUNITY,SUR-16030
LR-17288,FRA-17288,2.5,UNCLASSIFIED,SUR-46579
LR-17289,FRA-17289,5.96,REVENUE,SUR-41552
LR-17290,FRA-17290,5.71,FOREST,SUR-49814
LR-17291,FRA-17291,3.11,FOREST,SUR-56336
LR-17292,FRA-17292,5.69,COMMUNITY,SUR-34392
LR-17293,FRA-17293,1.45,FOREST,SUR-77875
LR-17294,FRA-17294,6.57,FOREST,SUR-83797
LR-17295,FRA-17295,4.54,COMMUNITY,SUR-41359
LR-17296,FRA-17296,5.77,COMMUNITY,SUR-83315
LR-17297,FRA-17297,2.96,COMMUNITY,SUR-67892
LR-17298,FRA-17298,5.57,FOREST,SUR-89977
LR-17299,FRA-17299,4.08,COMMUNITY,SUR-74906
LR-17300,FRA-17300,7.83,UNCLASSIFIED,SUR-95609
LR-17301,FRA-17301,2.28,COMMUNITY,SUR-36203
LR-17302,FRA-17302,6.31,COMMUNITY,SUR-84511
LR-17303,FRA-17303,7.43,UNCLASSIFIED,SUR-30373
LR-17304,FRA-17304,7.07,REVENUE,SUR-89359
LR-17305,FRA-17305,4.3,UNCLASSIFIED,SUR-95225
LR-17306,FRA-17306,2.13,FOREST,SUR-47194
LR-17307,FRA-17307,2.15,UNCLASSIFIED,SUR-81262
LR-17308,FRA-17308,0.76,REVENUE,SUR-36441
LR-17309,FRA-17309,6.5,REVENUE,SUR-94160
LR-17310,FRA-17310,4.94,COMMUNITY,SUR-44017
LR-17311,FRA-17311,2.59,FOREST,SUR-98109
LR-17312,FRA-17312,4.12,UNCLASSIFIED,SUR-87312
LR-17313,FRA-17313,6.97,REVENUE,SUR-27321
LR-17314,FRA-17314,5.0,UNCLASSIFIED,SUR-77416
LR-17315,FRA-17315,5.82,REVENUE,SUR-67500
LR-17316,FRA-17316,4.37,COMMUNITY,SUR-78273
LR-17317,FRA-17317,6.46,REVENUE,SUR-51354
LR-17318,FRA-17318,3.96,UNCLASSIFIED,SUR-63762
LR-17319,FRA-17319,0.57,FOREST,SUR-13866
LR-17320,FRA-17320,5.17,REVENUE,SUR-94316
LR-17321,FRA-17321,1.83,UNCLASSIFIED,SUR-92199
LR-17322,FRA-17322,4.11,COMMUNITY,SUR-66891
LR-17323,FRA-17323,2.99,COMMUNITY,SUR-85608
LR-17324,FRA-17324,2.92,UNCLASSIFIED,SUR-53432
LR-17325,FRA-17325,8.12,COMMUNITY,SUR-10201
LR-17326,FRA-17326,5.94,REVENUE,SUR-81774
LR-17327,FRA-17327,2.94,FOREST,SUR-76632
LR-17328,FRA-17328,2.58,REVENUE,SUR-36831
LR-17329,FRA-17329,7.12,UNCLASSIFIED,SUR-82545
LR-17330,FRA-17330,4.57,UNCLASSIFIED,SUR-13640
LR-17331,FRA-17331,5.94,FOREST,SUR-70812
LR-17332,FRA-17332,4.73,REVENUE,SUR-22301
LR-17333,FRA-17333,7.65,FOREST,SUR-65257
LR-17334,FRA-17334,2.38,REVENUE,SUR-57321
LR-17335,FRA-17335,2.57,COMMUNITY,SUR-90782
LR-17336,FRA-17336,0.65,COMMUNITY,SUR-76681
LR-17337,FRA-17337,5.03,REVENUE,SUR-78777
LR-17338,FRA-17338,5.29,REVENUE,SUR-86438
LR-17339,FRA-17339,2.64,REVENUE,SUR-51320
LR-17340,FRA-17340,7.55,UNCLASSIFIED,SUR-79354
LR-17341,FRA-17341,0.67,UNCLASSIFIED,SUR-41289
LR-17342,FRA-17342,2.01,UNCLASSIFIED,SUR-70668
LR-17343,FRA-17343,4.65,REVENUE,SUR-48212
LR-17344,FRA-17344,2.39,UNCLASSIFIED,SUR-34283
LR-17345,FRA-17345,7.45,FOREST,SUR-11904
LR-17346,FRA-17346,5.19,REVENUE,SUR-35482
LR-17347,FRA-17347,3.64,REVENUE,SUR-52127
LR-17348,FRA-17348,5.82,REVENUE,SUR-90526
LR-17349,FRA-17349,8.1,REVENUE,SUR-81710
LR-17350,FRA-17350,2.43,REVENUE,SUR-77803
LR-17351,FRA-17351,1.35,FOREST,SUR-83904
LR-17352,FRA-17352,1.21,REVENUE,SUR-87330
LR-17353,FRA-17353,7.24,COMMUNITY,SUR-82494
LR-17354,FRA-17354,1.77,UNCLASSIFIED,SUR-42449
LR-17355,FRA-17355,3.62,COMMUNITY,SUR-42002
LR-17356,FRA-17356,3.06,REVENUE,SUR-73590
LR-17357,FRA-17357,2.95,FOREST,SUR-40992
LR-17358,FRA-17358,4.88,COMMUNITY,SUR-68065
LR-17359,FRA-17359,6.67,COMMUNITY,SUR-16845
LR-17360,FRA-17360,2.18,FOREST,SUR-78148
LR-17361,FRA-17361,3.03,UNCLASSIFIED,SUR-95725
LR-17362,FRA-17362,1.34,COMMUNITY,SUR-31501
LR-17363,FRA-17363,2.1,REVENUE,SUR-60320
LR-17364,FRA-17364,0.82,UNCLASSIFIED,SUR-34707
LR-17365,FRA-17365,4.9,UNCLASSIFIED,SUR-83985
LR-17366,FRA-17366,1.39,UNCLASSIFIED,SUR-44517
LR-17367,FRA-17367,2.9,UNCLASSIFIED,SUR-49367
LR-17368,FRA-17368,2.03,FOREST,SUR-41283
LR-17369,FRA-17369,1.65,FOREST,SUR-65930
LR-17370,FRA-17370,6.09,REVENUE,SUR-93972
LR-17371,FRA-17371,6.2,UNCLASSIFIED,SUR-44253
LR-17372,FRA-17372,0.59,COMMUNITY,SUR-78503
LR-17373,FRA-17373,7.27,UNCLASSIFIED,SUR-61481
LR-17374,FRA-17374,1.98,REVENUE,SUR-52078
LR-17375,FRA-17375,1.33,REVENUE,SUR-98766
LR-17376,FRA-17376,6.59,COMMUNITY,SUR-15445
LR-17377,FRA-17377,4.44,UNCLASSIFIED,SUR-45526
LR-17378,FRA-17378,7.55,REVENUE,SUR-95427
LR-17379,FRA-17379,6.06,COMMUNITY,SUR-62504
LR-17380,FRA-17380,1.76,FOREST,SUR-59343
LR-17381,FRA-17381,6.43,COMMUNITY,SUR-85655
LR-17382,FRA-17382,2.97,FOREST,SUR-35436
LR-17383,FRA-17383,7.32,REVENUE,SUR-37584
LR-17384,FRA-17384,7.28,COMMUNITY,SUR-88918
LR-17385,FRA-17385,6.76,COMMUNITY,SUR-31573
LR-17386,FRA-17386,2.43,COMMUNITY,SUR-23384
LR-17387,FRA-17387,3.59,COMMUNITY,SUR-31374
LR-17388,FRA-17388,3.41,COMMUNITY,SUR-79079
LR-17389,FRA-17389,4.32,FOREST,SUR-49611
LR-17390,FRA-17390,7.91,REVENUE,SUR-63573
LR-17391,FRA-17391,0.53,COMMUNITY,SUR-16181
LR-17392,FRA-17392,7.37,REVENUE,SUR-61324
LR-17393,FRA-17393,0.85,UNCLASSIFIED,SUR-63588
LR-17394,FRA-17394,7.39,COMMUNITY,SUR-40171
LR-17395,FRA-17395,5.15,REVENUE,SUR-17417
LR-17396,FRA-17396,3.97,UNCLASSIFIED,SUR-87697
LR-17397,FRA-17397,3.5,FOREST,SUR-98721
LR-17398,FRA-17398,3.47,FOREST,SUR-31976
LR-17399,FRA-17399,1.65,UNCLASSIFIED,SUR-97935
LR-17400,FRA-17400,3.46,COMMUNITY,SUR-20055
LR-17401,FRA-17401,3.83,FOREST,SUR-91146
LR-17402,FRA-17402,4.06,FOREST,SUR-48378
LR-17403,FRA-17403,5.4,COMMUNITY,SUR-87923
LR-17404,FRA-17404,3.03,FOREST,SUR-63334
LR-17405,FRA-17405,1.99,REVENUE,SUR-18140
LR-17406,FRA-17406,3.11,COMMUNITY,SUR-81041
LR-17407,FRA-17407,0.62,FOREST,SUR-37378
LR-17408,FRA-17408,7.13,REVENUE,SUR-26470
LR-17409,FRA-17409,4.08,UNCLASSIFIED,SUR-92549
LR-17410,FRA-17410,5.43,REVENUE,SUR-60110
LR-17411,FRA-17411,4.75,UNCLASSIFIED,SUR-13806
LR-17412,FRA-17412,7.23,COMMUNITY,SUR-86855
LR-17413,FRA-17413,5.1,REVENUE,SUR-55348
LR-17414,FRA-17414,1.17,COMMUNITY,SUR-38325
LR-17415,FRA-17415,3.89,REVENUE,SUR-96205
LR-17416,FRA-17416,4.61,FOREST,SUR-53234
LR-17417,FRA-17417,2.62,REVENUE,SUR-53898
LR-17418,FRA-17418,7.16,COMMUNITY,SUR-83226
LR-17419,FRA-17419,5.42,UNCLASSIFIED,SUR-39251
LR-17420,FRA-17420,3.73,REVENUE,SUR-92363
LR-17421,FRA-17421,2.05,UNCLASSIFIED,SUR-15271
LR-17422,FRA-17422,5.74,UNCLASSIFIED,SUR-85881
LR-17423,FRA-17423,5.09,REVENUE,SUR-77143
LR-17424,FRA-17424,1.39,REVENUE,SUR-30821
LR-17425,FRA-17425,2.25,COMMUNITY,SUR-12934
LR-17426,FRA-17426,2.58,FOREST,SUR-12399
LR-17427,FRA-17427,1.97,UNCLASSIFIED,SUR-83387
LR-17428,FRA-17428,3.36,FOREST,SUR-22386
LR-17429,FRA-17429,1.13,REVENUE,SUR-66470
LR-17430,FRA-17430,1.71,COMMUNITY,SUR-85154
LR-17431,FRA-17431,2.62,REVENUE,SUR-65333
LR-17432,FRA-17432,5.6,FOREST,SUR-25603
LR-17433,FRA-17433,3.14,REVENUE,SUR-52812
LR-17434,FRA-17434,6.06,FOREST,SUR-78026
LR-17435,FRA-17435,5.41,FOREST,SUR-55529
LR-17436,FRA-17436,8.18,REVENUE,SUR-65767
LR-17437,FRA-17437,3.5,REVENUE,SUR-52183
LR-17438,FRA-17438,2.36,FOREST,SUR-96497
LR-17439,FRA-17439,4.08,FOREST,SUR-97983
LR-17440,FRA-17440,5.77,COMMUNITY,SUR-51498
LR-17441,FRA-17441,1.43,FOREST,SUR-31992
LR-17442,FRA-17442,5.97,COMMUNITY,SUR-94447
LR-17443,FRA-17443,5.97,FOREST,SUR-16771
LR-17444,FRA-17444,2.69,COMMUNITY,SUR-63111
LR-17445,FRA-17445,0.67,UNCLASSIFIED,SUR-69720
LR-17446,FRA-17446,5.91,UNCLASSIFIED,SUR-63208
LR-17447,FRA-17447,6.02,REVENUE,SUR-34384
LR-17448,FRA-17448,7.2,UNCLASSIFIED,SUR-10654
LR-17449,FRA-17449,7.98,COMMUNITY,SUR-60196
LR-17450,FRA-17450,3.4,COMMUNITY,SUR-79862
LR-17451,FRA-17451,7.01,FOREST,SUR-57212
LR-17452,FRA-17452,6.9,REVENUE,SUR-85474
LR-17453,FRA-17453,1.84,COMMUNITY,SUR-14909
LR-17454,FRA-17454,5.43,COMMUNITY,SUR-12811
LR-17455,FRA-17455,5.96,UNCLASSIFIED,SUR-27152
LR-17456,FRA-17456,6.09,FOREST,SUR-20801
LR-17457,FRA-17457,4.24,COMMUNITY,SUR-65507
LR-17458,FRA-17458,5.86,REVENUE,SUR-46129
LR-17459,FRA-17459,6.4,FOREST,SUR-32683
LR-17460,FRA-17460,4.77,UNCLASSIFIED,SUR-93697
LR-17461,FRA-17461,1.22,COMMUNITY,SUR-77020
LR-17462,FRA-17462,2.72,UNCLASSIFIED,SUR-68401
LR-17463,FRA-17463,4.07,COMMUNITY,SUR-56497
LR-17464,FRA-17464,7.76,COMMUNITY,SUR-61596
LR-17465,FRA-17465,2.44,REVENUE,SUR-39086
LR-17466,FRA-17466,1.75,FOREST,SUR-61772
LR-17467,FRA-17467,5.77,FOREST,SUR-62732
LR-17468,FRA-17468,5.36,UNCLASSIFIED,SUR-15519
LR-17469,FRA-17469,3.31,REVENUE,SUR-17637
LR-17470,FRA-17470,7.72,REVENUE,SUR-97269
LR-17471,FRA-17471,1.21,REVENUE,SUR-59862
LR-17472,FRA-17472,1.41,REVENUE,SUR-80610
LR-17473,FRA-17473,1.67,REVENUE,SUR-93029
LR-17474,FRA-17474,0.88,UNCLASSIFIED,SUR-25562
LR-17475,FRA-17475,1.87,FOREST,SUR-50578
LR-17476,FRA-17476,5.26,UNCLASSIFIED,SUR-23238
LR-17477,FRA-17477,4.17,COMMUNITY,SUR-95188
LR-17478,FRA-17478,1.7,UNCLASSIFIED,SUR-19373
LR-17479,FRA-17479,5.2,UNCLASSIFIED,SUR-70909
LR-17480,FRA-17480,4.65,FOREST,SUR-26076
LR-17481,FRA-17481,3.84,REVENUE,SUR-45916
LR-17482,FRA-17482,3.5,REVENUE,SUR-24936
LR-17483,FRA-17483,7.48,FOREST,SUR-73120
LR-17484,FRA-17484,2.19,REVENUE,SUR-81986
LR-17485,FRA-17485,1.74,REVENUE,SUR-32369
LR-17486,FRA-17486,0.53,COMMUNITY,SUR-79290
LR-17487,FRA-17487,3.08,FOREST,SUR-38009
LR-17488,FRA-17488,3.09,COMMUNITY,SUR-34385
LR-17489,FRA-17489,2.27,REVENUE,SUR-76712
LR-17490,FRA-17490,6.92,COMMUNITY,SUR-71385
LR-17491,FRA-17491,1.23,FOREST,SUR-80212
LR-17492,FRA-17492,2.82,UNCLASSIFIED,SUR-59776
LR-17493,FRA-17493,1.87,REVENUE,SUR-74827
LR-17494,FRA-17494,1.43,COMMUNITY,SUR-18984
LR-17495,FRA-17495,4.56,COMMUNITY,SUR-27984
LR-17496,FRA-17496,1.52,FOREST,SUR-47411
LR-17497,FRA-17497,2.52,REVENUE,SUR-23839
LR-17498,FRA-17498,1.97,COMMUNITY,SUR-43935
LR-17499,FRA-17499,7.79,REVENUE,SUR-77044
LR-17500,FRA-17500,4.05,FOREST,SUR-98254
LR-17501,FRA-17501,4.51,COMMUNITY,SUR-45207
LR-17502,FRA-17502,3.04,UNCLASSIFIED,SUR-84316
LR-17503,FRA-17503,6.25,REVENUE,SUR-34951
LR-17504,FRA-17504,8.02,COMMUNITY,SUR-79965
LR-17505,FRA-17505,3.87,COMMUNITY,SUR-77962
LR-17506,FRA-17506,4.82,FOREST,SUR-41278
LR-17507,FRA-17507,6.06,UNCLASSIFIED,SUR-59083
LR-17508,FRA-17508,2.14,UNCLASSIFIED,SUR-25384
LR-17509,FRA-17509,2.11,FOREST,SUR-94523
LR-17510,FRA-17510,5.68,COMMUNITY,SUR-69697
LR-17511,FRA-17511,2.32,FOREST,SUR-12368
LR-17512,FRA-17512,1.48,COMMUNITY,SUR-96608
LR-17513,FRA-17513,4.51,REVENUE,SUR-58346
LR-17514,FRA-17514,5.77,REVENUE,SUR-10228
LR-17515,FRA-17515,1.64,UNCLASSIFIED,SUR-98321
LR-17516,FRA-17516,0.54,REVENUE,SUR-84481
LR-17517,FRA-17517,5.96,COMMUNITY,SUR-82008
LR-17518,FRA-17518,0.8,UNCLASSIFIED,SUR-92514
LR-17519,FRA-17519,1.64,FOREST,SUR-42446
LR-17520,FRA-17520,0.67,COMMUNITY,SUR-65150
LR-17521,FRA-17521,4.47,REVENUE,SUR-35715
LR-17522,FRA-17522,2.41,REVENUE,SUR-48734
LR-17523,FRA-17523,1.47,REVENUE,SUR-61312
LR-17524,FRA-17524,1.3,FOREST,SUR-34532
LR-17525,FRA-17525,4.18,UNCLASSIFIED,SUR-72861
LR-17526,FRA-17526,3.29,FOREST,SUR-12578
LR-17527,FRA-17527,1.64,FOREST,SUR-14500
LR-17528,FRA-17528,6.93,REVENUE,SUR-46436
LR-17529,FRA-17529,4.23,FOREST,SUR-56691
LR-17530,FRA-17530,6.02,UNCLASSIFIED,SUR-17197
LR-17531,FRA-17531,1.59,REVENUE,SUR-87648
LR-17532,FRA-17532,3.14,UNCLASSIFIED,SUR-29309
LR-17533,FRA-17533,5.06,FOREST,SUR-32130
LR-17534,FRA-17534,2.51,FOREST,SUR-25427
LR-17535,FRA-17535,3.41,FOREST,SUR-58445
LR-17536,FRA-17536,1.13,FOREST,SUR-65744
LR-17537,FRA-17537,1.73,REVENUE,SUR-40088
LR-17538,FRA-17538,5.27,REVENUE,SUR-23315
LR-17539,FRA-17539,7.08,REVENUE,SUR-86840
LR-17540,FRA-17540,4.74,REVENUE,SUR-33968
LR-17541,FRA-17541,4.93,COMMUNITY,SUR-79367
LR-17542,FRA-17542,2.34,COMMUNITY,SUR-16388
LR-17543,FRA-17543,5.64,REVENUE,SUR-18137
LR-17544,FRA-17544,5.71,FOREST,SUR-92861
LR-17545,FRA-17545,0.97,COMMUNITY,SUR-94266
LR-17546,FRA-17546,1.62,COMMUNITY,SUR-76870
LR-17547,FRA-17547,6.22,REVENUE,SUR-24546
LR-17548,FRA-17548,2.79,UNCLASSIFIED,SUR-72028
LR-17549,FRA-17549,4.13,COMMUNITY,SUR-51732
LR-17550,FRA-17550,1.19,COMMUNITY,SUR-69310
LR-17551,FRA-17551,4.04,COMMUNITY,SUR-51578
LR-17552,FRA-17552,6.19,FOREST,SUR-59862
LR-17553,FRA-17553,2.44,REVENUE,SUR-10945
LR-17554,FRA-17554,6.14,COMMUNITY,SUR-10266
LR-17555,FRA-17555,6.84,UNCLASSIFIED,SUR-84207
LR-17556,FRA-17556,2.82,FOREST,SUR-99857
LR-17557,FRA-17557,8.02,REVENUE,SUR-52046
LR-17558,FRA-17558,3.63,REVENUE,SUR-32794
LR-17559,FRA-17559,7.71,REVENUE,SUR-36180
LR-17560,FRA-17560,2.32,UNCLASSIFIED,SUR-19366
LR-17561,FRA-17561,7.9,FOREST,SUR-18807
LR-17562,FRA-17562,2.61,COMMUNITY,SUR-13906
LR-17563,FRA-17563,3.77,COMMUNITY,SUR-99830
LR-17564,FRA-17564,2.44,UNCLASSIFIED,SUR-71935
LR-17565,FRA-17565,5.12,UNCLASSIFIED,SUR-48618
LR-17566,FRA-17566,2.33,UNCLASSIFIED,SUR-38657
LR-17567,FRA-17567,4.72,UNCLASSIFIED,SUR-89126
LR-17568,FRA-17568,4.01,COMMUNITY,SUR-86284
LR-17569,FRA-17569,3.29,UNCLASSIFIED,SUR-32791
LR-17570,FRA-17570,8.21,COMMUNITY,SUR-37378
LR-17571,FRA-17571,6.35,FOREST,SUR-95785
LR-17572,FRA-17572,3.67,REVENUE,SUR-89201
LR-17573,FRA-17573,5.15,FOREST,SUR-20169
LR-17574,FRA-17574,1.47,FOREST,SUR-58231
LR-17575,FRA-17575,5.51,UNCLASSIFIED,SUR-86878
LR-17576,FRA-17576,0.69,UNCLASSIFIED,SUR-51045
LR-17577,FRA-17577,4.17,UNCLASSIFIED,SUR-90810
LR-17578,FRA-17578,3.84,COMMUNITY,SUR-73551
LR-17579,FRA-17579,0.59,FOREST,SUR-26024
LR-17580,FRA-17580,7.34,UNCLASSIFIED,SUR-19683
LR-17581,FRA-17581,0.9,COMMUNITY,SUR-20843
LR-17582,FRA-17582,6.29,COMMUNITY,SUR-68837
LR-17583,FRA-17583,5.29,COMMUNITY,SUR-21457
LR-17584,FRA-17584,0.81,FOREST,SUR-76430
LR-17585,FRA-17585,2.98,UNCLASSIFIED,SUR-93781
LR-17586,FRA-17586,2.21,REVENUE,SUR-24893
LR-17587,FRA-17587,0.86,UNCLASSIFIED,SUR-34641
LR-17588,FRA-17588,2.65,COMMUNITY,SUR-47895
LR-17589,FRA-17589,6.35,UNCLASSIFIED,SUR-34891
LR-17590,FRA-17590,0.85,UNCLASSIFIED,SUR-78489
LR-17591,FRA-17591,1.82,COMMUNITY,SUR-78721
LR-17592,FRA-17592,6.48,FOREST,SUR-82447
LR-17593,FRA-17593,1.21,COMMUNITY,SUR-62113
LR-17594,FRA-17594,2.86,FOREST,SUR-19721
LR-17595,FRA-17595,3.25,REVENUE,SUR-94569
LR-17596,FRA-17596,1.76,COMMUNITY,SUR-37011
LR-17597,FRA-17597,5.55,UNCLASSIFIED,SUR-96175
LR-17598,FRA-17598,7.14,UNCLASSIFIED,SUR-72447
LR-17599,FRA-17599,6.79,FOREST,SUR-62163
LR-17600,FRA-17600,3.51,UNCLASSIFIED,SUR-28775
LR-17601,FRA-17601,6.02,FOREST,SUR-44009
LR-17602,FRA-17602,1.42,UNCLASSIFIED,SUR-86323
LR-17603,FRA-17603,7.04,REVENUE,SUR-64773
LR-17604,FRA-17604,1.15,REVENUE,SUR-69043
LR-17605,FRA-17605,5.43,COMMUNITY,SUR-92792
LR-17606,FRA-17606,3.58,REVENUE,SUR-58764
LR-17607,FRA-17607,6.45,REVENUE,SUR-39791
LR-17608,FRA-17608,3.72,REVENUE,SUR-21136
LR-17609,FRA-17609,2.24,FOREST,SUR-54159
LR-17610,FRA-17610,4.48,UNCLASSIFIED,SUR-34407
LR-17611,FRA-17611,5.79,UNCLASSIFIED,SUR-26009
LR-17612,FRA-17612,1.13,FOREST,SUR-85400
LR-17613,FRA-17613,7.23,COMMUNITY,SUR-56685
LR-17614,FRA-17614,3.43,FOREST,SUR-90908
LR-17615,FRA-17615,2.15,UNCLASSIFIED,SUR-80476
LR-17616,FRA-17616,3.73,FOREST,SUR-65573
LR-17617,FRA-17617,2.55,REVENUE,SUR-98382
LR-17618,FRA-17618,6.65,UNCLASSIFIED,SUR-89687
LR-17619,FRA-17619,0.94,COMMUNITY,SUR-14081
LR-17620,FRA-17620,2.99,FOREST,SUR-44298
LR-17621,FRA-17621,1.97,UNCLASSIFIED,SUR-69954
LR-17622,FRA-17622,3.74,UNCLASSIFIED,SUR-49643
LR-17623,FRA-17623,3.95,FOREST,SUR-70908
LR-17624,FRA-17624,0.61,FOREST,SUR-94170
LR-17625,FRA-17625,5.57,COMMUNITY,SUR-73878
LR-17626,FRA-17626,4.97,REVENUE,SUR-79310
LR-17627,FRA-17627,1.84,COMMUNITY,SUR-22510
LR-17628,FRA-17628,5.26,REVENUE,SUR-46837
LR-17629,FRA-17629,5.53,REVENUE,SUR-60691
LR-17630,FRA-17630,2.42,REVENUE,SUR-70590
LR-17631,FRA-17631,4.25,FOREST,SUR-25088
LR-17632,FRA-17632,3.55,REVENUE,SUR-16054
LR-17633,FRA-17633,6.29,REVENUE,SUR-50387
LR-17634,FRA-17634,4.85,UNCLASSIFIED,SUR-72013
LR-17635,FRA-17635,5.85,FOREST,SUR-85061
LR-17636,FRA-17636,1.37,COMMUNITY,SUR-64939
LR-17637,FRA-17637,5.5,UNCLASSIFIED,SUR-74298
LR-17638,FRA-17638,5.24,FOREST,SUR-82790
LR-17639,FRA-17639,4.69,FOREST,SUR-50835
LR-17640,FRA-17640,7.33,UNCLASSIFIED,SUR-68785
LR-17641,FRA-17641,2.45,COMMUNITY,SUR-67293
LR-17642,FRA-17642,2.56,FOREST,SUR-72984
LR-17643,FRA-17643,1.83,REVENUE,SUR-32379
LR-17644,FRA-17644,5.17,FOREST,SUR-19928
LR-17645,FRA-17645,4.29,REVENUE,SUR-56620
LR-17646,FRA-17646,1.09,UNCLASSIFIED,SUR-83075
LR-17647,FRA-17647,5.64,UNCLASSIFIED,SUR-42880
LR-17648,FRA-17648,3.82,COMMUNITY,SUR-59925
LR-17649,FRA-17649,6.9,FOREST,SUR-34834
LR-17650,FRA-17650,5.25,COMMUNITY,SUR-60930
LR-17651,FRA-17651,5.24,UNCLASSIFIED,SUR-37770
LR-17652,FRA-17652,1.82,COMMUNITY,SUR-28441
LR-17653,FRA-17653,6.25,FOREST,SUR-67057
LR-17654,FRA-17654,1.46,REVENUE,SUR-16212
LR-17655,FRA-17655,0.67,FOREST,SUR-55455
LR-17656,FRA-17656,6.65,COMMUNITY,SUR-92735
LR-17657,FRA-17657,7.74,UNCLASSIFIED,SUR-60188
LR-17658,FRA-17658,6.51,REVENUE,SUR-79736
LR-17659,FRA-17659,2.98,FOREST,SUR-53145
LR-17660,FRA-17660,0.91,FOREST,SUR-48139
LR-17661,FRA-17661,0.46,REVENUE,SUR-70664
LR-17662,FRA-17662,4.13,FOREST,SUR-48851
LR-17663,FRA-17663,3.22,COMMUNITY,SUR-95563
LR-17664,FRA-17664,0.92,FOREST,SUR-21118
LR-17665,FRA-17665,1.63,UNCLASSIFIED,SUR-30971
LR-17666,FRA-17666,4.57,REVENUE,SUR-64492
LR-17667,FRA-17667,3.53,FOREST,SUR-76836
LR-17668,FRA-17668,1.17,COMMUNITY,SUR-42803
LR-17669,FRA-17669,1.56,FOREST,SUR-62216
LR-17670,FRA-17670,7.0,COMMUNITY,SUR-55041
LR-17671,FRA-17671,1.12,FOREST,SUR-69186
LR-17672,FRA-17672,3.17,FOREST,SUR-22528
LR-17673,FRA-17673,3.14,COMMUNITY,SUR-67607
LR-17674,FRA-17674,2.84,FOREST,SUR-79566
LR-17675,FRA-17675,5.08,REVENUE,SUR-62758
LR-17676,FRA-17676,1.5,COMMUNITY,SUR-66666
LR-17677,FRA-17677,1.95,COMMUNITY,SUR-29376
LR-17678,FRA-17678,2.56,FOREST,SUR-67117
LR-17679,FRA-17679,1.88,UNCLASSIFIED,SUR-44259
LR-17680,FRA-17680,6.58,COMMUNITY,SUR-63023
LR-17681,FRA-17681,2.67,FOREST,SUR-20516
LR-17682,FRA-17682,0.58,FOREST,SUR-72407
LR-17683,FRA-17683,3.13,FOREST,SUR-93567
LR-17684,FRA-17684,1.72,COMMUNITY,SUR-21389
LR-17685,FRA-17685,6.73,UNCLASSIFIED,SUR-45829
LR-17686,FRA-17686,0.74,UNCLASSIFIED,SUR-51600
LR-17687,FRA-17687,3.51,COMMUNITY,SUR-27437
LR-17688,FRA-17688,4.35,FOREST,SUR-75282
LR-17689,FRA-17689,1.81,REVENUE,SUR-14352
LR-17690,FRA-17690,2.04,REVENUE,SUR-46991
LR-17691,FRA-17691,6.59,FOREST,SUR-31895
LR-17692,FRA-17692,2.66,FOREST,SUR-77998
LR-17693,FRA-17693,7.8,FOREST,SUR-32842
LR-17694,FRA-17694,5.82,COMMUNITY,SUR-46974
LR-17695,FRA-17695,5.25,FOREST,SUR-12975
LR-17696,FRA-17696,4.6,FOREST,SUR-49853
LR-17697,FRA-17697,6.63,UNCLASSIFIED,SUR-79919
LR-17698,FRA-17698,3.34,REVENUE,SUR-85999
LR-17699,FRA-17699,3.58,UNCLASSIFIED,SUR-86554
LR-17700,FRA-17700,2.59,REVENUE,SUR-42662
LR-17701,FRA-17701,4.35,UNCLASSIFIED,SUR-80413
LR-17702,FRA-17702,6.38,UNCLASSIFIED,SUR-83106
LR-17703,FRA-17703,2.43,COMMUNITY,SUR-49572
LR-17704,FRA-17704,5.22,UNCLASSIFIED,SUR-83781
LR-17705,FRA-17705,7.38,COMMUNITY,SUR-85640
LR-17706,FRA-17706,7.64,UNCLASSIFIED,SUR-74666
LR-17707,FRA-17707,2.11,REVENUE,SUR-41442
LR-17708,FRA-17708,3.5,REVENUE,SUR-82412
LR-17709,FRA-17709,5.48,UNCLASSIFIED,SUR-15098
LR-17710,FRA-17710,2.4,UNCLASSIFIED,SUR-54740
LR-17711,FRA-17711,5.0,COMMUNITY,SUR-65134
LR-17712,FRA-17712,3.57,FOREST,SUR-44135
LR-17713,FRA-17713,1.71,REVENUE,SUR-28850
LR-17714,FRA-17714,1.19,COMMUNITY,SUR-98717
LR-17715,FRA-17715,3.27,COMMUNITY,SUR-63142
LR-17716,FRA-17716,7.07,COMMUNITY,SUR-10700
LR-17717,FRA-17717,3.32,COMMUNITY,SUR-36336
LR-17718,FRA-17718,6.75,COMMUNITY,SUR-11678
LR-17719,FRA-17719,6.54,REVENUE,SUR-79947
LR-17720,FRA-17720,3.53,UNCLASSIFIED,SUR-84305
LR-17721,FRA-17721,6.33,UNCLASSIFIED,SUR-89694
LR-17722,FRA-17722,7.3,COMMUNITY,SUR-42788
LR-17723,FRA-17723,4.24,REVENUE,SUR-81508
LR-17724,FRA-17724,3.86,FOREST,SUR-61424
LR-17725,FRA-17725,5.23,FOREST,SUR-32853
LR-17726,FRA-17726,1.88,UNCLASSIFIED,SUR-17419
LR-17727,FRA-17727,7.58,FOREST,SUR-62333
LR-17728,FRA-17728,4.78,FOREST,SUR-40207
LR-17729,FRA-17729,1.88,REVENUE,SUR-51315
LR-17730,FRA-17730,4.24,REVENUE,SUR-66955
LR-17731,FRA-17731,0.91,UNCLASSIFIED,SUR-89307
LR-17732,FRA-17732,2.95,COMMUNITY,SUR-47756
LR-17733,FRA-17733,4.96,COMMUNITY,SUR-93678
LR-17734,FRA-17734,3.28,UNCLASSIFIED,SUR-58414
LR-17735,FRA-17735,3.53,UNCLASSIFIED,SUR-81756
LR-17736,FRA-17736,5.02,COMMUNITY,SUR-94957
LR-17737,FRA-17737,1.07,UNCLASSIFIED,SUR-31646
LR-17738,FRA-17738,6.55,COMMUNITY,SUR-20156
LR-17739,FRA-17739,4.42,REVENUE,SUR-95215
LR-17740,FRA-17740,5.24,FOREST,SUR-96923
LR-17741,FRA-17741,6.61,REVENUE,SUR-37489
LR-17742,FRA-17742,4.23,UNCLASSIFIED,SUR-81364
LR-17743,FRA-17743,1.2,REVENUE,SUR-63970
LR-17744,FRA-17744,3.42,FOREST,SUR-70433
LR-17745,FRA-17745,0.99,UNCLASSIFIED,SUR-23208
LR-17746,FRA-17746,1.06,REVENUE,SUR-47965
LR-17747,FRA-17747,4.28,FOREST,SUR-61600
LR-17748,FRA-17748,2.62,REVENUE,SUR-33650
LR-17749,FRA-17749,0.69,UNCLASSIFIED,SUR-33446
LR-17750,FRA-17750,4.06,COMMUNITY,SUR-22182
LR-17751,FRA-17751,3.55,UNCLASSIFIED,SUR-21711
LR-17752,FRA-17752,5.05,COMMUNITY,SUR-37846
LR-17753,FRA-17753,2.45,REVENUE,SUR-55016
LR-17754,FRA-17754,6.05,REVENUE,SUR-37637
LR-17755,FRA-17755,3.47,REVENUE,SUR-88335
LR-17756,FRA-17756,5.72,UNCLASSIFIED,SUR-40429
LR-17757,FRA-17757,6.56,UNCLASSIFIED,SUR-62191
LR-17758,FRA-17758,7.0,FOREST,SUR-47160
LR-17759,FRA-17759,2.98,COMMUNITY,SUR-98465
LR-17760,FRA-17760,3.02,COMMUNITY,SUR-22728
LR-17761,FRA-17761,3.33,REVENUE,SUR-85198
LR-17762,FRA-17762,1.16,COMMUNITY,SUR-29375
LR-17763,FRA-17763,3.11,COMMUNITY,SUR-33401
LR-17764,FRA-17764,3.34,FOREST,SUR-53646
LR-17765,FRA-17765,2.71,REVENUE,SUR-92441
LR-17766,FRA-17766,0.92,REVENUE,SUR-68488
LR-17767,FRA-17767,3.58,REVENUE,SUR-55482
LR-17768,FRA-17768,1.58,FOREST,SUR-41332
LR-17769,FRA-17769,1.69,UNCLASSIFIED,SUR-79091
LR-17770,FRA-17770,5.03,UNCLASSIFIED,SUR-86110
LR-17771,FRA-17771,6.81,REVENUE,SUR-79532
LR-17772,FRA-17772,7.06,COMMUNITY,SUR-98425
LR-17773,FRA-17773,7.52,REVENUE,SUR-81775
LR-17774,FRA-17774,0.88,COMMUNITY,SUR-68916
LR-17775,FRA-17775,2.13,COMMUNITY,SUR-17558
LR-17776,FRA-17776,0.82,UNCLASSIFIED,SUR-18816
LR-17777,FRA-17777,1.44,REVENUE,SUR-38950
LR-17778,FRA-17778,4.35,FOREST,SUR-24351
LR-17779,FRA-17779,1.66,COMMUNITY,SUR-48587
LR-17780,FRA-17780,2.06,UNCLASSIFIED,SUR-88606
LR-17781,FRA-17781,2.26,UNCLASSIFIED,SUR-79614
LR-17782,FRA-17782,1.07,FOREST,SUR-61088
LR-17783,FRA-17783,0.48,FOREST,SUR-53756
LR-17784,FRA-17784,4.71,UNCLASSIFIED,SUR-83523
LR-17785,FRA-17785,8.2,FOREST,SUR-78680
LR-17786,FRA-17786,2.59,REVENUE,SUR-69668
LR-17787,FRA-17787,4.94,FOREST,SUR-58024
LR-17788,FRA-17788,6.9,REVENUE,SUR-42485
LR-17789,FRA-17789,5.81,UNCLASSIFIED,SUR-12701
LR-17790,FRA-17790,6.57,UNCLASSIFIED,SUR-24860
LR-17791,FRA-17791,2.57,FOREST,SUR-73854
LR-17792,FRA-17792,4.68,REVENUE,SUR-48761
LR-17793,FRA-17793,4.4,REVENUE,SUR-38444
LR-17794,FRA-17794,8.01,REVENUE,SUR-83071
LR-17795,FRA-17795,1.8,REVENUE,SUR-93486
LR-17796,FRA-17796,0.56,COMMUNITY,SUR-17311
LR-17797,FRA-17797,6.1,FOREST,SUR-17159
LR-17798,FRA-17798,2.99,REVENUE,SUR-32650
LR-17799,FRA-17799,5.51,FOREST,SUR-34358
LR-17800,FRA-17800,2.23,UNCLASSIFIED,SUR-28293
LR-17801,FRA-17801,1.01,COMMUNITY,SUR-14113
LR-17802,FRA-17802,0.82,FOREST,SUR-99934
LR-17803,FRA-17803,6.95,FOREST,SUR-91903
LR-17804,FRA-17804,1.61,UNCLASSIFIED,SUR-49942
LR-17805,FRA-17805,2.41,COMMUNITY,SUR-48306
LR-17806,FRA-17806,6.87,REVENUE,SUR-49827
LR-17807,FRA-17807,2.0,REVENUE,SUR-27512
LR-17808,FRA-17808,3.41,UNCLASSIFIED,SUR-54179
LR-17809,FRA-17809,7.0,REVENUE,SUR-86231
LR-17810,FRA-17810,5.14,COMMUNITY,SUR-57724
LR-17811,FRA-17811,1.63,UNCLASSIFIED,SUR-44801
LR-17812,FRA-17812,6.75,FOREST,SUR-61508
LR-17813,FRA-17813,5.87,UNCLASSIFIED,SUR-88104
LR-17814,FRA-17814,6.48,UNCLASSIFIED,SUR-72196
LR-17815,FRA-17815,6.14,UNCLASSIFIED,SUR-66551
LR-17816,FRA-17816,1.32,UNCLASSIFIED,SUR-36800
LR-17817,FRA-17817,5.77,FOREST,SUR-40690
LR-17818,FRA-17818,6.58,UNCLASSIFIED,SUR-48862
LR-17819,FRA-17819,2.9,UNCLASSIFIED,SUR-79029
LR-17820,FRA-17820,2.89,REVENUE,SUR-71445
LR-17821,FRA-17821,2.54,FOREST,SUR-15811
LR-17822,FRA-17822,5.01,FOREST,SUR-72799
LR-17823,FRA-17823,1.93,UNCLASSIFIED,SUR-48761
LR-17824,FRA-17824,2.12,UNCLASSIFIED,SUR-33952
LR-17825,FRA-17825,7.1,UNCLASSIFIED,SUR-36192
LR-17826,FRA-17826,4.05,FOREST,SUR-11129
LR-17827,FRA-17827,1.99,COMMUNITY,SUR-19913
LR-17828,FRA-17828,6.86,UNCLASSIFIED,SUR-76583
LR-17829,FRA-17829,2.69,UNCLASSIFIED,SUR-33883
LR-17830,FRA-17830,4.29,FOREST,SUR-37200
LR-17831,FRA-17831,2.58,REVENUE,SUR-21393
LR-17832,FRA-17832,4.54,UNCLASSIFIED,SUR-88571
LR-17833,FRA-17833,7.54,FOREST,SUR-41127
LR-17834,FRA-17834,3.48,FOREST,SUR-63020
LR-17835,FRA-17835,3.87,FOREST,SUR-35434
LR-17836,FRA-17836,6.22,UNCLASSIFIED,SUR-40825
LR-17837,FRA-17837,2.84,COMMUNITY,SUR-77874
LR-17838,FRA-17838,2.34,UNCLASSIFIED,SUR-54764
LR-17839,FRA-17839,3.58,REVENUE,SUR-80940
LR-17840,FRA-17840,3.24,COMMUNITY,SUR-81882
LR-17841,FRA-17841,1.77,REVENUE,SUR-36512
LR-17842,FRA-17842,3.64,UNCLASSIFIED,SUR-19204
LR-17843,FRA-17843,7.15,UNCLASSIFIED,SUR-46928
LR-17844,FRA-17844,5.44,FOREST,SUR-14198
LR-17845,FRA-17845,1.57,FOREST,SUR-57873
LR-17846,FRA-17846,1.96,REVENUE,SUR-84456
LR-17847,FRA-17847,5.33,COMMUNITY,SUR-80647
LR-17848,FRA-17848,4.69,FOREST,SUR-99136
LR-17849,FRA-17849,6.07,FOREST,SUR-61031
LR-17850,FRA-17850,0.6,FOREST,SUR-17288
LR-17851,FRA-17851,3.67,REVENUE,SUR-54106
LR-17852,FRA-17852,2.57,UNCLASSIFIED,SUR-81389
LR-17853,FRA-17853,7.59,REVENUE,SUR-17213
LR-17854,FRA-17854,5.84,FOREST,SUR-77957
LR-17855,FRA-17855,5.19,COMMUNITY,SUR-52556
LR-17856,FRA-17856,0.69,REVENUE,SUR-13671
LR-17857,FRA-17857,2.4,FOREST,SUR-89417
LR-17858,FRA-17858,2.33,FOREST,SUR-21847
LR-17859,FRA-17859,3.78,REVENUE,SUR-62512
LR-17860,FRA-17860,2.69,FOREST,SUR-29329
LR-17861,FRA-17861,4.0,REVENUE,SUR-68053
LR-17862,FRA-17862,3.75,COMMUNITY,SUR-53216
LR-17863,FRA-17863,6.36,COMMUNITY,SUR-36467
LR-17864,FRA-17864,7.0,UNCLASSIFIED,SUR-78749
LR-17865,FRA-17865,6.74,COMMUNITY,SUR-51345
LR-17866,FRA-17866,4.33,FOREST,SUR-87277
LR-17867,FRA-17867,6.11,UNCLASSIFIED,SUR-52671
LR-17868,FRA-17868,5.41,COMMUNITY,SUR-13778
LR-17869,FRA-17869,2.39,COMMUNITY,SUR-77643
LR-17870,FRA-17870,1.41,FOREST,SUR-69175
LR-17871,FRA-17871,2.24,REVENUE,SUR-76402
LR-17872,FRA-17872,0.88,UNCLASSIFIED,SUR-20022
LR-17873,FRA-17873,1.96,REVENUE,SUR-92790
LR-17874,FRA-17874,5.13,UNCLASSIFIED,SUR-93294
LR-17875,FRA-17875,2.55,UNCLASSIFIED,SUR-88057
LR-17876,FRA-17876,4.74,FOREST,SUR-13465
LR-17877,FRA-17877,3.95,UNCLASSIFIED,SUR-38267
LR-17878,FRA-17878,4.81,FOREST,SUR-86536
LR-17879,FRA-17879,1.66,REVENUE,SUR-81404
LR-17880,FRA-17880,6.19,UNCLASSIFIED,SUR-39884
LR-17881,FRA-17881,1.05,UNCLASSIFIED,SUR-23949
LR-17882,FRA-17882,5.13,COMMUNITY,SUR-74770
LR-17883,FRA-17883,5.03,COMMUNITY,SUR-61436
LR-17884,FRA-17884,6.03,COMMUNITY,SUR-41702
LR-17885,FRA-17885,6.08,FOREST,SUR-76100
LR-17886,FRA-17886,4.9,COMMUNITY,SUR-71026
LR-17887,FRA-17887,7.5,REVENUE,SUR-16910
LR-17888,FRA-17888,2.75,FOREST,SUR-26205
LR-17889,FRA-17889,0.74,FOREST,SUR-69165
LR-17890,FRA-17890,1.48,FOREST,SUR-35369
LR-17891,FRA-17891,5.17,FOREST,SUR-71665
LR-17892,FRA-17892,3.2,COMMUNITY,SUR-71922
LR-17893,FRA-17893,1.71,FOREST,SUR-11720
LR-17894,FRA-17894,2.37,UNCLASSIFIED,SUR-20160
LR-17895,FRA-17895,1.5,UNCLASSIFIED,SUR-27779
LR-17896,FRA-17896,6.15,REVENUE,SUR-84032
LR-17897,FRA-17897,7.24,FOREST,SUR-46527
LR-17898,FRA-17898,7.67,REVENUE,SUR-97230
LR-17899,FRA-17899,3.37,COMMUNITY,SUR-60655
LR-17900,FRA-17900,1.91,UNCLASSIFIED,SUR-22464
LR-17901,FRA-17901,1.39,FOREST,SUR-51194
LR-17902,FRA-17902,2.26,REVENUE,SUR-87231
LR-17903,FRA-17903,5.57,FOREST,SUR-76827
LR-17904,FRA-17904,2.05,REVENUE,SUR-96484
LR-17905,FRA-17905,7.72,REVENUE,SUR-94655
LR-17906,FRA-17906,1.98,COMMUNITY,SUR-10824
LR-17907,FRA-17907,7.37,FOREST,SUR-92926
LR-17908,FRA-17908,2.54,COMMUNITY,SUR-35725
LR-17909,FRA-17909,6.86,UNCLASSIFIED,SUR-92831
LR-17910,FRA-17910,1.97,FOREST,SUR-40601
LR-17911,FRA-17911,5.89,UNCLASSIFIED,SUR-50000
LR-17912,FRA-17912,5.97,UNCLASSIFIED,SUR-91855
LR-17913,FRA-17913,4.99,UNCLASSIFIED,SUR-48871
LR-17914,FRA-17914,2.42,FOREST,SUR-94749
LR-17915,FRA-17915,7.0,FOREST,SUR-78482
LR-17916,FRA-17916,6.01,FOREST,SUR-43532
LR-17917,FRA-17917,2.29,REVENUE,SUR-57656
LR-17918,FRA-17918,2.31,REVENUE,SUR-47001
LR-17919,FRA-17919,3.82,FOREST,SUR-48773
LR-17920,FRA-17920,4.82,REVENUE,SUR-73251
LR-17921,FRA-17921,5.96,FOREST,SUR-45249
LR-17922,FRA-17922,6.66,FOREST,SUR-32965
LR-17923,FRA-17923,3.81,REVENUE,SUR-94141
LR-17924,FRA-17924,1.64,FOREST,SUR-72693
LR-17925,FRA-17925,1.59,UNCLASSIFIED,SUR-89395
LR-17926,FRA-17926,6.27,FOREST,SUR-61925
LR-17927,FRA-17927,2.44,REVENUE,SUR-88918
LR-17928,FRA-17928,2.14,FOREST,SUR-60355
LR-17929,FRA-17929,4.39,FOREST,SUR-83380
LR-17930,FRA-17930,1.48,UNCLASSIFIED,SUR-74118
LR-17931,FRA-17931,7.87,REVENUE,SUR-41534
LR-17932,FRA-17932,0.81,UNCLASSIFIED,SUR-52227
LR-17933,FRA-17933,5.07,REVENUE,SUR-68845
LR-17934,FRA-17934,5.34,REVENUE,SUR-87279
LR-17935,FRA-17935,4.59,UNCLASSIFIED,SUR-36831
LR-17936,FRA-17936,6.27,UNCLASSIFIED,SUR-81070
LR-17937,FRA-17937,4.24,COMMUNITY,SUR-59913
LR-17938,FRA-17938,3.61,FOREST,SUR-84089
LR-17939,FRA-17939,4.1,FOREST,SUR-27505
LR-17940,FRA-17940,6.77,FOREST,SUR-43456
LR-17941,FRA-17941,1.56,UNCLASSIFIED,SUR-89361
LR-17942,FRA-17942,4.21,REVENUE,SUR-85742
LR-17943,FRA-17943,3.82,COMMUNITY,SUR-88563
LR-17944,FRA-17944,6.12,REVENUE,SUR-30965
LR-17945,FRA-17945,6.96,COMMUNITY,SUR-74621
LR-17946,FRA-17946,7.08,COMMUNITY,SUR-82011
LR-17947,FRA-17947,6.59,REVENUE,SUR-73308
LR-17948,FRA-17948,1.73,COMMUNITY,SUR-41085
LR-17949,FRA-17949,5.57,COMMUNITY,SUR-92228
LR-17950,FRA-17950,1.41,UNCLASSIFIED,SUR-57292
LR-17951,FRA-17951,5.14,REVENUE,SUR-84946
LR-17952,FRA-17952,4.69,UNCLASSIFIED,SUR-28409
LR-17953,FRA-17953,7.38,COMMUNITY,SUR-43682
LR-17954,FRA-17954,3.48,UNCLASSIFIED,SUR-85746
LR-17955,FRA-17955,2.32,COMMUNITY,SUR-33702
LR-17956,FRA-17956,1.6,FOREST,SUR-68459
LR-17957,FRA-17957,7.11,COMMUNITY,SUR-15152
LR-17958,FRA-17958,3.85,FOREST,SUR-45364
LR-17959,FRA-17959,2.27,REVENUE,SUR-97673
LR-17960,FRA-17960,6.1,REVENUE,SUR-14844
LR-17961,FRA-17961,1.14,COMMUNITY,SUR-59566
LR-17962,FRA-17962,5.99,REVENUE,SUR-22494
LR-17963,FRA-17963,6.24,COMMUNITY,SUR-42024
LR-17964,FRA-17964,1.45,FOREST,SUR-39195
LR-17965,FRA-17965,4.61,COMMUNITY,SUR-23671
LR-17966,FRA-17966,7.24,FOREST,SUR-88929
LR-17967,FRA-17967,4.27,REVENUE,SUR-88640
LR-17968,FRA-17968,3.05,REVENUE,SUR-50981
LR-17969,FRA-17969,1.7,UNCLASSIFIED,SUR-51593
LR-17970,FRA-17970,4.15,UNCLASSIFIED,SUR-68397
LR-17971,FRA-17971,1.56,FOREST,SUR-87892
LR-17972,FRA-17972,3.15,FOREST,SUR-30739
LR-17973,FRA-17973,6.51,REVENUE,SUR-98797
LR-17974,FRA-17974,3.56,REVENUE,SUR-80503
LR-17975,FRA-17975,6.21,UNCLASSIFIED,SUR-36843
LR-17976,FRA-17976,3.08,COMMUNITY,SUR-93963
LR-17977,FRA-17977,7.64,UNCLASSIFIED,SUR-90908
LR-17978,FRA-17978,2.78,FOREST,SUR-62566
LR-17979,FRA-17979,5.69,UNCLASSIFIED,SUR-21429
LR-17980,FRA-17980,3.26,COMMUNITY,SUR-42426
LR-17981,FRA-17981,3.96,COMMUNITY,SUR-46490
LR-17982,FRA-17982,7.09,COMMUNITY,SUR-56847
LR-17983,FRA-17983,3.79,REVENUE,SUR-56430
LR-17984,FRA-17984,1.84,FOREST,SUR-10545
LR-17985,FRA-17985,0.54,FOREST,SUR-88343
LR-17986,FRA-17986,6.93,COMMUNITY,SUR-47516
LR-17987,FRA-17987,5.91,FOREST,SUR-62243
LR-17988,FRA-17988,7.61,REVENUE,SUR-44382
LR-17989,FRA-17989,0.75,REVENUE,SUR-62883
LR-17990,FRA-17990,6.07,FOREST,SUR-12522
LR-17991,FRA-17991,1.38,REVENUE,SUR-56059
LR-17992,FRA-17992,0.5,REVENUE,SUR-33046
LR-17993,FRA-17993,5.86,UNCLASSIFIED,SUR-25134
LR-17994,FRA-17994,0.78,UNCLASSIFIED,SUR-51661
LR-17995,FRA-17995,3.34,FOREST,SUR-70537
LR-17996,FRA-17996,2.21,FOREST,SUR-87707
LR-17997,FRA-17997,2.01,REVENUE,SUR-65561
LR-17998,FRA-17998,6.36,COMMUNITY,SUR-25641
LR-17999,FRA-17999,5.81,REVENUE,SUR-99115
LR-18000,FRA-18000,5.9,COMMUNITY,SUR-54013
LR-18001,FRA-18001,0.52,FOREST,SUR-92962
LR-18002,FRA-18002,7.88,FOREST,SUR-40208
LR-18003,FRA-18003,6.56,REVENUE,SUR-91287
LR-18004,FRA-18004,0.99,REVENUE,SUR-31629
LR-18005,FRA-18005,6.8,FOREST,SUR-52971
LR-18006,FRA-18006,1.18,REVENUE,SUR-27927
LR-18007,FRA-18007,3.78,UNCLASSIFIED,SUR-77215
LR-18008,FRA-18008,1.36,REVENUE,SUR-30543
LR-18009,FRA-18009,7.35,COMMUNITY,SUR-73317
LR-18010,FRA-18010,0.83,UNCLASSIFIED,SUR-97644
LR-18011,FRA-18011,1.33,UNCLASSIFIED,SUR-76663
LR-18012,FRA-18012,6.23,COMMUNITY,SUR-50826
LR-18013,FRA-18013,1.22,UNCLASSIFIED,SUR-17291
LR-18014,FRA-18014,4.46,COMMUNITY,SUR-28763
LR-18015,FRA-18015,1.19,FOREST,SUR-22049
LR-18016,FRA-18016,5.3,FOREST,SUR-82875
LR-18017,FRA-18017,5.22,FOREST,SUR-11811
LR-18018,FRA-18018,2.0,FOREST,SUR-19841
LR-18019,FRA-18019,1.08,COMMUNITY,SUR-17152
LR-18020,FRA-18020,6.27,REVENUE,SUR-46018
LR-18021,FRA-18021,5.54,REVENUE,SUR-86681
LR-18022,FRA-18022,4.88,FOREST,SUR-24205
LR-18023,FRA-18023,1.91,COMMUNITY,SUR-98146
LR-18024,FRA-18024,5.89,COMMUNITY,SUR-73699
LR-18025,FRA-18025,5.61,REVENUE,SUR-15069
LR-18026,FRA-18026,1.67,REVENUE,SUR-45743
LR-18027,FRA-18027,7.4,COMMUNITY,SUR-57619
LR-18028,FRA-18028,4.17,UNCLASSIFIED,SUR-67482
LR-18029,FRA-18029,4.24,UNCLASSIFIED,SUR-70890
LR-18030,FRA-18030,4.71,FOREST,SUR-61683
LR-18031,FRA-18031,0.95,COMMUNITY,SUR-61697
LR-18032,FRA-18032,5.88,UNCLASSIFIED,SUR-80677
LR-18033,FRA-18033,1.5,COMMUNITY,SUR-33693
LR-18034,FRA-18034,6.53,REVENUE,SUR-84626
LR-18035,FRA-18035,1.07,UNCLASSIFIED,SUR-94745
LR-18036,FRA-18036,2.03,COMMUNITY,SUR-30811
LR-18037,FRA-18037,2.33,REVENUE,SUR-69273
LR-18038,FRA-18038,2.02,UNCLASSIFIED,SUR-38489
LR-18039,FRA-18039,2.66,UNCLASSIFIED,SUR-73939
LR-18040,FRA-18040,6.32,COMMUNITY,SUR-40547
LR-18041,FRA-18041,3.31,REVENUE,SUR-35530
LR-18042,FRA-18042,5.52,COMMUNITY,SUR-22176
LR-18043,FRA-18043,1.65,FOREST,SUR-63318
LR-18044,FRA-18044,0.73,FOREST,SUR-69673
LR-18045,FRA-18045,7.64,REVENUE,SUR-36430
LR-18046,FRA-18046,6.82,REVENUE,SUR-77262
LR-18047,FRA-18047,1.76,FOREST,SUR-75538
LR-18048,FRA-18048,5.8,COMMUNITY,SUR-60321
LR-18049,FRA-18049,5.57,REVENUE,SUR-65782
LR-18050,FRA-18050,1.86,FOREST,SUR-86635
LR-18051,FRA-18051,4.41,FOREST,SUR-66319
LR-18052,FRA-18052,5.08,UNCLASSIFIED,SUR-94943
LR-18053,FRA-18053,3.02,REVENUE,SUR-71702
LR-18054,FRA-18054,6.31,COMMUNITY,SUR-56197
LR-18055,FRA-18055,5.65,UNCLASSIFIED,SUR-11643
LR-18056,FRA-18056,1.65,UNCLASSIFIED,SUR-39373
LR-18057,FRA-18057,1.33,REVENUE,SUR-31917
LR-18058,FRA-18058,5.27,FOREST,SUR-47870
LR-18059,FRA-18059,5.43,REVENUE,SUR-68393
LR-18060,FRA-18060,2.44,REVENUE,SUR-84143
LR-18061,FRA-18061,4.35,UNCLASSIFIED,SUR-69316
LR-18062,FRA-18062,2.67,FOREST,SUR-71624
LR-18063,FRA-18063,1.08,REVENUE,SUR-41363
LR-18064,FRA-18064,3.65,COMMUNITY,SUR-49482
LR-18065,FRA-18065,4.59,REVENUE,SUR-89827
LR-18066,FRA-18066,4.42,FOREST,SUR-97098
LR-18067,FRA-18067,4.29,REVENUE,SUR-90427
LR-18068,FRA-18068,7.52,REVENUE,SUR-27902
LR-18069,FRA-18069,6.86,FOREST,SUR-90772
LR-18070,FRA-18070,5.77,UNCLASSIFIED,SUR-83301
LR-18071,FRA-18071,2.33,UNCLASSIFIED,SUR-82967
LR-18072,FRA-18072,3.87,UNCLASSIFIED,SUR-13543
LR-18073,FRA-18073,2.1,REVENUE,SUR-32371
LR-18074,FRA-18074,1.98,UNCLASSIFIED,SUR-94609
LR-18075,FRA-18075,6.52,FOREST,SUR-96442
LR-18076,FRA-18076,3.4,REVENUE,SUR-80131
LR-18077,FRA-18077,3.31,COMMUNITY,SUR-81474
LR-18078,FRA-18078,5.76,REVENUE,SUR-33796
LR-18079,FRA-18079,3.24,UNCLASSIFIED,SUR-98957
LR-18080,FRA-18080,5.03,REVENUE,SUR-79286
LR-18081,FRA-18081,3.12,REVENUE,SUR-12401
LR-18082,FRA-18082,4.47,UNCLASSIFIED,SUR-76761
LR-18083,FRA-18083,0.7,REVENUE,SUR-65744
LR-18084,FRA-18084,7.03,UNCLASSIFIED,SUR-29418
LR-18085,FRA-18085,5.54,FOREST,SUR-15036
LR-18086,FRA-18086,2.86,REVENUE,SUR-61758
LR-18087,FRA-18087,0.97,FOREST,SUR-84374
LR-18088,FRA-18088,2.12,REVENUE,SUR-62626
LR-18089,FRA-18089,3.33,FOREST,SUR-94299
LR-18090,FRA-18090,7.14,UNCLASSIFIED,SUR-25656
LR-18091,FRA-18091,2.75,FOREST,SUR-14989
LR-18092,FRA-18092,3.19,UNCLASSIFIED,SUR-56216
LR-18093,FRA-18093,5.01,COMMUNITY,SUR-59237
LR-18094,FRA-18094,4.74,UNCLASSIFIED,SUR-32707
LR-18095,FRA-18095,7.52,COMMUNITY,SUR-93641
LR-18096,FRA-18096,4.58,REVENUE,SUR-10102
LR-18097,FRA-18097,6.09,REVENUE,SUR-73997
LR-18098,FRA-18098,5.58,FOREST,SUR-77215
LR-18099,FRA-18099,6.83,REVENUE,SUR-28469
LR-18100,FRA-18100,0.7,UNCLASSIFIED,SUR-29363
LR-18101,FRA-18101,6.51,COMMUNITY,SUR-30424
LR-18102,FRA-18102,5.08,REVENUE,SUR-40026
LR-18103,FRA-18103,5.73,REVENUE,SUR-38342
LR-18104,FRA-18104,4.17,FOREST,SUR-42198
LR-18105,FRA-18105,4.03,FOREST,SUR-47216
LR-18106,FRA-18106,1.01,FOREST,SUR-67224
LR-18107,FRA-18107,4.7,UNCLASSIFIED,SUR-17429
LR-18108,FRA-18108,1.26,UNCLASSIFIED,SUR-80003
LR-18109,FRA-18109,5.37,UNCLASSIFIED,SUR-81015
LR-18110,FRA-18110,1.94,REVENUE,SUR-98732
LR-18111,FRA-18111,0.53,UNCLASSIFIED,SUR-81152
LR-18112,FRA-18112,3.12,UNCLASSIFIED,SUR-92149
LR-18113,FRA-18113,2.12,COMMUNITY,SUR-61085
LR-18114,FRA-18114,6.39,UNCLASSIFIED,SUR-19647
LR-18115,FRA-18115,4.54,COMMUNITY,SUR-70342
LR-18116,FRA-18116,2.62,UNCLASSIFIED,SUR-67528
LR-18117,FRA-18117,6.25,FOREST,SUR-86655
LR-18118,FRA-18118,2.9,FOREST,SUR-90710
LR-18119,FRA-18119,7.16,COMMUNITY,SUR-28291
LR-18120,FRA-18120,0.78,COMMUNITY,SUR-46436
LR-18121,FRA-18121,2.52,REVENUE,SUR-23860
LR-18122,FRA-18122,7.99,REVENUE,SUR-82624
LR-18123,FRA-18123,4.61,UNCLASSIFIED,SUR-72175
LR-18124,FRA-18124,2.63,FOREST,SUR-38718
LR-18125,FRA-18125,6.66,COMMUNITY,SUR-10501
LR-18126,FRA-18126,2.57,UNCLASSIFIED,SUR-56887
LR-18127,FRA-18127,4.92,FOREST,SUR-18975
LR-18128,FRA-18128,0.75,REVENUE,SUR-41661
LR-18129,FRA-18129,1.72,COMMUNITY,SUR-52675
LR-18130,FRA-18130,2.28,UNCLASSIFIED,SUR-57554
LR-18131,FRA-18131,2.49,FOREST,SUR-60342
LR-18132,FRA-18132,7.0,REVENUE,SUR-13330
LR-18133,FRA-18133,2.61,UNCLASSIFIED,SUR-87437
LR-18134,FRA-18134,1.95,UNCLASSIFIED,SUR-74163
LR-18135,FRA-18135,4.59,COMMUNITY,SUR-48590
LR-18136,FRA-18136,1.83,REVENUE,SUR-98400
LR-18137,FRA-18137,7.35,FOREST,SUR-80484
LR-18138,FRA-18138,5.1,COMMUNITY,SUR-21507
LR-18139,FRA-18139,4.17,COMMUNITY,SUR-43940
LR-18140,FRA-18140,4.09,REVENUE,SUR-29261
LR-18141,FRA-18141,3.93,REVENUE,SUR-28633
LR-18142,FRA-18142,6.41,UNCLASSIFIED,SUR-49111
LR-18143,FRA-18143,5.55,COMMUNITY,SUR-83444
LR-18144,FRA-18144,6.99,REVENUE,SUR-35853
LR-18145,FRA-18145,1.38,FOREST,SUR-61640
LR-18146,FRA-18146,4.36,COMMUNITY,SUR-65375
LR-18147,FRA-18147,1.08,COMMUNITY,SUR-85226
LR-18148,FRA-18148,5.65,REVENUE,SUR-58586
LR-18149,FRA-18149,1.84,FOREST,SUR-43962
LR-18150,FRA-18150,3.0,REVENUE,SUR-61591
LR-18151,FRA-18151,5.19,COMMUNITY,SUR-20780
LR-18152,FRA-18152,5.98,FOREST,SUR-50505
LR-18153,FRA-18153,2.63,FOREST,SUR-85907
LR-18154,FRA-18154,2.98,FOREST,SUR-96215
LR-18155,FRA-18155,3.75,REVENUE,SUR-68394
LR-18156,FRA-18156,6.37,UNCLASSIFIED,SUR-54873
LR-18157,FRA-18157,0.54,REVENUE,SUR-19737
LR-18158,FRA-18158,7.14,UNCLASSIFIED,SUR-34299
LR-18159,FRA-18159,0.55,FOREST,SUR-10268
LR-18160,FRA-18160,2.8,REVENUE,SUR-35997
LR-18161,FRA-18161,6.22,COMMUNITY,SUR-63703
LR-18162,FRA-18162,2.51,FOREST,SUR-26523
LR-18163,FRA-18163,7.42,COMMUNITY,SUR-74333
LR-18164,FRA-18164,3.17,FOREST,SUR-11059
LR-18165,FRA-18165,4.59,FOREST,SUR-23662
LR-18166,FRA-18166,5.59,REVENUE,SUR-66237
LR-18167,FRA-18167,2.82,UNCLASSIFIED,SUR-57554
LR-18168,FRA-18168,5.72,REVENUE,SUR-60581
LR-18169,FRA-18169,2.38,UNCLASSIFIED,SUR-95142
LR-18170,FRA-18170,8.02,UNCLASSIFIED,SUR-85135
LR-18171,FRA-18171,4.87,UNCLASSIFIED,SUR-63302
LR-18172,FRA-18172,6.97,FOREST,SUR-74717
LR-18173,FRA-18173,6.45,FOREST,SUR-65849
LR-18174,FRA-18174,1.17,REVENUE,SUR-91758
LR-18175,FRA-18175,0.63,COMMUNITY,SUR-88156
LR-18176,FRA-18176,4.29,UNCLASSIFIED,SUR-20578
LR-18177,FRA-18177,5.44,FOREST,SUR-54129
LR-18178,FRA-18178,2.62,UNCLASSIFIED,SUR-38727
LR-18179,FRA-18179,3.11,REVENUE,SUR-69789
LR-18180,FRA-18180,6.23,COMMUNITY,SUR-20500
LR-18181,FRA-18181,2.17,UNCLASSIFIED,SUR-91937
LR-18182,FRA-18182,4.18,FOREST,SUR-37701
LR-18183,FRA-18183,6.56,COMMUNITY,SUR-75646
LR-18184,FRA-18184,4.26,FOREST,SUR-50716
LR-18185,FRA-18185,4.79,REVENUE,SUR-72607
LR-18186,FRA-18186,3.01,COMMUNITY,SUR-14192
LR-18187,FRA-18187,4.62,REVENUE,SUR-92401
LR-18188,FRA-18188,5.06,UNCLASSIFIED,SUR-64744
LR-18189,FRA-18189,6.09,REVENUE,SUR-49229
LR-18190,FRA-18190,0.7,UNCLASSIFIED,SUR-73804
LR-18191,FRA-18191,2.48,REVENUE,SUR-42189
LR-18192,FRA-18192,2.71,COMMUNITY,SUR-99938
LR-18193,FRA-18193,7.83,REVENUE,SUR-88293
LR-18194,FRA-18194,1.73,UNCLASSIFIED,SUR-84397
LR-18195,FRA-18195,6.37,UNCLASSIFIED,SUR-43745
LR-18196,FRA-18196,8.15,UNCLASSIFIED,SUR-84570
LR-18197,FRA-18197,6.98,REVENUE,SUR-92534
LR-18198,FRA-18198,3.06,COMMUNITY,SUR-71423
LR-18199,FRA-18199,3.65,COMMUNITY,SUR-19484
LR-18200,FRA-18200,5.92,FOREST,SUR-23987
LR-18201,FRA-18201,3.81,REVENUE,SUR-74739
LR-18202,FRA-18202,6.48,FOREST,SUR-61182
LR-18203,FRA-18203,6.57,FOREST,SUR-50777
LR-18204,FRA-18204,1.21,COMMUNITY,SUR-24024
LR-18205,FRA-18205,4.92,COMMUNITY,SUR-50408
LR-18206,FRA-18206,1.62,UNCLASSIFIED,SUR-77314
LR-18207,FRA-18207,5.44,COMMUNITY,SUR-90615
LR-18208,FRA-18208,1.69,COMMUNITY,SUR-83998
LR-18209,FRA-18209,4.06,COMMUNITY,SUR-77828
LR-18210,FRA-18210,4.14,REVENUE,SUR-70720
LR-18211,FRA-18211,4.8,UNCLASSIFIED,SUR-33224
LR-18212,FRA-18212,0.99,COMMUNITY,SUR-47230
LR-18213,FRA-18213,6.73,UNCLASSIFIED,SUR-24893
LR-18214,FRA-18214,3.16,FOREST,SUR-40031
LR-18215,FRA-18215,0.56,REVENUE,SUR-29936
LR-18216,FRA-18216,1.72,REVENUE,SUR-95398
LR-18217,FRA-18217,4.86,REVENUE,SUR-80066
LR-18218,FRA-18218,2.58,REVENUE,SUR-44725
LR-18219,FRA-18219,6.57,COMMUNITY,SUR-85154
LR-18220,FRA-18220,8.16,COMMUNITY,SUR-66480
LR-18221,FRA-18221,4.92,UNCLASSIFIED,SUR-23192
LR-18222,FRA-18222,1.49,COMMUNITY,SUR-53596
LR-18223,FRA-18223,3.62,COMMUNITY,SUR-77154
LR-18224,FRA-18224,0.66,COMMUNITY,SUR-89926
LR-18225,FRA-18225,4.86,COMMUNITY,SUR-43663
LR-18226,FRA-18226,1.08,FOREST,SUR-88734
LR-18227,FRA-18227,1.03,FOREST,SUR-69819
LR-18228,FRA-18228,2.09,UNCLASSIFIED,SUR-25169
LR-18229,FRA-18229,8.05,REVENUE,SUR-15968
LR-18230,FRA-18230,2.94,FOREST,SUR-30698
LR-18231,FRA-18231,7.28,COMMUNITY,SUR-21501
LR-18232,FRA-18232,2.08,REVENUE,SUR-51270
LR-18233,FRA-18233,7.75,FOREST,SUR-35464
LR-18234,FRA-18234,1.17,REVENUE,SUR-34705
LR-18235,FRA-18235,4.44,COMMUNITY,SUR-81840
LR-18236,FRA-18236,4.22,FOREST,SUR-86078
LR-18237,FRA-18237,7.69,COMMUNITY,SUR-24523
LR-18238,FRA-18238,1.56,REVENUE,SUR-31630
LR-18239,FRA-18239,5.9,COMMUNITY,SUR-11260
LR-18240,FRA-18240,5.53,COMMUNITY,SUR-98308
LR-18241,FRA-18241,7.17,REVENUE,SUR-68222
LR-18242,FRA-18242,1.85,COMMUNITY,SUR-10534
LR-18243,FRA-18243,7.05,COMMUNITY,SUR-59968
LR-18244,FRA-18244,6.12,FOREST,SUR-94072
LR-18245,FRA-18245,6.87,FOREST,SUR-22344
LR-18246,FRA-18246,7.4,COMMUNITY,SUR-28819
LR-18247,FRA-18247,7.04,REVENUE,SUR-57217
LR-18248,FRA-18248,2.6,REVENUE,SUR-56882
LR-18249,FRA-18249,1.54,COMMUNITY,SUR-10766
LR-18250,FRA-18250,4.14,REVENUE,SUR-31653
LR-18251,FRA-18251,8.11,REVENUE,SUR-18695
LR-18252,FRA-18252,6.08,REVENUE,SUR-18687
LR-18253,FRA-18253,0.91,FOREST,SUR-79489
LR-18254,FRA-18254,1.73,FOREST,SUR-98049
LR-18255,FRA-18255,2.67,FOREST,SUR-82393
LR-18256,FRA-18256,2.58,REVENUE,SUR-54802
LR-18257,FRA-18257,0.58,REVENUE,SUR-93081
LR-18258,FRA-18258,2.15,UNCLASSIFIED,SUR-58390
LR-18259,FRA-18259,0.71,REVENUE,SUR-80905
LR-18260,FRA-18260,2.74,UNCLASSIFIED,SUR-97636
LR-18261,FRA-18261,1.67,FOREST,SUR-21352
LR-18262,FRA-18262,5.33,REVENUE,SUR-27014
LR-18263,FRA-18263,4.05,REVENUE,SUR-53756
LR-18264,FRA-18264,6.57,REVENUE,SUR-35322
LR-18265,FRA-18265,2.75,COMMUNITY,SUR-48699
LR-18266,FRA-18266,4.32,REVENUE,SUR-56449
LR-18267,FRA-18267,2.63,COMMUNITY,SUR-71676
LR-18268,FRA-18268,6.2,FOREST,SUR-76436
LR-18269,FRA-18269,3.23,UNCLASSIFIED,SUR-59377
LR-18270,FRA-18270,4.81,COMMUNITY,SUR-35273
LR-18271,FRA-18271,6.24,UNCLASSIFIED,SUR-10506
LR-18272,FRA-18272,4.28,COMMUNITY,SUR-87758
LR-18273,FRA-18273,7.69,FOREST,SUR-44516
LR-18274,FRA-18274,1.19,REVENUE,SUR-65801
LR-18275,FRA-18275,3.72,FOREST,SUR-47152
LR-18276,FRA-18276,3.66,FOREST,SUR-58648
LR-18277,FRA-18277,3.39,REVENUE,SUR-78122
LR-18278,FRA-18278,3.64,COMMUNITY,SUR-92781
LR-18279,FRA-18279,6.65,FOREST,SUR-48726
LR-18280,FRA-18280,3.72,FOREST,SUR-21539
LR-18281,FRA-18281,3.18,REVENUE,SUR-38714
LR-18282,FRA-18282,4.77,FOREST,SUR-95523
LR-18283,FRA-18283,4.34,COMMUNITY,SUR-59290
LR-18284,FRA-18284,4.26,REVENUE,SUR-75947
LR-18285,FRA-18285,7.22,UNCLASSIFIED,SUR-85310
LR-18286,FRA-18286,7.53,FOREST,SUR-88194
LR-18287,FRA-18287,4.33,REVENUE,SUR-11285
LR-18288,FRA-18288,3.51,COMMUNITY,SUR-52552
LR-18289,FRA-18289,4.16,COMMUNITY,SUR-83722
LR-18290,FRA-18290,1.51,UNCLASSIFIED,SUR-85941
LR-18291,FRA-18291,1.32,FOREST,SUR-53481
LR-18292,FRA-18292,1.12,UNCLASSIFIED,SUR-53547
LR-18293,FRA-18293,4.29,UNCLASSIFIED,SUR-18468
LR-18294,FRA-18294,4.97,COMMUNITY,SUR-85664
LR-18295,FRA-18295,2.81,COMMUNITY,SUR-82730
LR-18296,FRA-18296,4.39,FOREST,SUR-14149
LR-18297,FRA-18297,7.24,FOREST,SUR-77877
LR-18298,FRA-18298,3.8,UNCLASSIFIED,SUR-40144
LR-18299,FRA-18299,1.5,REVENUE,SUR-37080
LR-18300,FRA-18300,5.05,FOREST,SUR-60592
LR-18301,FRA-18301,6.07,FOREST,SUR-35918
LR-18302,FRA-18302,5.05,UNCLASSIFIED,SUR-62357
LR-18303,FRA-18303,4.93,FOREST,SUR-23988
LR-18304,FRA-18304,1.92,COMMUNITY,SUR-26025
LR-18305,FRA-18305,1.13,REVENUE,SUR-77631
LR-18306,FRA-18306,2.83,FOREST,SUR-26878
LR-18307,FRA-18307,7.06,UNCLASSIFIED,SUR-28144
LR-18308,FRA-18308,1.41,REVENUE,SUR-65658
LR-18309,FRA-18309,3.6,REVENUE,SUR-96468
LR-18310,FRA-18310,5.59,COMMUNITY,SUR-17111
LR-18311,FRA-18311,6.73,REVENUE,SUR-37137
LR-18312,FRA-18312,6.25,FOREST,SUR-11155
LR-18313,FRA-18313,7.15,REVENUE,SUR-51081
LR-18314,FRA-18314,1.42,REVENUE,SUR-16161
LR-18315,FRA-18315,3.5,COMMUNITY,SUR-80288
LR-18316,FRA-18316,6.6,REVENUE,SUR-38563
LR-18317,FRA-18317,7.47,UNCLASSIFIED,SUR-78275
LR-18318,FRA-18318,4.48,COMMUNITY,SUR-20282
LR-18319,FRA-18319,7.1,FOREST,SUR-34928
LR-18320,FRA-18320,2.53,UNCLASSIFIED,SUR-56329
LR-18321,FRA-18321,2.26,REVENUE,SUR-85935
LR-18322,FRA-18322,1.84,FOREST,SUR-79536
LR-18323,FRA-18323,4.31,FOREST,SUR-32941
LR-18324,FRA-18324,5.27,COMMUNITY,SUR-92067
LR-18325,FRA-18325,1.33,UNCLASSIFIED,SUR-45400
LR-18326,FRA-18326,3.38,UNCLASSIFIED,SUR-27592
LR-18327,FRA-18327,3.47,COMMUNITY,SUR-75004
LR-18328,FRA-18328,6.86,REVENUE,SUR-22710
LR-18329,FRA-18329,1.97,FOREST,SUR-39648
LR-18330,FRA-18330,2.96,UNCLASSIFIED,SUR-11053
LR-18331,FRA-18331,2.52,REVENUE,SUR-61373
LR-18332,FRA-18332,4.94,FOREST,SUR-80905
LR-18333,FRA-18333,4.62,REVENUE,SUR-13794
LR-18334,FRA-18334,0.82,UNCLASSIFIED,SUR-94788
LR-18335,FRA-18335,5.68,UNCLASSIFIED,SUR-31997
LR-18336,FRA-18336,5.44,UNCLASSIFIED,SUR-16016
LR-18337,FRA-18337,1.89,REVENUE,SUR-26171
LR-18338,FRA-18338,0.82,UNCLASSIFIED,SUR-89097
LR-18339,FRA-18339,7.09,REVENUE,SUR-17929
LR-18340,FRA-18340,0.79,REVENUE,SUR-62113
LR-18341,FRA-18341,4.32,REVENUE,SUR-83296
LR-18342,FRA-18342,0.8,FOREST,SUR-24864
LR-18343,FRA-18343,3.32,FOREST,SUR-38444
LR-18344,FRA-18344,1.54,REVENUE,SUR-42044
LR-18345,FRA-18345,1.01,UNCLASSIFIED,SUR-28580
LR-18346,FRA-18346,5.21,REVENUE,SUR-75688
LR-18347,FRA-18347,4.47,COMMUNITY,SUR-23370
LR-18348,FRA-18348,2.17,UNCLASSIFIED,SUR-27163
LR-18349,FRA-18349,1.11,REVENUE,SUR-43696
LR-18350,FRA-18350,4.46,REVENUE,SUR-39520
LR-18351,FRA-18351,6.03,FOREST,SUR-50355
LR-18352,FRA-18352,2.68,REVENUE,SUR-29372
LR-18353,FRA-18353,6.26,FOREST,SUR-86594
LR-18354,FRA-18354,7.41,COMMUNITY,SUR-44384
LR-18355,FRA-18355,4.21,UNCLASSIFIED,SUR-67725
LR-18356,FRA-18356,3.61,UNCLASSIFIED,SUR-19773
LR-18357,FRA-18357,0.83,COMMUNITY,SUR-51847
LR-18358,FRA-18358,2.08,UNCLASSIFIED,SUR-79937
LR-18359,FRA-18359,6.23,FOREST,SUR-20232
LR-18360,FRA-18360,3.17,COMMUNITY,SUR-14976
LR-18361,FRA-18361,5.06,UNCLASSIFIED,SUR-93263
LR-18362,FRA-18362,3.02,UNCLASSIFIED,SUR-81056
LR-18363,FRA-18363,5.93,COMMUNITY,SUR-53246
LR-18364,FRA-18364,4.41,COMMUNITY,SUR-94221
LR-18365,FRA-18365,3.83,REVENUE,SUR-89879
LR-18366,FRA-18366,2.83,UNCLASSIFIED,SUR-35336
LR-18367,FRA-18367,3.07,REVENUE,SUR-62950
LR-18368,FRA-18368,4.29,FOREST,SUR-64710
LR-18369,FRA-18369,3.55,UNCLASSIFIED,SUR-19549
LR-18370,FRA-18370,7.16,UNCLASSIFIED,SUR-70296
LR-18371,FRA-18371,6.42,UNCLASSIFIED,SUR-59724
LR-18372,FRA-18372,6.98,REVENUE,SUR-99663
LR-18373,FRA-18373,6.97,FOREST,SUR-76105
LR-18374,FRA-18374,5.97,UNCLASSIFIED,SUR-95204
LR-18375,FRA-18375,6.21,FOREST,SUR-37194
LR-18376,FRA-18376,3.67,REVENUE,SUR-22471
LR-18377,FRA-18377,6.36,FOREST,SUR-46772
LR-18378,FRA-18378,1.41,FOREST,SUR-88669
LR-18379,FRA-18379,6.71,COMMUNITY,SUR-90503
LR-18380,FRA-18380,0.96,FOREST,SUR-78043
LR-18381,FRA-18381,3.5,REVENUE,SUR-38706
LR-18382,FRA-18382,3.36,UNCLASSIFIED,SUR-18680
LR-18383,FRA-18383,2.32,REVENUE,SUR-93633
LR-18384,FRA-18384,0.58,UNCLASSIFIED,SUR-38244
LR-18385,FRA-18385,2.46,FOREST,SUR-77611
LR-18386,FRA-18386,6.72,UNCLASSIFIED,SUR-17442
LR-18387,FRA-18387,0.74,REVENUE,SUR-79311
LR-18388,FRA-18388,1.08,REVENUE,SUR-50510
LR-18389,FRA-18389,2.2,COMMUNITY,SUR-61782
LR-18390,FRA-18390,1.22,UNCLASSIFIED,SUR-21158
LR-18391,FRA-18391,3.09,REVENUE,SUR-70461
LR-18392,FRA-18392,6.75,REVENUE,SUR-35769
LR-18393,FRA-18393,3.49,FOREST,SUR-36411
LR-18394,FRA-18394,7.31,FOREST,SUR-51828
LR-18395,FRA-18395,0.88,COMMUNITY,SUR-20689
LR-18396,FRA-18396,2.83,COMMUNITY,SUR-53295
LR-18397,FRA-18397,4.94,UNCLASSIFIED,SUR-53631
LR-18398,FRA-18398,2.47,COMMUNITY,SUR-48241
LR-18399,FRA-18399,6.21,REVENUE,SUR-94436
LR-18400,FRA-18400,1.33,FOREST,SUR-40221
LR-18401,FRA-18401,0.84,COMMUNITY,SUR-51014
LR-18402,FRA-18402,3.56,FOREST,SUR-59735
LR-18403,FRA-18403,2.14,REVENUE,SUR-56975
LR-18404,FRA-18404,2.11,UNCLASSIFIED,SUR-76664
LR-18405,FRA-18405,3.59,REVENUE,SUR-61922
LR-18406,FRA-18406,3.01,COMMUNITY,SUR-11040
LR-18407,FRA-18407,1.14,UNCLASSIFIED,SUR-40978
LR-18408,FRA-18408,4.86,FOREST,SUR-29094
LR-18409,FRA-18409,1.6,COMMUNITY,SUR-89395
LR-18410,FRA-18410,3.26,FOREST,SUR-29127
LR-18411,FRA-18411,5.61,REVENUE,SUR-41281
LR-18412,FRA-18412,4.2,COMMUNITY,SUR-27821
LR-18413,FRA-18413,3.85,FOREST,SUR-76487
LR-18414,FRA-18414,6.58,FOREST,SUR-66986
LR-18415,FRA-18415,6.14,REVENUE,SUR-26560
LR-18416,FRA-18416,3.91,FOREST,SUR-56480
LR-18417,FRA-18417,5.32,COMMUNITY,SUR-71223
LR-18418,FRA-18418,7.14,COMMUNITY,SUR-60442
LR-18419,FRA-18419,1.0,UNCLASSIFIED,SUR-13023
LR-18420,FRA-18420,6.87,UNCLASSIFIED,SUR-74578
LR-18421,FRA-18421,3.09,UNCLASSIFIED,SUR-17741
LR-18422,FRA-18422,6.38,UNCLASSIFIED,SUR-68548
LR-18423,FRA-18423,6.86,UNCLASSIFIED,SUR-85594
LR-18424,FRA-18424,1.07,REVENUE,SUR-28272
LR-18425,FRA-18425,2.59,FOREST,SUR-30488
LR-18426,FRA-18426,2.78,FOREST,SUR-61818
LR-18427,FRA-18427,4.87,FOREST,SUR-32695
LR-18428,FRA-18428,4.03,REVENUE,SUR-76668
LR-18429,FRA-18429,2.12,REVENUE,SUR-39485
LR-18430,FRA-18430,3.7,REVENUE,SUR-99826
LR-18431,FRA-18431,6.9,UNCLASSIFIED,SUR-82528
LR-18432,FRA-18432,5.59,FOREST,SUR-50577
LR-18433,FRA-18433,6.18,REVENUE,SUR-64281
LR-18434,FRA-18434,0.69,UNCLASSIFIED,SUR-31726
LR-18435,FRA-18435,3.66,COMMUNITY,SUR-75419
LR-18436,FRA-18436,0.67,FOREST,SUR-46442
LR-18437,FRA-18437,6.14,REVENUE,SUR-31324
LR-18438,FRA-18438,1.4,REVENUE,SUR-68684
LR-18439,FRA-18439,1.9,REVENUE,SUR-98197
LR-18440,FRA-18440,0.73,COMMUNITY,SUR-86452
LR-18441,FRA-18441,4.54,UNCLASSIFIED,SUR-37602
LR-18442,FRA-18442,3.81,UNCLASSIFIED,SUR-97432
LR-18443,FRA-18443,4.68,FOREST,SUR-57644
LR-18444,FRA-18444,2.31,REVENUE,SUR-60843
LR-18445,FRA-18445,2.0,COMMUNITY,SUR-42823
LR-18446,FRA-18446,2.88,REVENUE,SUR-67756
LR-18447,FRA-18447,2.16,UNCLASSIFIED,SUR-59147
LR-18448,FRA-18448,6.86,UNCLASSIFIED,SUR-11673
LR-18449,FRA-18449,1.02,FOREST,SUR-70026
LR-18450,FRA-18450,3.63,UNCLASSIFIED,SUR-17073
LR-18451,FRA-18451,2.62,FOREST,SUR-81234
LR-18452,FRA-18452,4.95,UNCLASSIFIED,SUR-44861
LR-18453,FRA-18453,7.23,COMMUNITY,SUR-25585
LR-18454,FRA-18454,2.44,REVENUE,SUR-76809
LR-18455,FRA-18455,6.91,UNCLASSIFIED,SUR-63435
LR-18456,FRA-18456,1.06,REVENUE,SUR-44364
LR-18457,FRA-18457,2.98,COMMUNITY,SUR-46973
LR-18458,FRA-18458,1.12,UNCLASSIFIED,SUR-31152
LR-18459,FRA-18459,1.73,REVENUE,SUR-43069
LR-18460,FRA-18460,1.34,REVENUE,SUR-85273
LR-18461,FRA-18461,0.78,COMMUNITY,SUR-47596
LR-18462,FRA-18462,4.79,FOREST,SUR-15901
LR-18463,FRA-18463,4.91,FOREST,SUR-38466
LR-18464,FRA-18464,2.12,REVENUE,SUR-84756
LR-18465,FRA-18465,1.48,COMMUNITY,SUR-48749
LR-18466,FRA-18466,3.99,UNCLASSIFIED,SUR-31521
LR-18467,FRA-18467,3.39,FOREST,SUR-45541
LR-18468,FRA-18468,3.91,FOREST,SUR-75801
LR-18469,FRA-18469,2.87,UNCLASSIFIED,SUR-35254
LR-18470,FRA-18470,4.56,REVENUE,SUR-27134
LR-18471,FRA-18471,6.5,UNCLASSIFIED,SUR-90157
LR-18472,FRA-18472,1.42,REVENUE,SUR-28787
LR-18473,FRA-18473,2.45,UNCLASSIFIED,SUR-72122
LR-18474,FRA-18474,4.9,UNCLASSIFIED,SUR-72200
LR-18475,FRA-18475,3.63,FOREST,SUR-51098
LR-18476,FRA-18476,3.24,UNCLASSIFIED,SUR-84398
LR-18477,FRA-18477,3.36,UNCLASSIFIED,SUR-94167
LR-18478,FRA-18478,4.06,REVENUE,SUR-84502
LR-18479,FRA-18479,1.56,UNCLASSIFIED,SUR-97482
LR-18480,FRA-18480,1.11,UNCLASSIFIED,SUR-14873
LR-18481,FRA-18481,5.96,UNCLASSIFIED,SUR-56550
LR-18482,FRA-18482,4.55,COMMUNITY,SUR-52969
LR-18483,FRA-18483,2.06,UNCLASSIFIED,SUR-81520
LR-18484,FRA-18484,7.2,REVENUE,SUR-55654
LR-18485,FRA-18485,1.6,FOREST,SUR-17173
LR-18486,FRA-18486,6.51,FOREST,SUR-45244
LR-18487,FRA-18487,7.07,FOREST,SUR-69812
LR-18488,FRA-18488,4.86,COMMUNITY,SUR-45663
LR-18489,FRA-18489,0.72,FOREST,SUR-86894
LR-18490,FRA-18490,7.62,FOREST,SUR-89734
LR-18491,FRA-18491,5.42,REVENUE,SUR-88386
LR-18492,FRA-18492,8.26,REVENUE,SUR-30203
LR-18493,FRA-18493,2.58,FOREST,SUR-95046
LR-18494,FRA-18494,1.13,REVENUE,SUR-61579
LR-18495,FRA-18495,5.25,UNCLASSIFIED,SUR-83481
LR-18496,FRA-18496,3.23,UNCLASSIFIED,SUR-39061
LR-18497,FRA-18497,4.44,UNCLASSIFIED,SUR-76915
LR-18498,FRA-18498,3.53,REVENUE,SUR-77981
LR-18499,FRA-18499,4.19,REVENUE,SUR-78727
LR-18500,FRA-18500,4.99,FOREST,SUR-53264
LR-18501,FRA-18501,4.02,FOREST,SUR-92393
LR-18502,FRA-18502,1.92,FOREST,SUR-11964
LR-18503,FRA-18503,6.29,UNCLASSIFIED,SUR-73196
LR-18504,FRA-18504,0.86,COMMUNITY,SUR-41549
LR-18505,FRA-18505,4.17,REVENUE,SUR-41037
LR-18506,FRA-18506,2.89,FOREST,SUR-90358
LR-18507,FRA-18507,7.05,REVENUE,SUR-69717
LR-18508,FRA-18508,4.31,REVENUE,SUR-11741
LR-18509,FRA-18509,3.68,FOREST,SUR-91523
LR-18510,FRA-18510,5.54,REVENUE,SUR-24312
LR-18511,FRA-18511,2.47,FOREST,SUR-83524
LR-18512,FRA-18512,5.34,COMMUNITY,SUR-23893
LR-18513,FRA-18513,8.22,REVENUE,SUR-59778
LR-18514,FRA-18514,1.12,REVENUE,SUR-84671
LR-18515,FRA-18515,1.48,UNCLASSIFIED,SUR-48052
LR-18516,FRA-18516,4.78,FOREST,SUR-52677
LR-18517,FRA-18517,3.06,FOREST,SUR-65708
LR-18518,FRA-18518,5.21,REVENUE,SUR-34708
LR-18519,FRA-18519,5.37,FOREST,SUR-65514
LR-18520,FRA-18520,2.69,COMMUNITY,SUR-42993
LR-18521,FRA-18521,0.72,COMMUNITY,SUR-81334
LR-18522,FRA-18522,2.6,REVENUE,SUR-72409
LR-18523,FRA-18523,1.38,FOREST,SUR-12638
LR-18524,FRA-18524,4.5,REVENUE,SUR-76146
LR-18525,FRA-18525,7.13,UNCLASSIFIED,SUR-96011
LR-18526,FRA-18526,6.7,COMMUNITY,SUR-19665
LR-18527,FRA-18527,2.41,COMMUNITY,SUR-32224
LR-18528,FRA-18528,5.79,UNCLASSIFIED,SUR-42036
LR-18529,FRA-18529,4.83,COMMUNITY,SUR-71894
LR-18530,FRA-18530,2.04,UNCLASSIFIED,SUR-78508
LR-18531,FRA-18531,2.08,COMMUNITY,SUR-32612
LR-18532,FRA-18532,3.93,COMMUNITY,SUR-38088
LR-18533,FRA-18533,2.84,REVENUE,SUR-99790
LR-18534,FRA-18534,2.94,REVENUE,SUR-94285
LR-18535,FRA-18535,4.48,FOREST,SUR-40240
LR-18536,FRA-18536,2.89,UNCLASSIFIED,SUR-40178
LR-18537,FRA-18537,0.77,COMMUNITY,SUR-76042
LR-18538,FRA-18538,6.67,REVENUE,SUR-38309
LR-18539,FRA-18539,5.97,UNCLASSIFIED,SUR-34309
LR-18540,FRA-18540,1.07,UNCLASSIFIED,SUR-28312
LR-18541,FRA-18541,4.02,UNCLASSIFIED,SUR-56653
LR-18542,FRA-18542,2.0,UNCLASSIFIED,SUR-92724
LR-18543,FRA-18543,1.23,UNCLASSIFIED,SUR-58859
LR-18544,FRA-18544,4.82,FOREST,SUR-60491
LR-18545,FRA-18545,3.78,UNCLASSIFIED,SUR-26953
LR-18546,FRA-18546,2.86,REVENUE,SUR-54708
LR-18547,FRA-18547,1.18,REVENUE,SUR-39253
LR-18548,FRA-18548,5.83,UNCLASSIFIED,SUR-68110
LR-18549,FRA-18549,6.12,UNCLASSIFIED,SUR-53371
LR-18550,FRA-18550,0.98,COMMUNITY,SUR-25224
LR-18551,FRA-18551,5.89,REVENUE,SUR-31297
LR-18552,FRA-18552,1.76,UNCLASSIFIED,SUR-62141
LR-18553,FRA-18553,7.33,UNCLASSIFIED,SUR-35150
LR-18554,FRA-18554,1.5,REVENUE,SUR-73494
LR-18555,FRA-18555,4.83,REVENUE,SUR-29382
LR-18556,FRA-18556,4.05,FOREST,SUR-79922
LR-18557,FRA-18557,8.03,UNCLASSIFIED,SUR-33175
LR-18558,FRA-18558,1.22,FOREST,SUR-19658
LR-18559,FRA-18559,7.13,FOREST,SUR-50509
LR-18560,FRA-18560,5.84,REVENUE,SUR-54336
LR-18561,FRA-18561,5.69,UNCLASSIFIED,SUR-81744
LR-18562,FRA-18562,0.7,REVENUE,SUR-29673
LR-18563,FRA-18563,5.93,REVENUE,SUR-43289
LR-18564,FRA-18564,3.54,FOREST,SUR-56400
LR-18565,FRA-18565,6.08,UNCLASSIFIED,SUR-70583
LR-18566,FRA-18566,2.78,REVENUE,SUR-87778
LR-18567,FRA-18567,4.5,UNCLASSIFIED,SUR-95820
LR-18568,FRA-18568,5.66,COMMUNITY,SUR-44311
LR-18569,FRA-18569,3.41,FOREST,SUR-89607
LR-18570,FRA-18570,7.53,FOREST,SUR-11391
LR-18571,FRA-18571,1.58,COMMUNITY,SUR-30243
LR-18572,FRA-18572,7.53,COMMUNITY,SUR-85115
LR-18573,FRA-18573,5.42,COMMUNITY,SUR-81981
LR-18574,FRA-18574,0.58,UNCLASSIFIED,SUR-56779
LR-18575,FRA-18575,3.86,REVENUE,SUR-28355
LR-18576,FRA-18576,4.18,UNCLASSIFIED,SUR-23018
LR-18577,FRA-18577,4.76,UNCLASSIFIED,SUR-85681
LR-18578,FRA-18578,1.95,COMMUNITY,SUR-45076
LR-18579,FRA-18579,1.22,UNCLASSIFIED,SUR-19182
LR-18580,FRA-18580,6.99,REVENUE,SUR-37108
LR-18581,FRA-18581,5.8,UNCLASSIFIED,SUR-89861
LR-18582,FRA-18582,2.9,UNCLASSIFIED,SUR-45855
LR-18583,FRA-18583,4.86,UNCLASSIFIED,SUR-62415
LR-18584,FRA-18584,6.5,FOREST,SUR-57556
LR-18585,FRA-18585,2.49,UNCLASSIFIED,SUR-31901
LR-18586,FRA-18586,1.57,REVENUE,SUR-16415
LR-18587,FRA-18587,2.9,REVENUE,SUR-76855
LR-18588,FRA-18588,4.32,UNCLASSIFIED,SUR-99672
LR-18589,FRA-18589,1.07,FOREST,SUR-11829
LR-18590,FRA-18590,4.7,REVENUE,SUR-69305
LR-18591,FRA-18591,2.71,UNCLASSIFIED,SUR-86003
LR-18592,FRA-18592,7.67,UNCLASSIFIED,SUR-86972
LR-18593,FRA-18593,1.15,UNCLASSIFIED,SUR-72728
LR-18594,FRA-18594,0.82,COMMUNITY,SUR-40145
LR-18595,FRA-18595,1.54,REVENUE,SUR-33958
LR-18596,FRA-18596,7.76,REVENUE,SUR-30369
LR-18597,FRA-18597,5.07,REVENUE,SUR-90510
LR-18598,FRA-18598,4.87,COMMUNITY,SUR-26078
LR-18599,FRA-18599,3.76,UNCLASSIFIED,SUR-42070
LR-18600,FRA-18600,1.93,FOREST,SUR-52408
LR-18601,FRA-18601,5.83,REVENUE,SUR-78911
LR-18602,FRA-18602,7.43,FOREST,SUR-12947
LR-18603,FRA-18603,3.83,UNCLASSIFIED,SUR-65504
LR-18604,FRA-18604,3.68,COMMUNITY,SUR-71790
LR-18605,FRA-18605,4.11,REVENUE,SUR-60274
LR-18606,FRA-18606,5.21,REVENUE,SUR-84963
LR-18607,FRA-18607,3.89,COMMUNITY,SUR-86002
LR-18608,FRA-18608,3.74,REVENUE,SUR-72250
LR-18609,FRA-18609,6.05,UNCLASSIFIED,SUR-59775
LR-18610,FRA-18610,5.2,UNCLASSIFIED,SUR-55113
LR-18611,FRA-18611,7.03,UNCLASSIFIED,SUR-23351
LR-18612,FRA-18612,5.53,UNCLASSIFIED,SUR-44047
LR-18613,FRA-18613,1.76,REVENUE,SUR-61001
LR-18614,FRA-18614,7.02,REVENUE,SUR-78659
LR-18615,FRA-18615,4.25,COMMUNITY,SUR-76262
LR-18616,FRA-18616,1.64,UNCLASSIFIED,SUR-85205
LR-18617,FRA-18617,5.36,UNCLASSIFIED,SUR-54155
LR-18618,FRA-18618,2.22,FOREST,SUR-80993
LR-18619,FRA-18619,6.21,FOREST,SUR-37895
LR-18620,FRA-18620,3.06,FOREST,SUR-15249
LR-18621,FRA-18621,3.65,UNCLASSIFIED,SUR-72579
LR-18622,FRA-18622,2.28,COMMUNITY,SUR-75784
LR-18623,FRA-18623,0.86,COMMUNITY,SUR-62996
LR-18624,FRA-18624,4.19,UNCLASSIFIED,SUR-64293
LR-18625,FRA-18625,6.9,REVENUE,SUR-79889
LR-18626,FRA-18626,3.75,UNCLASSIFIED,SUR-97400
LR-18627,FRA-18627,4.44,REVENUE,SUR-44060
LR-18628,FRA-18628,3.89,UNCLASSIFIED,SUR-27550
LR-18629,FRA-18629,6.15,FOREST,SUR-25091
LR-18630,FRA-18630,2.83,FOREST,SUR-48619
LR-18631,FRA-18631,4.27,UNCLASSIFIED,SUR-64278
LR-18632,FRA-18632,4.31,COMMUNITY,SUR-23945
LR-18633,FRA-18633,1.24,COMMUNITY,SUR-49761
LR-18634,FRA-18634,4.25,REVENUE,SUR-99683
LR-18635,FRA-18635,7.09,UNCLASSIFIED,SUR-51442
LR-18636,FRA-18636,1.26,COMMUNITY,SUR-51126
LR-18637,FRA-18637,6.01,FOREST,SUR-22579
LR-18638,FRA-18638,1.88,FOREST,SUR-85829
LR-18639,FRA-18639,3.08,REVENUE,SUR-28325
LR-18640,FRA-18640,1.84,UNCLASSIFIED,SUR-94409
LR-18641,FRA-18641,7.34,REVENUE,SUR-84028
LR-18642,FRA-18642,0.66,UNCLASSIFIED,SUR-30529
LR-18643,FRA-18643,4.53,FOREST,SUR-47846
LR-18644,FRA-18644,4.32,REVENUE,SUR-56235
LR-18645,FRA-18645,6.05,REVENUE,SUR-73934
LR-18646,FRA-18646,5.32,UNCLASSIFIED,SUR-86257
LR-18647,FRA-18647,1.28,FOREST,SUR-44848
LR-18648,FRA-18648,0.77,UNCLASSIFIED,SUR-24307
LR-18649,FRA-18649,0.63,FOREST,SUR-85786
LR-18650,FRA-18650,1.4,REVENUE,SUR-20566
LR-18651,FRA-18651,6.67,FOREST,SUR-37832
LR-18652,FRA-18652,2.03,COMMUNITY,SUR-40474
LR-18653,FRA-18653,2.0,UNCLASSIFIED,SUR-21032
LR-18654,FRA-18654,1.45,UNCLASSIFIED,SUR-79628
LR-18655,FRA-18655,2.34,UNCLASSIFIED,SUR-94376
LR-18656,FRA-18656,6.82,FOREST,SUR-54630
LR-18657,FRA-18657,0.55,UNCLASSIFIED,SUR-75712
LR-18658,FRA-18658,0.93,FOREST,SUR-70102
LR-18659,FRA-18659,2.89,COMMUNITY,SUR-70526
LR-18660,FRA-18660,5.24,FOREST,SUR-47577
LR-18661,FRA-18661,1.21,FOREST,SUR-58940
LR-18662,FRA-18662,1.89,UNCLASSIFIED,SUR-87537
LR-18663,FRA-18663,7.73,REVENUE,SUR-23301
LR-18664,FRA-18664,1.79,UNCLASSIFIED,SUR-43383
LR-18665,FRA-18665,0.55,COMMUNITY,SUR-92564
LR-18666,FRA-18666,7.19,REVENUE,SUR-68885
LR-18667,FRA-18667,1.67,REVENUE,SUR-16519
LR-18668,FRA-18668,1.27,REVENUE,SUR-60018
LR-18669,FRA-18669,3.6,UNCLASSIFIED,SUR-53170
LR-18670,FRA-18670,5.4,FOREST,SUR-37232
LR-18671,FRA-18671,1.25,UNCLASSIFIED,SUR-37963
LR-18672,FRA-18672,0.61,COMMUNITY,SUR-93628
LR-18673,FRA-18673,4.04,REVENUE,SUR-40045
LR-18674,FRA-18674,2.83,REVENUE,SUR-21291
LR-18675,FRA-18675,6.31,COMMUNITY,SUR-90416
LR-18676,FRA-18676,2.33,REVENUE,SUR-24839
LR-18677,FRA-18677,1.51,FOREST,SUR-95452
LR-18678,FRA-18678,7.76,REVENUE,SUR-83270
LR-18679,FRA-18679,6.09,FOREST,SUR-65481
LR-18680,FRA-18680,5.32,UNCLASSIFIED,SUR-18752
LR-18681,FRA-18681,2.34,COMMUNITY,SUR-88236
LR-18682,FRA-18682,6.66,COMMUNITY,SUR-82121
LR-18683,FRA-18683,4.95,COMMUNITY,SUR-68442
LR-18684,FRA-18684,2.79,UNCLASSIFIED,SUR-14008
LR-18685,FRA-18685,2.42,FOREST,SUR-39133
LR-18686,FRA-18686,1.14,COMMUNITY,SUR-34655
LR-18687,FRA-18687,1.12,REVENUE,SUR-73559
LR-18688,FRA-18688,2.95,REVENUE,SUR-40207
LR-18689,FRA-18689,5.08,COMMUNITY,SUR-94784
LR-18690,FRA-18690,3.28,UNCLASSIFIED,SUR-81488
LR-18691,FRA-18691,5.49,REVENUE,SUR-56537
LR-18692,FRA-18692,7.11,REVENUE,SUR-43773
LR-18693,FRA-18693,1.48,FOREST,SUR-98071
LR-18694,FRA-18694,6.94,FOREST,SUR-94810
LR-18695,FRA-18695,1.88,REVENUE,SUR-74594
LR-18696,FRA-18696,4.66,UNCLASSIFIED,SUR-22476
LR-18697,FRA-18697,1.16,FOREST,SUR-44161
LR-18698,FRA-18698,6.66,UNCLASSIFIED,SUR-13942
LR-18699,FRA-18699,4.4,REVENUE,SUR-83953
LR-18700,FRA-18700,2.89,FOREST,SUR-25776
LR-18701,FRA-18701,1.55,UNCLASSIFIED,SUR-36399
LR-18702,FRA-18702,3.32,REVENUE,SUR-13032
LR-18703,FRA-18703,1.18,REVENUE,SUR-54453
LR-18704,FRA-18704,7.46,FOREST,SUR-80982
LR-18705,FRA-18705,1.26,REVENUE,SUR-77495
LR-18706,FRA-18706,3.78,UNCLASSIFIED,SUR-24995
LR-18707,FRA-18707,6.33,COMMUNITY,SUR-55979
LR-18708,FRA-18708,1.52,FOREST,SUR-42398
LR-18709,FRA-18709,0.92,COMMUNITY,SUR-55718
LR-18710,FRA-18710,6.19,COMMUNITY,SUR-92252
LR-18711,FRA-18711,3.06,FOREST,SUR-38525
LR-18712,FRA-18712,5.18,FOREST,SUR-11847
LR-18713,FRA-18713,5.62,FOREST,SUR-15244
LR-18714,FRA-18714,0.65,COMMUNITY,SUR-24414
LR-18715,FRA-18715,4.93,COMMUNITY,SUR-99856
LR-18716,FRA-18716,4.54,COMMUNITY,SUR-65563
LR-18717,FRA-18717,5.08,COMMUNITY,SUR-39327
LR-18718,FRA-18718,1.37,COMMUNITY,SUR-98236
LR-18719,FRA-18719,5.19,UNCLASSIFIED,SUR-62412
LR-18720,FRA-18720,2.48,REVENUE,SUR-38711
LR-18721,FRA-18721,6.71,FOREST,SUR-85793
LR-18722,FRA-18722,7.92,FOREST,SUR-86963
LR-18723,FRA-18723,1.38,FOREST,SUR-36612
LR-18724,FRA-18724,6.72,FOREST,SUR-97417
LR-18725,FRA-18725,7.9,COMMUNITY,SUR-52184
LR-18726,FRA-18726,7.02,REVENUE,SUR-14391
LR-18727,FRA-18727,1.22,COMMUNITY,SUR-38128
LR-18728,FRA-18728,3.09,FOREST,SUR-13853
LR-18729,FRA-18729,4.82,REVENUE,SUR-31433
LR-18730,FRA-18730,1.37,FOREST,SUR-20325
LR-18731,FRA-18731,7.14,COMMUNITY,SUR-33051
LR-18732,FRA-18732,4.98,FOREST,SUR-21561
LR-18733,FRA-18733,2.27,REVENUE,SUR-51246
LR-18734,FRA-18734,7.29,UNCLASSIFIED,SUR-97005
LR-18735,FRA-18735,4.34,UNCLASSIFIED,SUR-27023
LR-18736,FRA-18736,2.77,FOREST,SUR-81889
LR-18737,FRA-18737,2.43,FOREST,SUR-27937
LR-18738,FRA-18738,0.9,COMMUNITY,SUR-54941
LR-18739,FRA-18739,4.32,COMMUNITY,SUR-62928
LR-18740,FRA-18740,2.8,UNCLASSIFIED,SUR-61294
LR-18741,FRA-18741,2.78,FOREST,SUR-71729
LR-18742,FRA-18742,7.31,COMMUNITY,SUR-20483
LR-18743,FRA-18743,1.97,REVENUE,SUR-98159
LR-18744,FRA-18744,5.75,UNCLASSIFIED,SUR-50145
LR-18745,FRA-18745,6.88,UNCLASSIFIED,SUR-74691
LR-18746,FRA-18746,0.52,COMMUNITY,SUR-81188
LR-18747,FRA-18747,6.52,FOREST,SUR-37345
LR-18748,FRA-18748,5.42,COMMUNITY,SUR-58456
LR-18749,FRA-18749,4.31,COMMUNITY,SUR-46810
LR-18750,FRA-18750,5.16,UNCLASSIFIED,SUR-21511
LR-18751,FRA-18751,7.01,COMMUNITY,SUR-93426
LR-18752,FRA-18752,3.27,COMMUNITY,SUR-27898
LR-18753,FRA-18753,4.23,FOREST,SUR-96497
LR-18754,FRA-18754,3.16,FOREST,SUR-49531
LR-18755,FRA-18755,6.16,COMMUNITY,SUR-31199
LR-18756,FRA-18756,6.08,FOREST,SUR-87726
LR-18757,FRA-18757,2.78,REVENUE,SUR-27754
LR-18758,FRA-18758,6.12,UNCLASSIFIED,SUR-62287
LR-18759,FRA-18759,1.16,FOREST,SUR-98590
LR-18760,FRA-18760,5.69,UNCLASSIFIED,SUR-31872
LR-18761,FRA-18761,5.68,FOREST,SUR-57694
LR-18762,FRA-18762,5.58,COMMUNITY,SUR-96640
LR-18763,FRA-18763,3.72,COMMUNITY,SUR-64160
LR-18764,FRA-18764,3.84,REVENUE,SUR-11359
LR-18765,FRA-18765,5.7,REVENUE,SUR-64056
LR-18766,FRA-18766,7.83,REVENUE,SUR-78250
LR-18767,FRA-18767,2.1,FOREST,SUR-42289
LR-18768,FRA-18768,0.86,REVENUE,SUR-49381
LR-18769,FRA-18769,7.97,FOREST,SUR-80872
LR-18770,FRA-18770,5.37,REVENUE,SUR-35884
LR-18771,FRA-18771,3.93,UNCLASSIFIED,SUR-27302
LR-18772,FRA-18772,1.37,UNCLASSIFIED,SUR-31541
LR-18773,FRA-18773,0.78,FOREST,SUR-90314
LR-18774,FRA-18774,1.75,UNCLASSIFIED,SUR-20432
LR-18775,FRA-18775,1.07,UNCLASSIFIED,SUR-85633
LR-18776,FRA-18776,5.93,FOREST,SUR-76000
LR-18777,FRA-18777,4.37,UNCLASSIFIED,SUR-39373
LR-18778,FRA-18778,3.58,UNCLASSIFIED,SUR-79445
LR-18779,FRA-18779,4.91,FOREST,SUR-42691
LR-18780,FRA-18780,5.23,REVENUE,SUR-20741
LR-18781,FRA-18781,8.3,FOREST,SUR-88330
LR-18782,FRA-18782,6.55,UNCLASSIFIED,SUR-97523
LR-18783,FRA-18783,3.56,REVENUE,SUR-74921
LR-18784,FRA-18784,6.6,UNCLASSIFIED,SUR-51688
LR-18785,FRA-18785,2.47,REVENUE,SUR-59552
LR-18786,FRA-18786,7.2,UNCLASSIFIED,SUR-18598
LR-18787,FRA-18787,7.18,UNCLASSIFIED,SUR-43708
LR-18788,FRA-18788,3.02,UNCLASSIFIED,SUR-31853
LR-18789,FRA-18789,6.28,REVENUE,SUR-58624
LR-18790,FRA-18790,1.4,UNCLASSIFIED,SUR-88368
LR-18791,FRA-18791,5.91,COMMUNITY,SUR-51982
LR-18792,FRA-18792,6.45,COMMUNITY,SUR-24137
LR-18793,FRA-18793,1.11,COMMUNITY,SUR-57193
LR-18794,FRA-18794,6.67,FOREST,SUR-92294
LR-18795,FRA-18795,3.54,UNCLASSIFIED,SUR-32737
LR-18796,FRA-18796,2.31,COMMUNITY,SUR-33154
LR-18797,FRA-18797,4.91,UNCLASSIFIED,SUR-87370
LR-18798,FRA-18798,6.61,COMMUNITY,SUR-97484
LR-18799,FRA-18799,6.8,UNCLASSIFIED,SUR-79101
LR-18800,FRA-18800,6.53,FOREST,SUR-17530
LR-18801,FRA-18801,1.74,REVENUE,SUR-16773
LR-18802,FRA-18802,7.12,UNCLASSIFIED,SUR-67233
LR-18803,FRA-18803,3.28,REVENUE,SUR-12928
LR-18804,FRA-18804,2.55,FOREST,SUR-97434
LR-18805,FRA-18805,4.55,COMMUNITY,SUR-41472
LR-18806,FRA-18806,2.48,UNCLASSIFIED,SUR-39019
LR-18807,FRA-18807,6.4,REVENUE,SUR-44068
LR-18808,FRA-18808,6.34,COMMUNITY,SUR-76294
LR-18809,FRA-18809,5.17,REVENUE,SUR-17758
LR-18810,FRA-18810,3.77,UNCLASSIFIED,SUR-72424
LR-18811,FRA-18811,4.33,COMMUNITY,SUR-82256
LR-18812,FRA-18812,4.77,UNCLASSIFIED,SUR-61625
LR-18813,FRA-18813,6.02,REVENUE,SUR-86408
LR-18814,FRA-18814,5.71,FOREST,SUR-92669
LR-18815,FRA-18815,2.19,COMMUNITY,SUR-59585
LR-18816,FRA-18816,0.88,REVENUE,SUR-30304
LR-18817,FRA-18817,2.15,REVENUE,SUR-36933
LR-18818,FRA-18818,0.76,FOREST,SUR-46078
LR-18819,FRA-18819,2.17,FOREST,SUR-10621
LR-18820,FRA-18820,1.26,FOREST,SUR-87768
LR-18821,FRA-18821,6.09,FOREST,SUR-92820
LR-18822,FRA-18822,2.42,REVENUE,SUR-93204
LR-18823,FRA-18823,2.96,FOREST,SUR-12170
LR-18824,FRA-18824,6.59,COMMUNITY,SUR-75804
LR-18825,FRA-18825,2.67,FOREST,SUR-44094
LR-18826,FRA-18826,2.46,REVENUE,SUR-46743
LR-18827,FRA-18827,5.03,REVENUE,SUR-98419
LR-18828,FRA-18828,4.25,UNCLASSIFIED,SUR-38603
LR-18829,FRA-18829,6.29,UNCLASSIFIED,SUR-62357
LR-18830,FRA-18830,5.74,UNCLASSIFIED,SUR-24590
LR-18831,FRA-18831,2.18,FOREST,SUR-85949
LR-18832,FRA-18832,5.37,REVENUE,SUR-23825
LR-18833,FRA-18833,6.79,COMMUNITY,SUR-50941
LR-18834,FRA-18834,1.72,UNCLASSIFIED,SUR-88306
LR-18835,FRA-18835,3.13,FOREST,SUR-34012
LR-18836,FRA-18836,1.4,REVENUE,SUR-46733
LR-18837,FRA-18837,4.11,FOREST,SUR-43994
LR-18838,FRA-18838,0.69,FOREST,SUR-36606
LR-18839,FRA-18839,1.58,UNCLASSIFIED,SUR-30327
LR-18840,FRA-18840,4.73,REVENUE,SUR-66502
LR-18841,FRA-18841,6.37,UNCLASSIFIED,SUR-73207
LR-18842,FRA-18842,6.34,COMMUNITY,SUR-24998
LR-18843,FRA-18843,6.91,FOREST,SUR-84679
LR-18844,FRA-18844,6.52,COMMUNITY,SUR-25505
LR-18845,FRA-18845,2.03,UNCLASSIFIED,SUR-75655
LR-18846,FRA-18846,2.61,REVENUE,SUR-12587
LR-18847,FRA-18847,6.2,REVENUE,SUR-89981
LR-18848,FRA-18848,0.55,UNCLASSIFIED,SUR-88271
LR-18849,FRA-18849,7.27,UNCLASSIFIED,SUR-84735
LR-18850,FRA-18850,3.14,COMMUNITY,SUR-86072
LR-18851,FRA-18851,1.14,COMMUNITY,SUR-11717
LR-18852,FRA-18852,1.7,COMMUNITY,SUR-15203
LR-18853,FRA-18853,4.12,UNCLASSIFIED,SUR-37202
LR-18854,FRA-18854,7.47,REVENUE,SUR-12137
LR-18855,FRA-18855,7.15,UNCLASSIFIED,SUR-49160
LR-18856,FRA-18856,2.65,REVENUE,SUR-61226
LR-18857,FRA-18857,0.51,REVENUE,SUR-13195
LR-18858,FRA-18858,6.92,REVENUE,SUR-89613
LR-18859,FRA-18859,1.47,FOREST,SUR-69660
LR-18860,FRA-18860,3.48,UNCLASSIFIED,SUR-61732
LR-18861,FRA-18861,6.09,COMMUNITY,SUR-33008
LR-18862,FRA-18862,7.6,FOREST,SUR-63501
LR-18863,FRA-18863,7.43,COMMUNITY,SUR-38429
LR-18864,FRA-18864,5.44,REVENUE,SUR-77131
LR-18865,FRA-18865,5.61,REVENUE,SUR-87186
LR-18866,FRA-18866,1.57,REVENUE,SUR-87316
LR-18867,FRA-18867,3.69,FOREST,SUR-54873
LR-18868,FRA-18868,6.43,COMMUNITY,SUR-25295
LR-18869,FRA-18869,4.53,UNCLASSIFIED,SUR-42563
LR-18870,FRA-18870,1.2,REVENUE,SUR-44342
LR-18871,FRA-18871,4.9,UNCLASSIFIED,SUR-16907
LR-18872,FRA-18872,0.93,UNCLASSIFIED,SUR-39421
LR-18873,FRA-18873,6.77,REVENUE,SUR-20888
LR-18874,FRA-18874,5.86,UNCLASSIFIED,SUR-35463
LR-18875,FRA-18875,6.33,COMMUNITY,SUR-70578
LR-18876,FRA-18876,2.38,COMMUNITY,SUR-54192
LR-18877,FRA-18877,5.09,UNCLASSIFIED,SUR-12561
LR-18878,FRA-18878,0.63,COMMUNITY,SUR-41599
LR-18879,FRA-18879,7.82,UNCLASSIFIED,SUR-64982
LR-18880,FRA-18880,5.39,UNCLASSIFIED,SUR-99142
LR-18881,FRA-18881,5.45,COMMUNITY,SUR-38026
LR-18882,FRA-18882,5.71,COMMUNITY,SUR-13913
LR-18883,FRA-18883,6.27,FOREST,SUR-37793
LR-18884,FRA-18884,2.24,FOREST,SUR-37584
LR-18885,FRA-18885,7.23,COMMUNITY,SUR-55544
LR-18886,FRA-18886,0.57,FOREST,SUR-36125
LR-18887,FRA-18887,3.01,REVENUE,SUR-40653
LR-18888,FRA-18888,7.21,REVENUE,SUR-51741
LR-18889,FRA-18889,1.96,REVENUE,SUR-41646
LR-18890,FRA-18890,2.62,COMMUNITY,SUR-47863
LR-18891,FRA-18891,2.45,FOREST,SUR-72656
LR-18892,FRA-18892,4.29,FOREST,SUR-73568
LR-18893,FRA-18893,2.74,REVENUE,SUR-98908
LR-18894,FRA-18894,4.42,FOREST,SUR-70088
LR-18895,FRA-18895,6.42,FOREST,SUR-48363
LR-18896,FRA-18896,5.55,COMMUNITY,SUR-27012
LR-18897,FRA-18897,2.38,FOREST,SUR-17384
LR-18898,FRA-18898,0.6,COMMUNITY,SUR-19956
LR-18899,FRA-18899,1.15,UNCLASSIFIED,SUR-61427
LR-18900,FRA-18900,7.21,COMMUNITY,SUR-60420
LR-18901,FRA-18901,1.32,UNCLASSIFIED,SUR-58121
LR-18902,FRA-18902,7.4,REVENUE,SUR-77760
LR-18903,FRA-18903,6.66,COMMUNITY,SUR-56844
LR-18904,FRA-18904,3.69,REVENUE,SUR-26760
LR-18905,FRA-18905,4.75,REVENUE,SUR-62234
LR-18906,FRA-18906,7.51,FOREST,SUR-84348
LR-18907,FRA-18907,6.55,UNCLASSIFIED,SUR-22986
LR-18908,FRA-18908,4.85,COMMUNITY,SUR-52611
LR-18909,FRA-18909,4.41,UNCLASSIFIED,SUR-27151
LR-18910,FRA-18910,7.41,COMMUNITY,SUR-66986
LR-18911,FRA-18911,0.76,REVENUE,SUR-79016
LR-18912,FRA-18912,7.02,COMMUNITY,SUR-50263
LR-18913,FRA-18913,4.24,REVENUE,SUR-43858
LR-18914,FRA-18914,4.15,COMMUNITY,SUR-40369
LR-18915,FRA-18915,4.9,REVENUE,SUR-30353
LR-18916,FRA-18916,6.47,COMMUNITY,SUR-10061
LR-18917,FRA-18917,7.21,REVENUE,SUR-33080
LR-18918,FRA-18918,2.86,UNCLASSIFIED,SUR-64575
LR-18919,FRA-18919,0.78,UNCLASSIFIED,SUR-39746
LR-18920,FRA-18920,6.3,FOREST,SUR-70922
LR-18921,FRA-18921,5.5,FOREST,SUR-22199
LR-18922,FRA-18922,5.84,UNCLASSIFIED,SUR-56512
LR-18923,FRA-18923,7.37,COMMUNITY,SUR-79977
LR-18924,FRA-18924,2.7,UNCLASSIFIED,SUR-91276
LR-18925,FRA-18925,1.45,REVENUE,SUR-65987
LR-18926,FRA-18926,1.68,COMMUNITY,SUR-56818
LR-18927,FRA-18927,7.36,COMMUNITY,SUR-59987
LR-18928,FRA-18928,3.47,FOREST,SUR-21968
LR-18929,FRA-18929,2.56,FOREST,SUR-10784
LR-18930,FRA-18930,1.09,UNCLASSIFIED,SUR-99096
LR-18931,FRA-18931,1.12,REVENUE,SUR-90297
LR-18932,FRA-18932,3.56,REVENUE,SUR-92158
LR-18933,FRA-18933,2.94,COMMUNITY,SUR-60052
LR-18934,FRA-18934,1.77,REVENUE,SUR-63979
LR-18935,FRA-18935,7.27,REVENUE,SUR-82652
LR-18936,FRA-18936,5.41,UNCLASSIFIED,SUR-35716
LR-18937,FRA-18937,0.55,REVENUE,SUR-32014
LR-18938,FRA-18938,2.85,FOREST,SUR-20462
LR-18939,FRA-18939,7.22,FOREST,SUR-32895
LR-18940,FRA-18940,0.72,FOREST,SUR-60585
LR-18941,FRA-18941,1.13,REVENUE,SUR-91284
LR-18942,FRA-18942,3.57,COMMUNITY,SUR-35797
LR-18943,FRA-18943,4.85,FOREST,SUR-60273
LR-18944,FRA-18944,2.98,FOREST,SUR-64471
LR-18945,FRA-18945,7.67,REVENUE,SUR-20830
LR-18946,FRA-18946,6.74,REVENUE,SUR-46793
LR-18947,FRA-18947,4.15,REVENUE,SUR-13002
LR-18948,FRA-18948,2.24,FOREST,SUR-73057
LR-18949,FRA-18949,7.3,UNCLASSIFIED,SUR-21374
LR-18950,FRA-18950,1.83,COMMUNITY,SUR-35284
LR-18951,FRA-18951,2.08,COMMUNITY,SUR-17092
LR-18952,FRA-18952,5.3,UNCLASSIFIED,SUR-55862
LR-18953,FRA-18953,7.31,FOREST,SUR-13821
LR-18954,FRA-18954,3.67,COMMUNITY,SUR-86215
LR-18955,FRA-18955,0.86,UNCLASSIFIED,SUR-77258
LR-18956,FRA-18956,7.34,REVENUE,SUR-17469
LR-18957,FRA-18957,4.64,UNCLASSIFIED,SUR-15664
LR-18958,FRA-18958,5.46,UNCLASSIFIED,SUR-53154
LR-18959,FRA-18959,4.26,UNCLASSIFIED,SUR-51289
LR-18960,FRA-18960,1.06,REVENUE,SUR-38830
LR-18961,FRA-18961,6.01,FOREST,SUR-90577
LR-18962,FRA-18962,1.52,REVENUE,SUR-99236
LR-18963,FRA-18963,1.07,COMMUNITY,SUR-90747
LR-18964,FRA-18964,4.37,COMMUNITY,SUR-63536
LR-18965,FRA-18965,3.11,COMMUNITY,SUR-70536
LR-18966,FRA-18966,1.09,UNCLASSIFIED,SUR-75088
LR-18967,FRA-18967,5.38,COMMUNITY,SUR-47612
LR-18968,FRA-18968,2.48,FOREST,SUR-27431
LR-18969,FRA-18969,2.31,COMMUNITY,SUR-27519
LR-18970,FRA-18970,2.77,UNCLASSIFIED,SUR-98162
LR-18971,FRA-18971,0.57,REVENUE,SUR-14908
LR-18972,FRA-18972,2.48,COMMUNITY,SUR-21473
LR-18973,FRA-18973,5.77,REVENUE,SUR-16325
LR-18974,FRA-18974,4.64,FOREST,SUR-56688
LR-18975,FRA-18975,4.74,REVENUE,SUR-23544
LR-18976,FRA-18976,0.55,UNCLASSIFIED,SUR-55236
LR-18977,FRA-18977,2.88,FOREST,SUR-23395
LR-18978,FRA-18978,4.09,UNCLASSIFIED,SUR-38993
LR-18979,FRA-18979,3.74,REVENUE,SUR-44017
LR-18980,FRA-18980,2.88,FOREST,SUR-42082
LR-18981,FRA-18981,6.57,REVENUE,SUR-98800
LR-18982,FRA-18982,1.76,FOREST,SUR-11396
LR-18983,FRA-18983,1.43,REVENUE,SUR-50402
LR-18984,FRA-18984,4.2,COMMUNITY,SUR-92716
LR-18985,FRA-18985,1.81,COMMUNITY,SUR-20506
LR-18986,FRA-18986,7.4,COMMUNITY,SUR-70142
LR-18987,FRA-18987,5.5,FOREST,SUR-57365
LR-18988,FRA-18988,3.71,FOREST,SUR-47636
LR-18989,FRA-18989,6.05,UNCLASSIFIED,SUR-23747
LR-18990,FRA-18990,0.91,FOREST,SUR-53612
LR-18991,FRA-18991,5.93,COMMUNITY,SUR-54675
LR-18992,FRA-18992,6.03,COMMUNITY,SUR-95847
LR-18993,FRA-18993,0.8,REVENUE,SUR-59648
LR-18994,FRA-18994,4.97,COMMUNITY,SUR-48173
LR-18995,FRA-18995,6.54,FOREST,SUR-57120
LR-18996,FRA-18996,2.35,FOREST,SUR-24301
LR-18997,FRA-18997,2.91,REVENUE,SUR-36117
LR-18998,FRA-18998,1.39,FOREST,SUR-96056
LR-18999,FRA-18999,5.01,FOREST,SUR-61907
LR-19000,FRA-19000,1.27,FOREST,SUR-89857
LR-19001,FRA-19001,7.67,REVENUE,SUR-20566
LR-19002,FRA-19002,3.56,REVENUE,SUR-82395
LR-19003,FRA-19003,0.65,REVENUE,SUR-21787
LR-19004,FRA-19004,0.59,UNCLASSIFIED,SUR-87116
LR-19005,FRA-19005,2.57,COMMUNITY,SUR-22302
LR-19006,FRA-19006,2.91,UNCLASSIFIED,SUR-60258
LR-19007,FRA-19007,3.63,UNCLASSIFIED,SUR-99254
LR-19008,FRA-19008,3.96,UNCLASSIFIED,SUR-67882
LR-19009,FRA-19009,5.65,COMMUNITY,SUR-77149
LR-19010,FRA-19010,1.96,UNCLASSIFIED,SUR-97289
LR-19011,FRA-19011,3.8,REVENUE,SUR-22035
LR-19012,FRA-19012,1.02,FOREST,SUR-51247
LR-19013,FRA-19013,4.47,COMMUNITY,SUR-94796
LR-19014,FRA-19014,4.59,UNCLASSIFIED,SUR-20788
LR-19015,FRA-19015,3.93,UNCLASSIFIED,SUR-71721
LR-19016,FRA-19016,6.9,FOREST,SUR-78750
LR-19017,FRA-19017,5.23,FOREST,SUR-77531
LR-19018,FRA-19018,6.17,COMMUNITY,SUR-21204
LR-19019,FRA-19019,5.08,REVENUE,SUR-97404
LR-19020,FRA-19020,2.35,REVENUE,SUR-85060
LR-19021,FRA-19021,5.37,REVENUE,SUR-37184
LR-19022,FRA-19022,5.9,COMMUNITY,SUR-18207
LR-19023,FRA-19023,2.8,COMMUNITY,SUR-92895
LR-19024,FRA-19024,1.47,UNCLASSIFIED,SUR-69989
LR-19025,FRA-19025,7.43,COMMUNITY,SUR-80836
LR-19026,FRA-19026,3.3,FOREST,SUR-21814
LR-19027,FRA-19027,5.1,UNCLASSIFIED,SUR-76976
LR-19028,FRA-19028,5.41,FOREST,SUR-75125
LR-19029,FRA-19029,3.88,FOREST,SUR-84592
LR-19030,FRA-19030,4.79,COMMUNITY,SUR-53050
LR-19031,FRA-19031,5.74,UNCLASSIFIED,SUR-34778
LR-19032,FRA-19032,4.28,COMMUNITY,SUR-26005
LR-19033,FRA-19033,2.09,COMMUNITY,SUR-83967
LR-19034,FRA-19034,1.22,UNCLASSIFIED,SUR-65144
LR-19035,FRA-19035,1.38,REVENUE,SUR-73567
LR-19036,FRA-19036,7.27,REVENUE,SUR-15740
LR-19037,FRA-19037,6.24,FOREST,SUR-52093
LR-19038,FRA-19038,5.01,UNCLASSIFIED,SUR-15880
LR-19039,FRA-19039,2.78,REVENUE,SUR-99480
LR-19040,FRA-19040,3.35,UNCLASSIFIED,SUR-72654
LR-19041,FRA-19041,2.44,FOREST,SUR-54841
LR-19042,FRA-19042,7.38,COMMUNITY,SUR-11400
LR-19043,FRA-19043,0.83,FOREST,SUR-17601
LR-19044,FRA-19044,4.93,COMMUNITY,SUR-47995
LR-19045,FRA-19045,3.79,REVENUE,SUR-78394
LR-19046,FRA-19046,4.64,FOREST,SUR-32836
LR-19047,FRA-19047,3.65,UNCLASSIFIED,SUR-16761
LR-19048,FRA-19048,1.5,UNCLASSIFIED,SUR-46535
LR-19049,FRA-19049,3.78,REVENUE,SUR-44004
LR-19050,FRA-19050,4.2,COMMUNITY,SUR-17899
LR-19051,FRA-19051,2.56,REVENUE,SUR-62872
LR-19052,FRA-19052,5.41,COMMUNITY,SUR-79550
LR-19053,FRA-19053,0.99,COMMUNITY,SUR-58915
LR-19054,FRA-19054,7.08,UNCLASSIFIED,SUR-39830
LR-19055,FRA-19055,0.98,REVENUE,SUR-11672
LR-19056,FRA-19056,6.62,COMMUNITY,SUR-70853
LR-19057,FRA-19057,3.37,REVENUE,SUR-79273
LR-19058,FRA-19058,4.81,UNCLASSIFIED,SUR-89101
LR-19059,FRA-19059,5.34,COMMUNITY,SUR-48605
LR-19060,FRA-19060,1.64,REVENUE,SUR-41633
LR-19061,FRA-19061,5.06,FOREST,SUR-48707
LR-19062,FRA-19062,0.91,FOREST,SUR-86997
LR-19063,FRA-19063,6.5,UNCLASSIFIED,SUR-19334
LR-19064,FRA-19064,5.89,FOREST,SUR-53150
LR-19065,FRA-19065,2.74,COMMUNITY,SUR-93919
LR-19066,FRA-19066,5.74,FOREST,SUR-38784
LR-19067,FRA-19067,6.35,UNCLASSIFIED,SUR-42924
LR-19068,FRA-19068,4.28,FOREST,SUR-67341
LR-19069,FRA-19069,2.7,UNCLASSIFIED,SUR-53181
LR-19070,FRA-19070,5.91,FOREST,SUR-83977
LR-19071,FRA-19071,5.71,UNCLASSIFIED,SUR-72204
LR-19072,FRA-19072,2.88,COMMUNITY,SUR-21805
LR-19073,FRA-19073,5.88,COMMUNITY,SUR-56765
LR-19074,FRA-19074,3.3,REVENUE,SUR-38903
LR-19075,FRA-19075,4.05,FOREST,SUR-22002
LR-19076,FRA-19076,1.47,UNCLASSIFIED,SUR-72758
LR-19077,FRA-19077,2.14,UNCLASSIFIED,SUR-68455
LR-19078,FRA-19078,1.36,REVENUE,SUR-67367
LR-19079,FRA-19079,3.49,REVENUE,SUR-21852
LR-19080,FRA-19080,2.3,REVENUE,SUR-47122
LR-19081,FRA-19081,6.82,UNCLASSIFIED,SUR-21792
LR-19082,FRA-19082,1.3,FOREST,SUR-81218
LR-19083,FRA-19083,4.18,FOREST,SUR-52449
LR-19084,FRA-19084,1.06,COMMUNITY,SUR-94948
LR-19085,FRA-19085,5.97,UNCLASSIFIED,SUR-16790
LR-19086,FRA-19086,7.25,FOREST,SUR-68536
LR-19087,FRA-19087,6.13,REVENUE,SUR-79134
LR-19088,FRA-19088,7.69,FOREST,SUR-27483
LR-19089,FRA-19089,1.66,COMMUNITY,SUR-48357
LR-19090,FRA-19090,1.69,FOREST,SUR-73113
LR-19091,FRA-19091,4.35,UNCLASSIFIED,SUR-76409
LR-19092,FRA-19092,6.21,COMMUNITY,SUR-18899
LR-19093,FRA-19093,5.61,COMMUNITY,SUR-73008
LR-19094,FRA-19094,3.29,UNCLASSIFIED,SUR-45042
LR-19095,FRA-19095,7.93,REVENUE,SUR-84172
LR-19096,FRA-19096,3.96,FOREST,SUR-62362
LR-19097,FRA-19097,5.34,COMMUNITY,SUR-77769
LR-19098,FRA-19098,2.65,REVENUE,SUR-27162
LR-19099,FRA-19099,7.58,FOREST,SUR-61840
LR-19100,FRA-19100,4.29,COMMUNITY,SUR-77981
LR-19101,FRA-19101,2.75,UNCLASSIFIED,SUR-60765
LR-19102,FRA-19102,2.16,REVENUE,SUR-93973
LR-19103,FRA-19103,5.49,COMMUNITY,SUR-90576
LR-19104,FRA-19104,5.15,FOREST,SUR-87748
LR-19105,FRA-19105,5.7,REVENUE,SUR-14359
LR-19106,FRA-19106,6.76,REVENUE,SUR-15634
LR-19107,FRA-19107,1.62,REVENUE,SUR-77741
LR-19108,FRA-19108,2.5,REVENUE,SUR-86876
LR-19109,FRA-19109,2.88,COMMUNITY,SUR-60631
LR-19110,FRA-19110,7.47,UNCLASSIFIED,SUR-26613
LR-19111,FRA-19111,6.99,UNCLASSIFIED,SUR-84111
LR-19112,FRA-19112,3.24,FOREST,SUR-49119
LR-19113,FRA-19113,6.67,COMMUNITY,SUR-43126
LR-19114,FRA-19114,5.76,COMMUNITY,SUR-16379
LR-19115,FRA-19115,5.22,FOREST,SUR-57967
LR-19116,FRA-19116,6.89,UNCLASSIFIED,SUR-87433
LR-19117,FRA-19117,3.83,COMMUNITY,SUR-59445
LR-19118,FRA-19118,2.65,REVENUE,SUR-67969
LR-19119,FRA-19119,1.15,FOREST,SUR-91622
LR-19120,FRA-19120,4.26,REVENUE,SUR-40325
LR-19121,FRA-19121,6.45,COMMUNITY,SUR-81463
LR-19122,FRA-19122,1.81,REVENUE,SUR-35111
LR-19123,FRA-19123,7.52,UNCLASSIFIED,SUR-74873
LR-19124,FRA-19124,6.91,FOREST,SUR-28343
LR-19125,FRA-19125,7.54,FOREST,SUR-54929
LR-19126,FRA-19126,7.07,COMMUNITY,SUR-63786
LR-19127,FRA-19127,1.66,FOREST,SUR-90104
LR-19128,FRA-19128,0.62,REVENUE,SUR-65750
LR-19129,FRA-19129,1.02,COMMUNITY,SUR-12866
LR-19130,FRA-19130,3.51,COMMUNITY,SUR-38213
LR-19131,FRA-19131,4.78,REVENUE,SUR-94304
LR-19132,FRA-19132,4.14,FOREST,SUR-13613
LR-19133,FRA-19133,0.68,FOREST,SUR-66690
LR-19134,FRA-19134,5.98,FOREST,SUR-28778
LR-19135,FRA-19135,2.9,UNCLASSIFIED,SUR-84833
LR-19136,FRA-19136,3.14,UNCLASSIFIED,SUR-30600
LR-19137,FRA-19137,2.08,COMMUNITY,SUR-25704
LR-19138,FRA-19138,1.55,FOREST,SUR-84069
LR-19139,FRA-19139,7.35,REVENUE,SUR-53594
LR-19140,FRA-19140,0.88,REVENUE,SUR-33842
LR-19141,FRA-19141,4.51,FOREST,SUR-26237
LR-19142,FRA-19142,7.03,COMMUNITY,SUR-54387
LR-19143,FRA-19143,4.09,REVENUE,SUR-15866
LR-19144,FRA-19144,5.4,FOREST,SUR-85734
LR-19145,FRA-19145,3.61,REVENUE,SUR-12292
LR-19146,FRA-19146,7.1,FOREST,SUR-45502
LR-19147,FRA-19147,5.81,REVENUE,SUR-42361
LR-19148,FRA-19148,4.34,REVENUE,SUR-12838
LR-19149,FRA-19149,1.26,REVENUE,SUR-55334
LR-19150,FRA-19150,3.26,FOREST,SUR-46750
LR-19151,FRA-19151,4.69,REVENUE,SUR-63127
LR-19152,FRA-19152,2.77,COMMUNITY,SUR-64971
LR-19153,FRA-19153,4.95,REVENUE,SUR-53079
LR-19154,FRA-19154,8.19,FOREST,SUR-75221
LR-19155,FRA-19155,3.69,UNCLASSIFIED,SUR-80885
LR-19156,FRA-19156,7.19,UNCLASSIFIED,SUR-39111
LR-19157,FRA-19157,5.72,REVENUE,SUR-35076
LR-19158,FRA-19158,0.73,FOREST,SUR-61450
LR-19159,FRA-19159,3.41,UNCLASSIFIED,SUR-27432
LR-19160,FRA-19160,1.64,COMMUNITY,SUR-26561
LR-19161,FRA-19161,1.25,COMMUNITY,SUR-28806
LR-19162,FRA-19162,3.31,FOREST,SUR-98128
LR-19163,FRA-19163,1.36,COMMUNITY,SUR-19685
LR-19164,FRA-19164,1.53,UNCLASSIFIED,SUR-81242
LR-19165,FRA-19165,3.01,UNCLASSIFIED,SUR-29957
LR-19166,FRA-19166,1.61,UNCLASSIFIED,SUR-61925
LR-19167,FRA-19167,5.79,FOREST,SUR-81388
LR-19168,FRA-19168,4.59,REVENUE,SUR-53589
LR-19169,FRA-19169,5.89,REVENUE,SUR-49795
LR-19170,FRA-19170,1.78,REVENUE,SUR-43919
LR-19171,FRA-19171,4.3,FOREST,SUR-28825
LR-19172,FRA-19172,1.58,UNCLASSIFIED,SUR-54498
LR-19173,FRA-19173,6.52,FOREST,SUR-93488
LR-19174,FRA-19174,5.75,FOREST,SUR-58100
LR-19175,FRA-19175,3.43,REVENUE,SUR-27497
LR-19176,FRA-19176,2.79,COMMUNITY,SUR-27961
LR-19177,FRA-19177,2.52,REVENUE,SUR-94545
LR-19178,FRA-19178,4.95,FOREST,SUR-58209
LR-19179,FRA-19179,2.24,COMMUNITY,SUR-78516
LR-19180,FRA-19180,5.21,FOREST,SUR-15055
LR-19181,FRA-19181,3.47,UNCLASSIFIED,SUR-71859
LR-19182,FRA-19182,1.1,FOREST,SUR-35098
LR-19183,FRA-19183,4.73,UNCLASSIFIED,SUR-25897
LR-19184,FRA-19184,5.64,FOREST,SUR-45027
LR-19185,FRA-19185,2.69,COMMUNITY,SUR-44106
LR-19186,FRA-19186,2.31,UNCLASSIFIED,SUR-17151
LR-19187,FRA-19187,3.89,COMMUNITY,SUR-29654
LR-19188,FRA-19188,5.51,FOREST,SUR-62028
LR-19189,FRA-19189,1.29,REVENUE,SUR-28228
LR-19190,FRA-19190,5.65,COMMUNITY,SUR-26572
LR-19191,FRA-19191,5.13,REVENUE,SUR-42242
LR-19192,FRA-19192,5.3,REVENUE,SUR-23201
LR-19193,FRA-19193,4.27,FOREST,SUR-57959
LR-19194,FRA-19194,0.61,UNCLASSIFIED,SUR-89565
LR-19195,FRA-19195,2.5,FOREST,SUR-59374
LR-19196,FRA-19196,0.68,UNCLASSIFIED,SUR-26605
LR-19197,FRA-19197,3.26,COMMUNITY,SUR-78093
LR-19198,FRA-19198,3.64,REVENUE,SUR-15529
LR-19199,FRA-19199,3.74,UNCLASSIFIED,SUR-55411
LR-19200,FRA-19200,7.49,FOREST,SUR-19023
LR-19201,FRA-19201,7.76,FOREST,SUR-34805
LR-19202,FRA-19202,3.24,COMMUNITY,SUR-18184
LR-19203,FRA-19203,3.22,UNCLASSIFIED,SUR-72121
LR-19204,FRA-19204,8.08,REVENUE,SUR-83641
LR-19205,FRA-19205,4.57,FOREST,SUR-83367
LR-19206,FRA-19206,3.61,UNCLASSIFIED,SUR-48709
LR-19207,FRA-19207,2.27,FOREST,SUR-16306
LR-19208,FRA-19208,1.12,REVENUE,SUR-43846
LR-19209,FRA-19209,1.98,FOREST,SUR-97234
LR-19210,FRA-19210,7.76,UNCLASSIFIED,SUR-42902
LR-19211,FRA-19211,5.14,REVENUE,SUR-71616
LR-19212,FRA-19212,0.57,COMMUNITY,SUR-13425
LR-19213,FRA-19213,6.07,FOREST,SUR-49409
LR-19214,FRA-19214,6.02,REVENUE,SUR-83568
LR-19215,FRA-19215,3.19,FOREST,SUR-80984
LR-19216,FRA-19216,1.93,FOREST,SUR-32919
LR-19217,FRA-19217,3.31,FOREST,SUR-82430
LR-19218,FRA-19218,4.66,UNCLASSIFIED,SUR-82443
LR-19219,FRA-19219,0.97,REVENUE,SUR-31648
LR-19220,FRA-19220,5.63,REVENUE,SUR-59596
LR-19221,FRA-19221,0.66,REVENUE,SUR-59306
LR-19222,FRA-19222,0.97,REVENUE,SUR-75803
LR-19223,FRA-19223,2.61,UNCLASSIFIED,SUR-46914
LR-19224,FRA-19224,2.85,REVENUE,SUR-47754
LR-19225,FRA-19225,6.14,FOREST,SUR-41796
LR-19226,FRA-19226,7.38,COMMUNITY,SUR-14708
LR-19227,FRA-19227,1.09,UNCLASSIFIED,SUR-56605
LR-19228,FRA-19228,5.48,REVENUE,SUR-95803
LR-19229,FRA-19229,6.74,REVENUE,SUR-55876
LR-19230,FRA-19230,5.83,REVENUE,SUR-37276
LR-19231,FRA-19231,8.17,REVENUE,SUR-47211
LR-19232,FRA-19232,4.76,UNCLASSIFIED,SUR-99600
LR-19233,FRA-19233,4.54,UNCLASSIFIED,SUR-19709
LR-19234,FRA-19234,2.69,COMMUNITY,SUR-64216
LR-19235,FRA-19235,7.02,COMMUNITY,SUR-86160
LR-19236,FRA-19236,2.16,COMMUNITY,SUR-71716
LR-19237,FRA-19237,5.54,UNCLASSIFIED,SUR-66173
LR-19238,FRA-19238,4.78,FOREST,SUR-21333
LR-19239,FRA-19239,7.82,REVENUE,SUR-30642
LR-19240,FRA-19240,1.55,COMMUNITY,SUR-34462
LR-19241,FRA-19241,4.79,REVENUE,SUR-11035
LR-19242,FRA-19242,0.7,COMMUNITY,SUR-48484
LR-19243,FRA-19243,6.52,FOREST,SUR-78982
LR-19244,FRA-19244,3.27,COMMUNITY,SUR-30146
LR-19245,FRA-19245,2.44,FOREST,SUR-68686
LR-19246,FRA-19246,2.0,COMMUNITY,SUR-84575
LR-19247,FRA-19247,3.93,FOREST,SUR-12461
LR-19248,FRA-19248,5.42,FOREST,SUR-72139
LR-19249,FRA-19249,3.77,FOREST,SUR-92340
LR-19250,FRA-19250,3.47,REVENUE,SUR-13123
LR-19251,FRA-19251,4.8,COMMUNITY,SUR-17142
LR-19252,FRA-19252,6.26,COMMUNITY,SUR-93290
LR-19253,FRA-19253,8.0,FOREST,SUR-84716
LR-19254,FRA-19254,2.48,FOREST,SUR-82180
LR-19255,FRA-19255,1.44,UNCLASSIFIED,SUR-30872
LR-19256,FRA-19256,6.31,COMMUNITY,SUR-89125
LR-19257,FRA-19257,2.5,COMMUNITY,SUR-20901
LR-19258,FRA-19258,2.04,FOREST,SUR-56641
LR-19259,FRA-19259,3.11,COMMUNITY,SUR-53760
LR-19260,FRA-19260,1.6,REVENUE,SUR-45183
LR-19261,FRA-19261,7.36,COMMUNITY,SUR-95626
LR-19262,FRA-19262,6.72,REVENUE,SUR-50795
LR-19263,FRA-19263,4.2,UNCLASSIFIED,SUR-22791
LR-19264,FRA-19264,2.72,UNCLASSIFIED,SUR-83414
LR-19265,FRA-19265,2.0,COMMUNITY,SUR-19216
LR-19266,FRA-19266,5.52,UNCLASSIFIED,SUR-96687
LR-19267,FRA-19267,3.31,COMMUNITY,SUR-29242
LR-19268,FRA-19268,3.55,UNCLASSIFIED,SUR-61796
LR-19269,FRA-19269,6.36,REVENUE,SUR-28402
LR-19270,FRA-19270,3.25,FOREST,SUR-35637
LR-19271,FRA-19271,1.93,UNCLASSIFIED,SUR-42058
LR-19272,FRA-19272,0.92,COMMUNITY,SUR-32377
LR-19273,FRA-19273,7.84,FOREST,SUR-41703
LR-19274,FRA-19274,1.83,REVENUE,SUR-35164
LR-19275,FRA-19275,5.91,COMMUNITY,SUR-78462
LR-19276,FRA-19276,3.91,REVENUE,SUR-67851
LR-19277,FRA-19277,3.18,UNCLASSIFIED,SUR-84359
LR-19278,FRA-19278,3.19,UNCLASSIFIED,SUR-88119
LR-19279,FRA-19279,2.79,COMMUNITY,SUR-66454
LR-19280,FRA-19280,6.34,REVENUE,SUR-47539
LR-19281,FRA-19281,2.28,FOREST,SUR-51821
LR-19282,FRA-19282,4.18,COMMUNITY,SUR-65502
LR-19283,FRA-19283,7.25,FOREST,SUR-81116
LR-19284,FRA-19284,2.81,REVENUE,SUR-56664
LR-19285,FRA-19285,4.33,UNCLASSIFIED,SUR-54664
LR-19286,FRA-19286,6.18,COMMUNITY,SUR-16575
LR-19287,FRA-19287,0.62,COMMUNITY,SUR-49683
LR-19288,FRA-19288,1.65,FOREST,SUR-47443
LR-19289,FRA-19289,6.68,COMMUNITY,SUR-37404
LR-19290,FRA-19290,4.64,FOREST,SUR-42001
LR-19291,FRA-19291,7.43,REVENUE,SUR-18196
LR-19292,FRA-19292,2.1,FOREST,SUR-31646
LR-19293,FRA-19293,5.8,REVENUE,SUR-26701
LR-19294,FRA-19294,2.73,FOREST,SUR-34600
LR-19295,FRA-19295,4.09,REVENUE,SUR-17976
LR-19296,FRA-19296,0.66,COMMUNITY,SUR-66625
LR-19297,FRA-19297,5.19,REVENUE,SUR-72477
LR-19298,FRA-19298,1.35,COMMUNITY,SUR-79418
LR-19299,FRA-19299,4.19,REVENUE,SUR-59233
LR-19300,FRA-19300,2.49,UNCLASSIFIED,SUR-32624
LR-19301,FRA-19301,1.16,FOREST,SUR-20417
LR-19302,FRA-19302,1.95,UNCLASSIFIED,SUR-34242
LR-19303,FRA-19303,5.73,UNCLASSIFIED,SUR-37042
LR-19304,FRA-19304,1.59,UNCLASSIFIED,SUR-73780
LR-19305,FRA-19305,2.39,REVENUE,SUR-49662
LR-19306,FRA-19306,6.0,REVENUE,SUR-65853
LR-19307,FRA-19307,0.82,FOREST,SUR-47955
LR-19308,FRA-19308,3.68,FOREST,SUR-60451
LR-19309,FRA-19309,2.62,COMMUNITY,SUR-58085
LR-19310,FRA-19310,3.96,UNCLASSIFIED,SUR-69593
LR-19311,FRA-19311,3.58,UNCLASSIFIED,SUR-64457
LR-19312,FRA-19312,1.39,UNCLASSIFIED,SUR-21128
LR-19313,FRA-19313,5.58,REVENUE,SUR-69307
LR-19314,FRA-19314,4.43,FOREST,SUR-41068
LR-19315,FRA-19315,1.59,FOREST,SUR-24916
LR-19316,FRA-19316,3.44,UNCLASSIFIED,SUR-44408
LR-19317,FRA-19317,3.78,COMMUNITY,SUR-73125
LR-19318,FRA-19318,2.37,FOREST,SUR-98254
LR-19319,FRA-19319,2.27,COMMUNITY,SUR-42262
LR-19320,FRA-19320,1.71,REVENUE,SUR-70358
LR-19321,FRA-19321,5.37,FOREST,SUR-87584
LR-19322,FRA-19322,6.21,FOREST,SUR-24159
LR-19323,FRA-19323,4.2,UNCLASSIFIED,SUR-32723
LR-19324,FRA-19324,7.05,REVENUE,SUR-53023
LR-19325,FRA-19325,1.08,REVENUE,SUR-34005
LR-19326,FRA-19326,4.72,UNCLASSIFIED,SUR-75847
LR-19327,FRA-19327,0.54,UNCLASSIFIED,SUR-52865
LR-19328,FRA-19328,6.42,COMMUNITY,SUR-96497
LR-19329,FRA-19329,1.73,REVENUE,SUR-76607
LR-19330,FRA-19330,6.0,UNCLASSIFIED,SUR-18601
LR-19331,FRA-19331,2.82,UNCLASSIFIED,SUR-25890
LR-19332,FRA-19332,2.17,UNCLASSIFIED,SUR-69980
LR-19333,FRA-19333,8.12,UNCLASSIFIED,SUR-49388
LR-19334,FRA-19334,1.53,COMMUNITY,SUR-76741
LR-19335,FRA-19335,1.19,UNCLASSIFIED,SUR-71842
LR-19336,FRA-19336,1.91,REVENUE,SUR-38401
LR-19337,FRA-19337,5.14,COMMUNITY,SUR-27794
LR-19338,FRA-19338,0.58,REVENUE,SUR-40807
LR-19339,FRA-19339,2.89,FOREST,SUR-98540
LR-19340,FRA-19340,5.88,FOREST,SUR-85992
LR-19341,FRA-19341,3.68,FOREST,SUR-69910
LR-19342,FRA-19342,1.13,REVENUE,SUR-28927
LR-19343,FRA-19343,6.49,FOREST,SUR-19148
LR-19344,FRA-19344,3.95,COMMUNITY,SUR-44388
LR-19345,FRA-19345,2.83,FOREST,SUR-43026
LR-19346,FRA-19346,3.65,REVENUE,SUR-91868
LR-19347,FRA-19347,3.01,REVENUE,SUR-71886
LR-19348,FRA-19348,2.19,REVENUE,SUR-85888
LR-19349,FRA-19349,3.59,FOREST,SUR-33734
LR-19350,FRA-19350,5.82,COMMUNITY,SUR-88871
LR-19351,FRA-19351,1.63,COMMUNITY,SUR-92858
LR-19352,FRA-19352,1.18,REVENUE,SUR-98084
LR-19353,FRA-19353,4.97,COMMUNITY,SUR-80869
LR-19354,FRA-19354,2.91,UNCLASSIFIED,SUR-93206
LR-19355,FRA-19355,6.97,FOREST,SUR-25841
LR-19356,FRA-19356,4.56,REVENUE,SUR-11063
LR-19357,FRA-19357,6.88,FOREST,SUR-75137
LR-19358,FRA-19358,2.15,REVENUE,SUR-68516
LR-19359,FRA-19359,6.99,REVENUE,SUR-15233
LR-19360,FRA-19360,6.21,REVENUE,SUR-43983
LR-19361,FRA-19361,1.42,COMMUNITY,SUR-77210
LR-19362,FRA-19362,4.24,REVENUE,SUR-59875
LR-19363,FRA-19363,6.46,UNCLASSIFIED,SUR-44333
LR-19364,FRA-19364,6.97,FOREST,SUR-86593
LR-19365,FRA-19365,6.74,FOREST,SUR-23312
LR-19366,FRA-19366,1.94,REVENUE,SUR-25360
LR-19367,FRA-19367,7.58,FOREST,SUR-91684
LR-19368,FRA-19368,1.87,FOREST,SUR-92805
LR-19369,FRA-19369,4.75,UNCLASSIFIED,SUR-45216
LR-19370,FRA-19370,5.84,FOREST,SUR-26189
LR-19371,FRA-19371,4.4,REVENUE,SUR-95486
LR-19372,FRA-19372,2.32,COMMUNITY,SUR-36576
LR-19373,FRA-19373,5.34,COMMUNITY,SUR-87552
LR-19374,FRA-19374,6.67,FOREST,SUR-10692
LR-19375,FRA-19375,3.12,REVENUE,SUR-29455
LR-19376,FRA-19376,2.36,REVENUE,SUR-47635
LR-19377,FRA-19377,6.23,UNCLASSIFIED,SUR-42270
LR-19378,FRA-19378,0.68,COMMUNITY,SUR-91639
LR-19379,FRA-19379,4.61,COMMUNITY,SUR-90122
LR-19380,FRA-19380,0.64,COMMUNITY,SUR-89599
LR-19381,FRA-19381,2.81,REVENUE,SUR-78861
LR-19382,FRA-19382,2.27,UNCLASSIFIED,SUR-46651
LR-19383,FRA-19383,2.93,FOREST,SUR-33810
LR-19384,FRA-19384,2.55,REVENUE,SUR-69377
LR-19385,FRA-19385,5.7,COMMUNITY,SUR-24965
LR-19386,FRA-19386,2.02,REVENUE,SUR-24261
LR-19387,FRA-19387,3.01,FOREST,SUR-29752
LR-19388,FRA-19388,5.69,REVENUE,SUR-82949
LR-19389,FRA-19389,3.13,FOREST,SUR-18613
LR-19390,FRA-19390,3.45,FOREST,SUR-84180
LR-19391,FRA-19391,7.42,UNCLASSIFIED,SUR-88391
LR-19392,FRA-19392,1.55,COMMUNITY,SUR-93733
LR-19393,FRA-19393,7.53,COMMUNITY,SUR-55081
LR-19394,FRA-19394,4.42,COMMUNITY,SUR-18373
LR-19395,FRA-19395,5.62,COMMUNITY,SUR-58342
LR-19396,FRA-19396,0.75,REVENUE,SUR-52716
LR-19397,FRA-19397,5.0,COMMUNITY,SUR-30825
LR-19398,FRA-19398,6.05,REVENUE,SUR-92516
LR-19399,FRA-19399,6.62,COMMUNITY,SUR-79552
LR-19400,FRA-19400,5.85,FOREST,SUR-58853
LR-19401,FRA-19401,1.75,COMMUNITY,SUR-41634
LR-19402,FRA-19402,4.18,REVENUE,SUR-35934
LR-19403,FRA-19403,8.03,FOREST,SUR-31832
LR-19404,FRA-19404,7.37,UNCLASSIFIED,SUR-48511
LR-19405,FRA-19405,4.89,FOREST,SUR-63034
LR-19406,FRA-19406,6.08,REVENUE,SUR-13416
LR-19407,FRA-19407,3.08,COMMUNITY,SUR-28270
LR-19408,FRA-19408,7.15,REVENUE,SUR-23457
LR-19409,FRA-19409,1.71,COMMUNITY,SUR-77576
LR-19410,FRA-19410,2.03,REVENUE,SUR-18937
LR-19411,FRA-19411,3.59,COMMUNITY,SUR-88657
LR-19412,FRA-19412,4.55,FOREST,SUR-50288
LR-19413,FRA-19413,6.58,COMMUNITY,SUR-27978
LR-19414,FRA-19414,1.43,FOREST,SUR-38132
LR-19415,FRA-19415,2.13,COMMUNITY,SUR-57647
LR-19416,FRA-19416,4.4,FOREST,SUR-60198
LR-19417,FRA-19417,1.77,COMMUNITY,SUR-74706
LR-19418,FRA-19418,3.43,COMMUNITY,SUR-10279
LR-19419,FRA-19419,3.45,REVENUE,SUR-85532
LR-19420,FRA-19420,6.25,REVENUE,SUR-29660
LR-19421,FRA-19421,2.71,FOREST,SUR-25246
LR-19422,FRA-19422,4.05,UNCLASSIFIED,SUR-39454
LR-19423,FRA-19423,4.6,COMMUNITY,SUR-17205
LR-19424,FRA-19424,5.58,UNCLASSIFIED,SUR-49554
LR-19425,FRA-19425,3.04,FOREST,SUR-27979
LR-19426,FRA-19426,1.09,FOREST,SUR-55198
LR-19427,FRA-19427,6.85,COMMUNITY,SUR-45282
LR-19428,FRA-19428,3.02,REVENUE,SUR-71830
LR-19429,FRA-19429,2.15,UNCLASSIFIED,SUR-20016
LR-19430,FRA-19430,4.89,COMMUNITY,SUR-42677
LR-19431,FRA-19431,7.16,REVENUE,SUR-40940
LR-19432,FRA-19432,6.06,UNCLASSIFIED,SUR-59564
LR-19433,FRA-19433,1.18,REVENUE,SUR-40934
LR-19434,FRA-19434,6.12,COMMUNITY,SUR-49434
LR-19435,FRA-19435,1.42,REVENUE,SUR-20714
LR-19436,FRA-19436,5.76,FOREST,SUR-92903
LR-19437,FRA-19437,0.72,COMMUNITY,SUR-15254
LR-19438,FRA-19438,2.52,REVENUE,SUR-29142
LR-19439,FRA-19439,5.24,COMMUNITY,SUR-87135
LR-19440,FRA-19440,4.46,REVENUE,SUR-73193
LR-19441,FRA-19441,6.92,FOREST,SUR-49588
LR-19442,FRA-19442,2.17,REVENUE,SUR-79809
LR-19443,FRA-19443,5.4,FOREST,SUR-34458
LR-19444,FRA-19444,2.03,COMMUNITY,SUR-32825
LR-19445,FRA-19445,4.38,COMMUNITY,SUR-62916
LR-19446,FRA-19446,4.89,FOREST,SUR-65630
LR-19447,FRA-19447,1.37,FOREST,SUR-14735
LR-19448,FRA-19448,3.89,FOREST,SUR-45148
LR-19449,FRA-19449,6.06,FOREST,SUR-42223
LR-19450,FRA-19450,3.92,UNCLASSIFIED,SUR-79548
LR-19451,FRA-19451,4.63,UNCLASSIFIED,SUR-59084
LR-19452,FRA-19452,2.66,UNCLASSIFIED,SUR-42726
LR-19453,FRA-19453,4.85,REVENUE,SUR-82593
LR-19454,FRA-19454,3.6,COMMUNITY,SUR-14298
LR-19455,FRA-19455,7.61,FOREST,SUR-16439
LR-19456,FRA-19456,5.98,FOREST,SUR-73817
LR-19457,FRA-19457,1.0,UNCLASSIFIED,SUR-34181
LR-19458,FRA-19458,7.84,FOREST,SUR-89144
LR-19459,FRA-19459,0.89,UNCLASSIFIED,SUR-70097
LR-19460,FRA-19460,1.97,FOREST,SUR-38737
LR-19461,FRA-19461,3.41,REVENUE,SUR-14367
LR-19462,FRA-19462,3.69,UNCLASSIFIED,SUR-10240
LR-19463,FRA-19463,7.48,COMMUNITY,SUR-33881
LR-19464,FRA-19464,6.38,FOREST,SUR-32635
LR-19465,FRA-19465,0.79,COMMUNITY,SUR-75105
LR-19466,FRA-19466,4.47,UNCLASSIFIED,SUR-11430
LR-19467,FRA-19467,6.5,COMMUNITY,SUR-96394
LR-19468,FRA-19468,3.41,REVENUE,SUR-37765
LR-19469,FRA-19469,1.79,FOREST,SUR-28192
LR-19470,FRA-19470,3.84,FOREST,SUR-88608
LR-19471,FRA-19471,5.15,COMMUNITY,SUR-25133
LR-19472,FRA-19472,2.35,FOREST,SUR-50808
LR-19473,FRA-19473,5.17,COMMUNITY,SUR-20638
LR-19474,FRA-19474,1.15,UNCLASSIFIED,SUR-63946
LR-19475,FRA-19475,6.61,COMMUNITY,SUR-65348
LR-19476,FRA-19476,3.32,FOREST,SUR-34216
LR-19477,FRA-19477,5.03,FOREST,SUR-90927
LR-19478,FRA-19478,1.1,COMMUNITY,SUR-98040
LR-19479,FRA-19479,3.56,COMMUNITY,SUR-43712
LR-19480,FRA-19480,1.43,FOREST,SUR-24074
LR-19481,FRA-19481,3.9,UNCLASSIFIED,SUR-26101
LR-19482,FRA-19482,6.49,COMMUNITY,SUR-97156
LR-19483,FRA-19483,6.32,REVENUE,SUR-64813
LR-19484,FRA-19484,3.85,COMMUNITY,SUR-55281
LR-19485,FRA-19485,5.24,UNCLASSIFIED,SUR-91793
LR-19486,FRA-19486,3.64,COMMUNITY,SUR-69982
LR-19487,FRA-19487,7.99,UNCLASSIFIED,SUR-93939
LR-19488,FRA-19488,7.06,COMMUNITY,SUR-16548
LR-19489,FRA-19489,1.27,UNCLASSIFIED,SUR-10037
LR-19490,FRA-19490,7.01,FOREST,SUR-17774
LR-19491,FRA-19491,2.94,FOREST,SUR-31753
LR-19492,FRA-19492,1.55,UNCLASSIFIED,SUR-39218
LR-19493,FRA-19493,5.93,FOREST,SUR-40207
LR-19494,FRA-19494,5.6,REVENUE,SUR-92317
LR-19495,FRA-19495,5.29,COMMUNITY,SUR-13263
LR-19496,FRA-19496,3.5,UNCLASSIFIED,SUR-59803
LR-19497,FRA-19497,4.61,COMMUNITY,SUR-29366
LR-19498,FRA-19498,7.53,COMMUNITY,SUR-90704
LR-19499,FRA-19499,5.72,REVENUE,SUR-37234
LR-19500,FRA-19500,2.05,COMMUNITY,SUR-27707
LR-19501,FRA-19501,0.89,UNCLASSIFIED,SUR-60975
LR-19502,FRA-19502,5.12,UNCLASSIFIED,SUR-43194
LR-19503,FRA-19503,0.58,UNCLASSIFIED,SUR-60190
LR-19504,FRA-19504,5.02,COMMUNITY,SUR-93472
LR-19505,FRA-19505,1.99,COMMUNITY,SUR-82124
LR-19506,FRA-19506,6.85,COMMUNITY,SUR-72643
LR-19507,FRA-19507,6.65,FOREST,SUR-15863
LR-19508,FRA-19508,6.32,REVENUE,SUR-19022
LR-19509,FRA-19509,1.0,COMMUNITY,SUR-64760
LR-19510,FRA-19510,5.52,REVENUE,SUR-81964
LR-19511,FRA-19511,7.71,UNCLASSIFIED,SUR-67350
LR-19512,FRA-19512,2.7,REVENUE,SUR-25233
LR-19513,FRA-19513,7.19,COMMUNITY,SUR-77027
LR-19514,FRA-19514,3.71,UNCLASSIFIED,SUR-26618
LR-19515,FRA-19515,5.96,UNCLASSIFIED,SUR-66981
LR-19516,FRA-19516,5.06,FOREST,SUR-19526
LR-19517,FRA-19517,4.23,FOREST,SUR-76659
LR-19518,FRA-19518,4.67,FOREST,SUR-52309
LR-19519,FRA-19519,7.07,COMMUNITY,SUR-73032
LR-19520,FRA-19520,2.84,UNCLASSIFIED,SUR-52407
LR-19521,FRA-19521,7.0,FOREST,SUR-66287
LR-19522,FRA-19522,6.0,COMMUNITY,SUR-21815
LR-19523,FRA-19523,2.74,REVENUE,SUR-28456
LR-19524,FRA-19524,4.02,UNCLASSIFIED,SUR-42834
LR-19525,FRA-19525,7.29,REVENUE,SUR-17593
LR-19526,FRA-19526,2.56,COMMUNITY,SUR-85067
LR-19527,FRA-19527,3.73,COMMUNITY,SUR-15906
LR-19528,FRA-19528,3.87,UNCLASSIFIED,SUR-46135
LR-19529,FRA-19529,5.5,UNCLASSIFIED,SUR-25639
LR-19530,FRA-19530,2.22,COMMUNITY,SUR-40861
LR-19531,FRA-19531,3.49,COMMUNITY,SUR-75613
LR-19532,FRA-19532,5.07,UNCLASSIFIED,SUR-89242
LR-19533,FRA-19533,3.51,UNCLASSIFIED,SUR-49866
LR-19534,FRA-19534,1.39,FOREST,SUR-80274
LR-19535,FRA-19535,2.15,FOREST,SUR-23589
LR-19536,FRA-19536,1.35,COMMUNITY,SUR-44320
LR-19537,FRA-19537,1.25,FOREST,SUR-40396
LR-19538,FRA-19538,1.2,REVENUE,SUR-42508
LR-19539,FRA-19539,6.81,UNCLASSIFIED,SUR-44850
LR-19540,FRA-19540,4.66,REVENUE,SUR-25636
LR-19541,FRA-19541,1.54,REVENUE,SUR-25641
LR-19542,FRA-19542,7.78,UNCLASSIFIED,SUR-53450
LR-19543,FRA-19543,4.83,FOREST,SUR-45971
LR-19544,FRA-19544,0.65,FOREST,SUR-45156
LR-19545,FRA-19545,2.11,COMMUNITY,SUR-95849
LR-19546,FRA-19546,2.23,FOREST,SUR-39417
LR-19547,FRA-19547,4.14,REVENUE,SUR-11270
LR-19548,FRA-19548,4.62,COMMUNITY,SUR-24775
LR-19549,FRA-19549,3.29,REVENUE,SUR-67507
LR-19550,FRA-19550,5.6,COMMUNITY,SUR-96822
LR-19551,FRA-19551,4.71,FOREST,SUR-13999
LR-19552,FRA-19552,7.28,REVENUE,SUR-57729
LR-19553,FRA-19553,7.45,REVENUE,SUR-10119
LR-19554,FRA-19554,4.0,UNCLASSIFIED,SUR-26729
LR-19555,FRA-19555,5.51,UNCLASSIFIED,SUR-98943
LR-19556,FRA-19556,3.8,FOREST,SUR-93245
LR-19557,FRA-19557,1.32,REVENUE,SUR-32697
LR-19558,FRA-19558,5.6,COMMUNITY,SUR-38939
LR-19559,FRA-19559,3.51,FOREST,SUR-89909
LR-19560,FRA-19560,1.63,COMMUNITY,SUR-82244
LR-19561,FRA-19561,1.1,FOREST,SUR-69890
LR-19562,FRA-19562,4.68,REVENUE,SUR-27759
LR-19563,FRA-19563,2.74,FOREST,SUR-83646
LR-19564,FRA-19564,5.48,COMMUNITY,SUR-27897
LR-19565,FRA-19565,1.22,UNCLASSIFIED,SUR-37383
LR-19566,FRA-19566,1.18,FOREST,SUR-76020
LR-19567,FRA-19567,1.05,UNCLASSIFIED,SUR-35962
LR-19568,FRA-19568,7.2,UNCLASSIFIED,SUR-68572
LR-19569,FRA-19569,7.7,REVENUE,SUR-92810
LR-19570,FRA-19570,4.85,FOREST,SUR-68614
LR-19571,FRA-19571,3.81,COMMUNITY,SUR-62549
LR-19572,FRA-19572,7.48,UNCLASSIFIED,SUR-89416
LR-19573,FRA-19573,7.03,UNCLASSIFIED,SUR-53559
LR-19574,FRA-19574,6.67,UNCLASSIFIED,SUR-59629
LR-19575,FRA-19575,3.89,COMMUNITY,SUR-54731
LR-19576,FRA-19576,3.43,REVENUE,SUR-63742
LR-19577,FRA-19577,1.11,COMMUNITY,SUR-54034
LR-19578,FRA-19578,0.48,REVENUE,SUR-78537
LR-19579,FRA-19579,7.22,COMMUNITY,SUR-78259
LR-19580,FRA-19580,7.25,COMMUNITY,SUR-20465
LR-19581,FRA-19581,6.44,COMMUNITY,SUR-50851
LR-19582,FRA-19582,3.58,COMMUNITY,SUR-75651
LR-19583,FRA-19583,3.09,REVENUE,SUR-10939
LR-19584,FRA-19584,4.21,REVENUE,SUR-60995
LR-19585,FRA-19585,7.61,REVENUE,SUR-84716
LR-19586,FRA-19586,3.03,UNCLASSIFIED,SUR-79371
LR-19587,FRA-19587,4.21,UNCLASSIFIED,SUR-60799
LR-19588,FRA-19588,3.23,COMMUNITY,SUR-62321
LR-19589,FRA-19589,0.82,COMMUNITY,SUR-63686
LR-19590,FRA-19590,6.47,UNCLASSIFIED,SUR-34663
LR-19591,FRA-19591,5.46,COMMUNITY,SUR-43648
LR-19592,FRA-19592,4.14,COMMUNITY,SUR-65193
LR-19593,FRA-19593,3.77,COMMUNITY,SUR-15202
LR-19594,FRA-19594,2.1,COMMUNITY,SUR-56836
LR-19595,FRA-19595,2.02,REVENUE,SUR-43978
LR-19596,FRA-19596,2.06,REVENUE,SUR-76084
LR-19597,FRA-19597,0.67,COMMUNITY,SUR-15112
LR-19598,FRA-19598,6.6,REVENUE,SUR-51000
LR-19599,FRA-19599,2.26,UNCLASSIFIED,SUR-57430
LR-19600,FRA-19600,7.69,FOREST,SUR-80934
LR-19601,FRA-19601,1.91,FOREST,SUR-80185
LR-19602,FRA-19602,2.71,UNCLASSIFIED,SUR-93958
LR-19603,FRA-19603,7.29,COMMUNITY,SUR-79753
LR-19604,FRA-19604,1.46,COMMUNITY,SUR-36275
LR-19605,FRA-19605,7.18,FOREST,SUR-21071
LR-19606,FRA-19606,5.53,COMMUNITY,SUR-11899
LR-19607,FRA-19607,5.3,COMMUNITY,SUR-53171
LR-19608,FRA-19608,1.74,REVENUE,SUR-18842
LR-19609,FRA-19609,4.02,REVENUE,SUR-19115
LR-19610,FRA-19610,3.67,COMMUNITY,SUR-59494
LR-19611,FRA-19611,2.09,FOREST,SUR-85333
LR-19612,FRA-19612,6.48,UNCLASSIFIED,SUR-47832
LR-19613,FRA-19613,5.29,COMMUNITY,SUR-10563
LR-19614,FRA-19614,4.84,FOREST,SUR-18208
LR-19615,FRA-19615,6.81,COMMUNITY,SUR-46574
LR-19616,FRA-19616,7.1,COMMUNITY,SUR-51758
LR-19617,FRA-19617,4.25,UNCLASSIFIED,SUR-59741
LR-19618,FRA-19618,2.08,UNCLASSIFIED,SUR-30027
LR-19619,FRA-19619,0.65,REVENUE,SUR-98325
LR-19620,FRA-19620,5.9,UNCLASSIFIED,SUR-76073
LR-19621,FRA-19621,6.46,COMMUNITY,SUR-11089
LR-19622,FRA-19622,4.89,UNCLASSIFIED,SUR-81348
LR-19623,FRA-19623,8.0,COMMUNITY,SUR-13502
LR-19624,FRA-19624,7.69,UNCLASSIFIED,SUR-36533
LR-19625,FRA-19625,1.54,UNCLASSIFIED,SUR-21103
LR-19626,FRA-19626,1.66,UNCLASSIFIED,SUR-77713
LR-19627,FRA-19627,4.24,FOREST,SUR-45001
LR-19628,FRA-19628,4.77,FOREST,SUR-35872
LR-19629,FRA-19629,2.26,FOREST,SUR-39619
LR-19630,FRA-19630,6.65,FOREST,SUR-46160
LR-19631,FRA-19631,2.51,UNCLASSIFIED,SUR-25749
LR-19632,FRA-19632,4.9,COMMUNITY,SUR-95225
LR-19633,FRA-19633,3.21,UNCLASSIFIED,SUR-35983
LR-19634,FRA-19634,1.99,FOREST,SUR-73126
LR-19635,FRA-19635,2.98,FOREST,SUR-66261
LR-19636,FRA-19636,0.95,FOREST,SUR-51665
LR-19637,FRA-19637,2.94,FOREST,SUR-17998
LR-19638,FRA-19638,6.74,REVENUE,SUR-49414
LR-19639,FRA-19639,0.83,UNCLASSIFIED,SUR-21282
LR-19640,FRA-19640,5.29,COMMUNITY,SUR-88592
LR-19641,FRA-19641,3.3,REVENUE,SUR-65135
LR-19642,FRA-19642,2.56,UNCLASSIFIED,SUR-94633
LR-19643,FRA-19643,3.78,REVENUE,SUR-82446
LR-19644,FRA-19644,1.13,UNCLASSIFIED,SUR-42428
LR-19645,FRA-19645,6.86,FOREST,SUR-93406
LR-19646,FRA-19646,1.27,UNCLASSIFIED,SUR-24073
LR-19647,FRA-19647,6.16,FOREST,SUR-13927
LR-19648,FRA-19648,4.07,REVENUE,SUR-81761
LR-19649,FRA-19649,2.14,REVENUE,SUR-67388
LR-19650,FRA-19650,0.9,UNCLASSIFIED,SUR-27893
LR-19651,FRA-19651,6.23,FOREST,SUR-21250
LR-19652,FRA-19652,1.08,COMMUNITY,SUR-10109
LR-19653,FRA-19653,3.96,FOREST,SUR-10176
LR-19654,FRA-19654,4.87,FOREST,SUR-15973
LR-19655,FRA-19655,5.23,REVENUE,SUR-19240
LR-19656,FRA-19656,3.93,REVENUE,SUR-59246
LR-19657,FRA-19657,1.81,UNCLASSIFIED,SUR-45859
LR-19658,FRA-19658,4.82,FOREST,SUR-80397
LR-19659,FRA-19659,4.09,REVENUE,SUR-73661
LR-19660,FRA-19660,6.91,REVENUE,SUR-80160
LR-19661,FRA-19661,4.02,COMMUNITY,SUR-47487
LR-19662,FRA-19662,7.62,REVENUE,SUR-30599
LR-19663,FRA-19663,5.69,COMMUNITY,SUR-53580
LR-19664,FRA-19664,7.11,COMMUNITY,SUR-52601
LR-19665,FRA-19665,4.77,COMMUNITY,SUR-87040
LR-19666,FRA-19666,3.47,COMMUNITY,SUR-22923
LR-19667,FRA-19667,4.12,REVENUE,SUR-89258
LR-19668,FRA-19668,7.45,REVENUE,SUR-87324
LR-19669,FRA-19669,7.14,COMMUNITY,SUR-11189
LR-19670,FRA-19670,4.95,COMMUNITY,SUR-78131
LR-19671,FRA-19671,3.99,FOREST,SUR-43745
LR-19672,FRA-19672,2.15,REVENUE,SUR-95264
LR-19673,FRA-19673,7.15,FOREST,SUR-46807
LR-19674,FRA-19674,2.43,COMMUNITY,SUR-11850
LR-19675,FRA-19675,5.66,FOREST,SUR-40312
LR-19676,FRA-19676,6.76,UNCLASSIFIED,SUR-73912
LR-19677,FRA-19677,8.02,UNCLASSIFIED,SUR-23159
LR-19678,FRA-19678,3.19,REVENUE,SUR-33072
LR-19679,FRA-19679,2.74,UNCLASSIFIED,SUR-88462
LR-19680,FRA-19680,7.55,COMMUNITY,SUR-96385
LR-19681,FRA-19681,4.89,FOREST,SUR-72359
LR-19682,FRA-19682,0.51,REVENUE,SUR-40182
LR-19683,FRA-19683,6.1,COMMUNITY,SUR-60550
LR-19684,FRA-19684,2.42,FOREST,SUR-60520
LR-19685,FRA-19685,6.88,FOREST,SUR-95413
LR-19686,FRA-19686,7.26,FOREST,SUR-51720
LR-19687,FRA-19687,6.32,COMMUNITY,SUR-96746
LR-19688,FRA-19688,5.01,FOREST,SUR-19109
LR-19689,FRA-19689,4.2,FOREST,SUR-25792
LR-19690,FRA-19690,5.96,REVENUE,SUR-25397
LR-19691,FRA-19691,6.78,COMMUNITY,SUR-37409
LR-19692,FRA-19692,1.48,FOREST,SUR-23543
LR-19693,FRA-19693,0.78,UNCLASSIFIED,SUR-57527
LR-19694,FRA-19694,5.08,FOREST,SUR-15198
LR-19695,FRA-19695,1.84,UNCLASSIFIED,SUR-34408
LR-19696,FRA-19696,4.16,COMMUNITY,SUR-63588
LR-19697,FRA-19697,2.72,FOREST,SUR-21607
LR-19698,FRA-19698,4.23,COMMUNITY,SUR-57739
LR-19699,FRA-19699,3.86,UNCLASSIFIED,SUR-11393
LR-19700,FRA-19700,7.18,FOREST,SUR-23716
LR-19701,FRA-19701,0.78,COMMUNITY,SUR-54472
LR-19702,FRA-19702,3.24,FOREST,SUR-83351
LR-19703,FRA-19703,8.07,COMMUNITY,SUR-59006
LR-19704,FRA-19704,7.27,FOREST,SUR-31388
LR-19705,FRA-19705,6.92,UNCLASSIFIED,SUR-34847
LR-19706,FRA-19706,3.87,FOREST,SUR-86421
LR-19707,FRA-19707,3.03,UNCLASSIFIED,SUR-96422
LR-19708,FRA-19708,5.36,FOREST,SUR-28997
LR-19709,FRA-19709,1.19,FOREST,SUR-56030
LR-19710,FRA-19710,6.32,COMMUNITY,SUR-79730
LR-19711,FRA-19711,2.19,REVENUE,SUR-36170
LR-19712,FRA-19712,4.65,UNCLASSIFIED,SUR-37469
LR-19713,FRA-19713,4.59,FOREST,SUR-16073
LR-19714,FRA-19714,4.07,FOREST,SUR-77204
LR-19715,FRA-19715,7.19,COMMUNITY,SUR-69218
LR-19716,FRA-19716,2.61,FOREST,SUR-43170
LR-19717,FRA-19717,6.79,REVENUE,SUR-56542
LR-19718,FRA-19718,5.36,REVENUE,SUR-56885
LR-19719,FRA-19719,8.33,COMMUNITY,SUR-80028
LR-19720,FRA-19720,5.68,FOREST,SUR-51027
LR-19721,FRA-19721,6.53,REVENUE,SUR-40453
LR-19722,FRA-19722,5.29,UNCLASSIFIED,SUR-81547
LR-19723,FRA-19723,2.85,UNCLASSIFIED,SUR-86319
LR-19724,FRA-19724,2.57,REVENUE,SUR-93915
LR-19725,FRA-19725,7.56,FOREST,SUR-32826
LR-19726,FRA-19726,1.46,REVENUE,SUR-24960
LR-19727,FRA-19727,2.21,REVENUE,SUR-67227
LR-19728,FRA-19728,8.1,FOREST,SUR-74157
LR-19729,FRA-19729,1.54,COMMUNITY,SUR-89083
LR-19730,FRA-19730,2.98,UNCLASSIFIED,SUR-93707
LR-19731,FRA-19731,1.1,UNCLASSIFIED,SUR-99025
LR-19732,FRA-19732,6.44,REVENUE,SUR-39447
LR-19733,FRA-19733,3.84,FOREST,SUR-73733
LR-19734,FRA-19734,1.07,REVENUE,SUR-68979
LR-19735,FRA-19735,6.26,UNCLASSIFIED,SUR-91230
LR-19736,FRA-19736,4.83,FOREST,SUR-48717
LR-19737,FRA-19737,7.36,UNCLASSIFIED,SUR-46118
LR-19738,FRA-19738,1.94,UNCLASSIFIED,SUR-76108
LR-19739,FRA-19739,3.97,FOREST,SUR-51860
LR-19740,FRA-19740,4.16,FOREST,SUR-79738
LR-19741,FRA-19741,3.03,FOREST,SUR-95262
LR-19742,FRA-19742,6.94,UNCLASSIFIED,SUR-13622
LR-19743,FRA-19743,5.53,COMMUNITY,SUR-83121
LR-19744,FRA-19744,4.99,COMMUNITY,SUR-59214
LR-19745,FRA-19745,5.77,FOREST,SUR-98186
LR-19746,FRA-19746,3.25,FOREST,SUR-21635
LR-19747,FRA-19747,3.64,COMMUNITY,SUR-29080
LR-19748,FRA-19748,4.97,UNCLASSIFIED,SUR-29845
LR-19749,FRA-19749,1.99,FOREST,SUR-51673
LR-19750,FRA-19750,5.39,COMMUNITY,SUR-96013
LR-19751,FRA-19751,2.69,COMMUNITY,SUR-53704
LR-19752,FRA-19752,7.4,COMMUNITY,SUR-10229
LR-19753,FRA-19753,5.89,REVENUE,SUR-86132
LR-19754,FRA-19754,6.44,COMMUNITY,SUR-71279
LR-19755,FRA-19755,0.64,UNCLASSIFIED,SUR-75179
LR-19756,FRA-19756,2.52,UNCLASSIFIED,SUR-97817
LR-19757,FRA-19757,5.03,FOREST,SUR-75670
LR-19758,FRA-19758,0.76,UNCLASSIFIED,SUR-65031
LR-19759,FRA-19759,5.4,COMMUNITY,SUR-83044
LR-19760,FRA-19760,1.06,COMMUNITY,SUR-56237
LR-19761,FRA-19761,6.67,UNCLASSIFIED,SUR-26437
LR-19762,FRA-19762,2.45,COMMUNITY,SUR-70688
LR-19763,FRA-19763,5.0,FOREST,SUR-55852
LR-19764,FRA-19764,3.54,FOREST,SUR-16266
LR-19765,FRA-19765,5.89,UNCLASSIFIED,SUR-78701
LR-19766,FRA-19766,5.36,COMMUNITY,SUR-64193
LR-19767,FRA-19767,5.57,REVENUE,SUR-45138
LR-19768,FRA-19768,6.2,REVENUE,SUR-65520
LR-19769,FRA-19769,0.65,REVENUE,SUR-92958
LR-19770,FRA-19770,1.07,UNCLASSIFIED,SUR-54541
LR-19771,FRA-19771,4.11,UNCLASSIFIED,SUR-25111
LR-19772,FRA-19772,4.28,FOREST,SUR-40636
LR-19773,FRA-19773,8.0,FOREST,SUR-99241
LR-19774,FRA-19774,5.75,REVENUE,SUR-99038
LR-19775,FRA-19775,0.65,COMMUNITY,SUR-18605
LR-19776,FRA-19776,5.73,FOREST,SUR-68444
LR-19777,FRA-19777,6.8,REVENUE,SUR-21526
LR-19778,FRA-19778,4.05,FOREST,SUR-44368
LR-19779,FRA-19779,6.26,COMMUNITY,SUR-35030
LR-19780,FRA-19780,6.72,COMMUNITY,SUR-35906
LR-19781,FRA-19781,5.56,FOREST,SUR-10797
LR-19782,FRA-19782,2.57,FOREST,SUR-35031
LR-19783,FRA-19783,7.28,FOREST,SUR-23158
LR-19784,FRA-19784,5.3,FOREST,SUR-64251
LR-19785,FRA-19785,2.81,REVENUE,SUR-27550
LR-19786,FRA-19786,1.88,UNCLASSIFIED,SUR-66656
LR-19787,FRA-19787,3.71,COMMUNITY,SUR-12614
LR-19788,FRA-19788,3.34,FOREST,SUR-97071
LR-19789,FRA-19789,4.64,FOREST,SUR-29151
LR-19790,FRA-19790,2.67,COMMUNITY,SUR-68702
LR-19791,FRA-19791,1.7,FOREST,SUR-35528
LR-19792,FRA-19792,5.11,UNCLASSIFIED,SUR-89985
LR-19793,FRA-19793,0.68,COMMUNITY,SUR-26203
LR-19794,FRA-19794,4.47,REVENUE,SUR-86148
LR-19795,FRA-19795,6.35,FOREST,SUR-67917
LR-19796,FRA-19796,6.05,FOREST,SUR-67343
LR-19797,FRA-19797,5.7,REVENUE,SUR-57202
LR-19798,FRA-19798,2.34,FOREST,SUR-81807
LR-19799,FRA-19799,2.78,FOREST,SUR-86538
LR-19800,FRA-19800,1.86,UNCLASSIFIED,SUR-60025
LR-19801,FRA-19801,6.93,FOREST,SUR-85987
LR-19802,FRA-19802,2.03,FOREST,SUR-86307
LR-19803,FRA-19803,5.5,UNCLASSIFIED,SUR-49543
LR-19804,FRA-19804,6.46,COMMUNITY,SUR-37239
LR-19805,FRA-19805,0.61,REVENUE,SUR-78550
LR-19806,FRA-19806,6.74,FOREST,SUR-16533
LR-19807,FRA-19807,7.42,FOREST,SUR-26806
LR-19808,FRA-19808,2.01,REVENUE,SUR-87312
LR-19809,FRA-19809,6.08,COMMUNITY,SUR-83348
LR-19810,FRA-19810,3.17,REVENUE,SUR-88522
LR-19811,FRA-19811,1.36,COMMUNITY,SUR-12735
LR-19812,FRA-19812,3.31,UNCLASSIFIED,SUR-76197
LR-19813,FRA-19813,8.29,FOREST,SUR-83209
LR-19814,FRA-19814,7.34,REVENUE,SUR-94104
LR-19815,FRA-19815,2.33,REVENUE,SUR-20644
LR-19816,FRA-19816,6.6,REVENUE,SUR-38180
LR-19817,FRA-19817,2.5,COMMUNITY,SUR-75834
LR-19818,FRA-19818,6.66,UNCLASSIFIED,SUR-36911
LR-19819,FRA-19819,5.66,COMMUNITY,SUR-36656
LR-19820,FRA-19820,4.36,REVENUE,SUR-42219
LR-19821,FRA-19821,3.25,COMMUNITY,SUR-68204
LR-19822,FRA-19822,6.32,COMMUNITY,SUR-39027
LR-19823,FRA-19823,1.17,FOREST,SUR-50011
LR-19824,FRA-19824,4.04,UNCLASSIFIED,SUR-51297
LR-19825,FRA-19825,4.92,REVENUE,SUR-22078
LR-19826,FRA-19826,7.83,FOREST,SUR-28395
LR-19827,FRA-19827,0.71,FOREST,SUR-89843
LR-19828,FRA-19828,3.42,FOREST,SUR-78938
LR-19829,FRA-19829,4.07,REVENUE,SUR-60585
LR-19830,FRA-19830,7.6,REVENUE,SUR-35764
LR-19831,FRA-19831,0.76,COMMUNITY,SUR-82544
LR-19832,FRA-19832,1.47,UNCLASSIFIED,SUR-82842
LR-19833,FRA-19833,1.27,REVENUE,SUR-14309
LR-19834,FRA-19834,1.21,UNCLASSIFIED,SUR-89333
LR-19835,FRA-19835,4.36,COMMUNITY,SUR-12281
LR-19836,FRA-19836,2.56,UNCLASSIFIED,SUR-37978
LR-19837,FRA-19837,4.63,FOREST,SUR-22302
LR-19838,FRA-19838,6.3,COMMUNITY,SUR-27437
LR-19839,FRA-19839,3.73,UNCLASSIFIED,SUR-47341
LR-19840,FRA-19840,3.0,REVENUE,SUR-93070
LR-19841,FRA-19841,7.65,UNCLASSIFIED,SUR-95161
LR-19842,FRA-19842,4.27,UNCLASSIFIED,SUR-11097
LR-19843,FRA-19843,1.03,COMMUNITY,SUR-91104
LR-19844,FRA-19844,2.28,COMMUNITY,SUR-72032
LR-19845,FRA-19845,7.85,FOREST,SUR-12184
LR-19846,FRA-19846,1.4,REVENUE,SUR-26187
LR-19847,FRA-19847,4.28,FOREST,SUR-56818
LR-19848,FRA-19848,6.98,REVENUE,SUR-96186
LR-19849,FRA-19849,2.51,COMMUNITY,SUR-69469
LR-19850,FRA-19850,2.31,REVENUE,SUR-96080
LR-19851,FRA-19851,4.14,UNCLASSIFIED,SUR-38965
LR-19852,FRA-19852,6.65,REVENUE,SUR-73538
LR-19853,FRA-19853,0.81,REVENUE,SUR-53568
LR-19854,FRA-19854,4.16,REVENUE,SUR-30679
LR-19855,FRA-19855,6.37,COMMUNITY,SUR-25234
LR-19856,FRA-19856,6.68,REVENUE,SUR-33860
LR-19857,FRA-19857,3.09,REVENUE,SUR-57811
LR-19858,FRA-19858,3.89,UNCLASSIFIED,SUR-10228
LR-19859,FRA-19859,2.47,COMMUNITY,SUR-15535
LR-19860,FRA-19860,8.1,FOREST,SUR-68547
LR-19861,FRA-19861,4.83,REVENUE,SUR-55941
LR-19862,FRA-19862,3.81,REVENUE,SUR-72083
LR-19863,FRA-19863,5.12,REVENUE,SUR-76941
LR-19864,FRA-19864,0.98,UNCLASSIFIED,SUR-12170
LR-19865,FRA-19865,1.59,FOREST,SUR-70830
LR-19866,FRA-19866,4.13,UNCLASSIFIED,SUR-92494
LR-19867,FRA-19867,0.92,FOREST,SUR-68872
LR-19868,FRA-19868,7.11,COMMUNITY,SUR-94627
LR-19869,FRA-19869,6.74,COMMUNITY,SUR-84308
LR-19870,FRA-19870,5.12,REVENUE,SUR-19406
LR-19871,FRA-19871,2.13,FOREST,SUR-15992
LR-19872,FRA-19872,1.96,REVENUE,SUR-51696
LR-19873,FRA-19873,1.81,UNCLASSIFIED,SUR-32215
LR-19874,FRA-19874,2.86,COMMUNITY,SUR-82484
LR-19875,FRA-19875,5.8,FOREST,SUR-40031
LR-19876,FRA-19876,4.92,REVENUE,SUR-95921
LR-19877,FRA-19877,7.5,FOREST,SUR-68715
LR-19878,FRA-19878,5.3,REVENUE,SUR-43855
LR-19879,FRA-19879,5.84,REVENUE,SUR-20029
LR-19880,FRA-19880,4.51,UNCLASSIFIED,SUR-86165
LR-19881,FRA-19881,3.21,REVENUE,SUR-41969
LR-19882,FRA-19882,1.25,FOREST,SUR-80229
LR-19883,FRA-19883,3.48,REVENUE,SUR-60456
LR-19884,FRA-19884,4.57,COMMUNITY,SUR-23903
LR-19885,FRA-19885,1.62,FOREST,SUR-29840
LR-19886,FRA-19886,2.51,COMMUNITY,SUR-10280
LR-19887,FRA-19887,7.71,REVENUE,SUR-77300
LR-19888,FRA-19888,6.5,COMMUNITY,SUR-42538
LR-19889,FRA-19889,1.53,REVENUE,SUR-86918
LR-19890,FRA-19890,4.08,UNCLASSIFIED,SUR-16857
LR-19891,FRA-19891,3.68,FOREST,SUR-79189
LR-19892,FRA-19892,4.65,FOREST,SUR-57984
LR-19893,FRA-19893,4.28,COMMUNITY,SUR-12574
LR-19894,FRA-19894,3.5,REVENUE,SUR-90315
LR-19895,FRA-19895,3.81,UNCLASSIFIED,SUR-57873
LR-19896,FRA-19896,1.94,UNCLASSIFIED,SUR-28643
LR-19897,FRA-19897,3.21,UNCLASSIFIED,SUR-36421
LR-19898,FRA-19898,5.87,UNCLASSIFIED,SUR-50376
LR-19899,FRA-19899,0.84,COMMUNITY,SUR-59478
LR-19900,FRA-19900,4.22,COMMUNITY,SUR-16011
LR-19901,FRA-19901,5.54,REVENUE,SUR-63178
LR-19902,FRA-19902,2.36,REVENUE,SUR-43014
LR-19903,FRA-19903,5.51,UNCLASSIFIED,SUR-71781
LR-19904,FRA-19904,4.19,COMMUNITY,SUR-49604
LR-19905,FRA-19905,6.34,REVENUE,SUR-70559
LR-19906,FRA-19906,4.92,REVENUE,SUR-11799
LR-19907,FRA-19907,2.48,COMMUNITY,SUR-18416
LR-19908,FRA-19908,6.43,REVENUE,SUR-33850
LR-19909,FRA-19909,4.75,COMMUNITY,SUR-20320
LR-19910,FRA-19910,1.63,REVENUE,SUR-13867
LR-19911,FRA-19911,6.14,REVENUE,SUR-84442
LR-19912,FRA-19912,1.8,FOREST,SUR-61426
LR-19913,FRA-19913,2.44,UNCLASSIFIED,SUR-85940
LR-19914,FRA-19914,3.49,UNCLASSIFIED,SUR-74443
LR-19915,FRA-19915,3.85,UNCLASSIFIED,SUR-41049
LR-19916,FRA-19916,4.89,REVENUE,SUR-28466
LR-19917,FRA-19917,2.59,UNCLASSIFIED,SUR-13909
LR-19918,FRA-19918,4.19,REVENUE,SUR-81024
LR-19919,FRA-19919,4.63,REVENUE,SUR-70342
LR-19920,FRA-19920,1.74,UNCLASSIFIED,SUR-21852
LR-19921,FRA-19921,1.65,UNCLASSIFIED,SUR-30437
LR-19922,FRA-19922,6.95,REVENUE,SUR-58239
LR-19923,FRA-19923,3.25,REVENUE,SUR-78320
LR-19924,FRA-19924,6.69,FOREST,SUR-35227
LR-19925,FRA-19925,5.01,FOREST,SUR-28191
LR-19926,FRA-19926,7.69,REVENUE,SUR-68540
LR-19927,FRA-19927,5.06,REVENUE,SUR-80154
LR-19928,FRA-19928,5.12,FOREST,SUR-16817
LR-19929,FRA-19929,1.15,COMMUNITY,SUR-54139
LR-19930,FRA-19930,4.21,UNCLASSIFIED,SUR-96399
LR-19931,FRA-19931,6.91,REVENUE,SUR-75239
LR-19932,FRA-19932,2.73,FOREST,SUR-49977
LR-19933,FRA-19933,7.45,COMMUNITY,SUR-11161
LR-19934,FRA-19934,7.25,COMMUNITY,SUR-50538
LR-19935,FRA-19935,5.98,UNCLASSIFIED,SUR-39059
LR-19936,FRA-19936,3.27,REVENUE,SUR-66212
LR-19937,FRA-19937,7.6,REVENUE,SUR-78368
LR-19938,FRA-19938,6.18,REVENUE,SUR-55217
LR-19939,FRA-19939,0.54,REVENUE,SUR-38210
LR-19940,FRA-19940,3.15,FOREST,SUR-33512
LR-19941,FRA-19941,2.97,UNCLASSIFIED,SUR-97295
LR-19942,FRA-19942,1.53,REVENUE,SUR-83300
LR-19943,FRA-19943,6.18,UNCLASSIFIED,SUR-61755
LR-19944,FRA-19944,1.3,COMMUNITY,SUR-28292
LR-19945,FRA-19945,1.99,COMMUNITY,SUR-83822
LR-19946,FRA-19946,7.65,UNCLASSIFIED,SUR-42660
LR-19947,FRA-19947,4.53,COMMUNITY,SUR-74239
LR-19948,FRA-19948,1.68,FOREST,SUR-27706
LR-19949,FRA-19949,7.82,FOREST,SUR-43092
LR-19950,FRA-19950,6.42,FOREST,SUR-24567
LR-19951,FRA-19951,4.15,COMMUNITY,SUR-28630
LR-19952,FRA-19952,0.84,COMMUNITY,SUR-12079
LR-19953,FRA-19953,3.99,FOREST,SUR-31663
LR-19954,FRA-19954,1.36,REVENUE,SUR-86116
LR-19955,FRA-19955,7.29,COMMUNITY,SUR-67201
LR-19956,FRA-19956,2.08,FOREST,SUR-43678
LR-19957,FRA-19957,6.46,FOREST,SUR-43045
LR-19958,FRA-19958,3.68,FOREST,SUR-65799
LR-19959,FRA-19959,7.12,FOREST,SUR-15306
LR-19960,FRA-19960,2.3,UNCLASSIFIED,SUR-63044
LR-19961,FRA-19961,4.45,FOREST,SUR-46620
LR-19962,FRA-19962,5.67,FOREST,SUR-69059
LR-19963,FRA-19963,3.04,FOREST,SUR-78268
LR-19964,FRA-19964,3.43,FOREST,SUR-48790
LR-19965,FRA-19965,0.93,REVENUE,SUR-75139
LR-19966,FRA-19966,7.14,UNCLASSIFIED,SUR-88884
LR-19967,FRA-19967,5.09,COMMUNITY,SUR-73179
LR-19968,FRA-19968,2.98,FOREST,SUR-85104
LR-19969,FRA-19969,2.34,UNCLASSIFIED,SUR-36059
LR-19970,FRA-19970,5.57,COMMUNITY,SUR-51597
LR-19971,FRA-19971,6.9,REVENUE,SUR-73486
LR-19972,FRA-19972,2.71,UNCLASSIFIED,SUR-99898
LR-19973,FRA-19973,4.32,COMMUNITY,SUR-27938
LR-19974,FRA-19974,5.47,COMMUNITY,SUR-99368
LR-19975,FRA-19975,7.13,UNCLASSIFIED,SUR-19009
LR-19976,FRA-19976,5.16,COMMUNITY,SUR-66374
LR-19977,FRA-19977,6.08,FOREST,SUR-49186
LR-19978,FRA-19978,1.39,UNCLASSIFIED,SUR-31288
LR-19979,FRA-19979,0.81,REVENUE,SUR-36017
LR-19980,FRA-19980,1.87,UNCLASSIFIED,SUR-86421
LR-19981,FRA-19981,2.32,REVENUE,SUR-73034
LR-19982,FRA-19982,1.55,COMMUNITY,SUR-66234
LR-19983,FRA-19983,5.93,FOREST,SUR-14081
LR-19984,FRA-19984,2.72,REVENUE,SUR-52501
LR-19985,FRA-19985,6.82,FOREST,SUR-38282
LR-19986,FRA-19986,5.73,REVENUE,SUR-86029
LR-19987,FRA-19987,4.57,FOREST,SUR-61602
LR-19988,FRA-19988,2.79,FOREST,SUR-59119
LR-19989,FRA-19989,6.18,FOREST,SUR-87268
LR-19990,FRA-19990,3.66,FOREST,SUR-94432
LR-19991,FRA-19991,5.83,UNCLASSIFIED,SUR-72484
LR-19992,FRA-19992,5.98,UNCLASSIFIED,SUR-27607
LR-19993,FRA-19993,4.64,COMMUNITY,SUR-70611
LR-19994,FRA-19994,3.66,COMMUNITY,SUR-60515
LR-19995,FRA-19995,6.48,FOREST,SUR-17493
LR-19996,FRA-19996,7.82,COMMUNITY,SUR-78413
LR-19997,FRA-19997,4.98,REVENUE,SUR-32244
LR-19998,FRA-19998,6.45,UNCLASSIFIED,SUR-99682
LR-19999,FRA-19999,6.14,UNCLASSIFIED,SUR-77841
